,appName,coreF,memF,argNo,kernel,time/ms,blocks,warps,achieved_occupancy,warp_execution_efficiency,sm_activity,eligible_warps_per_cycle,branch_efficiency,cf_executed,gld_throughput,gld_transactions,gld_transactions_per_request,gst_throughput,gst_transactions,gst_transactions_per_request,global_hit_rate,dram_read_transactions,dram_read_throughput,dram_write_transactions,dram_write_throughput,l2_read_transactions,l2_read_throughput,l2_write_transactions,l2_write_throughput,shared_load_transactions,shared_load_throughput,shared_load_transactions_per_request,shared_store_transactions,shared_store_throughput,shared_store_transactions_per_request,l2_tex_read_throughput,l2_tex_read_transactions,l2_tex_write_throughput,l2_tex_write_throughput.1,tex_cache_hit_rate,tex_cache_throughput,tex_cache_transactions,flop_count_dp,flop_count_dp_fma,flop_count_sp,flop_count_sp_fma,flop_count_sp_special,inst_integer,inst_fp_32,inst_fp_64,inst_executed,inst_per_warp,executed_ipc,power/W
3,BlackScholes,607,715,input00,BlackScholesGPU,2.4541,(224000 1 1) (128 1 1),896000.0,0.9291370000000001,1.0,0.9968,3.541295,1.0,15232000,280.53,21504000,8.0,93.52,7168000,4.0,0.5,10752137,139.8,9021449,117.65,14336296,187.2,11362202,148.37,0,0.0,0.0,0,0.0,0.0,186.76,14336000,140.07,140.79,0.5,187.72,14336000,0,0,2907099420.0,974848000,258048000,716800000.0,2505691420,0,147840000,165.0,1.882452,91.64427966101697
4,BlackScholes,810,715,input00,BlackScholesGPU,1.8514,(224000 1 1) (128 1 1),896000.0,0.9179200000000001,1.0,0.9965,3.449929,1.0,15232000,365.87,21504000,8.0,121.93,7168000,4.0,0.5,10752191,182.64,8622464,146.47,14336284,243.35,11228676,190.6,0,0.0,0.0,0,0.0,0.0,243.85,14336000,182.89,182.82,0.5,243.75,14336000,0,0,2907099420.0,974848000,258048000,716800000.0,2505691420,0,147840000,165.0,1.8499259999999997,109.25284255319148
0,BlackScholes,1012,715,input00,BlackScholesGPU,1.4961,(224000 1 1) (128 1 1),896000.0,0.921277,1.0,0.9968,3.3357080000000003,1.0,15232000,444.85,21504000,8.0,148.46,7168000,4.0,0.5,10752160,222.08,8548111,175.89,14336224,296.24,11181839,231.06,0,0.0,0.0,0,0.0,0.0,296.98,14336000,222.74,222.6,0.5,296.81,14336000,0,0,2907099420.0,974848000,258048000,716800000.0,2505691420,0,147840000,165.0,1.802789,128.09426609442062
1,BlackScholes,1202,715,input00,BlackScholesGPU,1.3157,(224000 1 1) (128 1 1),896000.0,0.917689,1.0,0.9956,3.104107,1.0,15232000,498.0,21504000,8.0,165.98,7168000,4.0,0.5,10752115,248.3,8036356,185.52,14336226,331.67,11055643,255.77,0,0.0,0.0,0,0.0,0.0,332.32,14336000,249.24,249.55,0.5,332.74,14336000,0,0,2907099420.0,974848000,258048000,716800000.0,2505691420,0,147840000,165.0,1.703122,151.95567796610166
2,BlackScholes,1328,715,input00,BlackScholesGPU,1.2569,(224000 1 1) (128 1 1),896000.0,0.9167370000000001,1.0,0.9969,2.942679,1.0,15232000,519.01,21504000,8.0,172.82,7168000,4.0,0.5,10752123,258.85,8031858,193.29,14336350,345.59,11031447,265.92,0,0.0,0.0,0,0.0,0.0,346.4,14336000,259.8,260.16,0.5,346.89,14336000,0,0,2907099420.0,974848000,258048000,716800000.0,2505691420,0,147840000,165.0,1.618366,192.04297872340427
8,SobolQRNG,607,715,input00,sobolGPU_kernel,1.4884,(1 1000 1) (64 1 1),2000.0,0.48701400000000006,1.0,0.9881,2.7353520000000002,1.0,4123000,0.16308,8000,8.0,326.31,16384000,4.0,0.5,3758,0.076294,16802215,338.14,4193,0.08678400000000001,16922255,340.06,4108000,328.72,1.0,1000,0.081062,1.0,0.081062,4000,328.22,328.22,0.5,0.081062,4000,0,0,131072000.0,0,0,1838208000.0,131072000,0,86187000,43094.0,1.693891,82.20322784810126
9,SobolQRNG,810,715,input00,sobolGPU_kernel,1.2815,(1 1000 1) (64 1 1),2000.0,0.5205489999999999,1.0,0.9497,2.31118,1.0,4123000,0.18787,8000,8.0,378.81,16384000,4.0,0.5,3606,0.08297,16752020,369.5,4278,0.094414,16725186,369.95,4108000,380.22,1.0,1000,0.09346,1.0,0.089645,4000,363.34,362.69,0.5,0.089645,4000,0,0,131072000.0,0,0,1838208000.0,131072000,0,86187000,43094.0,1.552663,91.76044375
5,SobolQRNG,1012,715,input00,sobolGPU_kernel,1.2026,(1 1000 1) (64 1 1),2000.0,0.5379,1.0,0.9386,1.903627,1.0,4123000,0.20123,8000,8.0,404.27,16384000,4.0,0.5,3750,0.09346,16746625,406.23,4300,0.103,16554890,403.64,4108000,405.26,1.0,1000,0.10013999999999999,1.0,0.099182,4000,399.66,401.81,0.5,0.099182,4000,0,0,131072000.0,0,0,1838208000.0,131072000,0,86187000,43094.0,1.332294,97.55057594936709
6,SobolQRNG,1202,715,input00,sobolGPU_kernel,1.1581,(1 1000 1) (64 1 1),2000.0,0.541447,1.0,0.9404,1.65684,1.0,4123000,0.20885,8000,8.0,419.18,16384000,4.0,0.5,3020,0.07724800000000001,16657755,424.68,4248,0.10872000000000001,16575754,423.75,4108000,420.78,1.0,1000,0.10395,1.0,0.1049,4000,421.89,422.15,0.5,0.1049,4000,0,0,131072000.0,0,0,1838208000.0,131072000,0,86187000,43094.0,1.1664889999999999,111.2616
7,SobolQRNG,1328,715,input00,sobolGPU_kernel,1.1366,(1 1000 1) (64 1 1),2000.0,0.5430020000000001,1.0,0.9405,1.499871,1.0,4123000,0.21361999999999998,8000,8.0,426.24,16384000,4.0,0.5,2771,0.072479,16678981,437.3,4173,0.11158,16392206,432.22,4108000,429.43,1.0,1000,0.10586,1.0,0.10777,4000,433.63,433.12,0.5,0.10777,4000,0,0,131072000.0,0,0,1838208000.0,131072000,0,86187000,43094.0,1.0825069999999999,134.46849375000002
13,backpropBackward,607,715,input00,bpnn_adjust_weights_cuda,0.4244,(1 32768 1) (16 16 1),262144.0,0.939566,1.0,0.9846,1.9420939999999998,1.0,786433,1012.7,14811161,8.07142,179.07,2621446,4.999992,0.8377,2292615,157.59,2233564,152.77,2404812,164.03,2621459,178.82,0,0.0,0.0,0,0.0,0.0,164.24,2404417,179.07,179.6,0.7461,502.87,7340042,75497584,16777248,0.0,0,0,184549488.0,0,58720336,16515100,63.00010699999999,1.113305,81.18432484076432
14,backpropBackward,810,715,input00,bpnn_adjust_weights_cuda,0.39437,(1 32768 1) (16 16 1),262144.0,0.942945,1.0,0.9841,1.570691,1.0,786433,1134.7,14811161,8.07142,200.23,2621446,4.999992,0.8378,2292619,175.6,2233766,170.64,2401880,184.37,2621459,201.2,0,0.0,0.0,0,0.0,0.0,183.9,2401944,200.7,200.94,0.7462000000000001,562.65,7340042,75497584,16777248,0.0,0,0,184549488.0,0,58720336,16515100,63.00010699999999,0.938594,87.51926623376622
10,backpropBackward,1012,715,input00,bpnn_adjust_weights_cuda,0.35711000000000004,(1 32768 1) (16 16 1),262144.0,0.9472510000000001,1.0,0.9847,1.372261,1.0,786433,1246.1,14811161,8.07142,220.72,2621446,4.999992,0.8377,2292653,193.18,2233913,187.78,2403914,202.55,2621459,220.88,0,0.0,0.0,0,0.0,0.0,202.68,2403506,221.06,221.21,0.7461,619.4,7340042,75497584,16777248,0.0,0,0,184549488.0,0,58720336,16515100,63.00010699999999,0.829591,93.67154487179491
11,backpropBackward,1202,715,input00,bpnn_adjust_weights_cuda,0.33883,(1 32768 1) (16 16 1),262144.0,0.953024,1.0,0.9857,1.206048,1.0,786433,1312.4,14811161,8.07142,231.41,2621446,4.999992,0.8376,2292752,203.1,2234103,197.14,2404914,212.04,2621459,231.13,0,0.0,0.0,0,0.0,0.0,212.76,2404589,231.95,231.07,0.7461,647.01,7340042,75497584,16777248,0.0,0,0,184549488.0,0,58720336,16515100,63.00010699999999,0.731974,106.87146153846157
12,backpropBackward,1328,715,input00,bpnn_adjust_weights_cuda,0.3315,(1 32768 1) (16 16 1),262144.0,0.956095,1.0,0.9859,1.1143319999999999,1.0,786433,1337.1,14811161,8.07142,236.33,2621446,4.999992,0.8376,2292768,206.44,2234076,200.66,2405025,216.96,2621459,236.47,0,0.0,0.0,0,0.0,0.0,216.42,2404817,235.91,235.6,0.746,659.68,7340042,75497584,16777248,0.0,0,0,184549488.0,0,58720336,16515100,63.00010699999999,0.6799470000000001,129.3360258064516
18,backpropForward,607,715,input00,bpnn_layerforward_CUDA,1.6840000000000002,(1 32768 1) (16 16 1),262144.0,0.978934,0.9276,0.9953,1.995681,1.0,8617984,54.972,3014656,5.75,28.78,1572864,3.0,0.5870000000000001,1177368,21.471,1184025,21.63,1245281,22.611,1572877,28.558000000000003,1769472,129.27,1.0,1277952,93.338,1.0,22.741999999999997,1245150,28.729,28.725,0.5326,28.725,1572864,0,0,49807360.0,0,67108864,999817216.0,217579520,0,74645504,284.75,1.331135,51.963647058823526
19,backpropForward,810,715,input00,bpnn_layerforward_CUDA,1.2675,(1 32768 1) (16 16 1),262144.0,0.9770719999999999,0.9276,0.994,1.9966009999999998,1.0,8617984,73.128,3014656,5.75,38.16,1572864,3.0,0.5870000000000001,1177418,28.664,1184288,28.647,1245303,30.218000000000004,1572877,38.166,1769472,171.85,1.0,1277952,123.97,1.0,30.241999999999997,1245149,38.202,38.047,0.5326,38.047,1572864,0,0,49807360.0,0,67108864,999817216.0,217579520,0,74645504,284.75,1.330774,58.82146103896105
15,backpropForward,1012,715,input00,bpnn_layerforward_CUDA,1.0151,(1 32768 1) (16 16 1),262144.0,0.9762639999999999,0.9276,0.9936,1.9968849999999998,1.0,8617984,91.23,3014656,5.75,47.735,1572864,3.0,0.5870000000000001,1177412,35.731,1184398,35.982,1245272,37.665,1572877,47.574,1769472,214.35,1.0,1277952,154.73,1.0,37.667,1245152,47.582,47.601000000000006,0.5326,47.601000000000006,1572864,0,0,49807360.0,0,67108864,999817216.0,217579520,0,74645504,284.75,1.33049,66.89490196078431
16,backpropForward,1202,715,input00,bpnn_layerforward_CUDA,0.8561599999999999,(1 32768 1) (16 16 1),262144.0,0.976259,0.9276,0.9935,1.997397,1.0,8617984,108.1,3014656,5.75,56.488,1572864,3.0,0.5870000000000001,1177483,42.301,1184668,42.566,1245286,44.673,1572877,56.424,1769472,254.24,1.0,1277952,183.44,1.0,44.71,1245140,56.477,56.431999999999995,0.5326,56.431999999999995,1572864,0,0,49807360.0,0,67108864,999817216.0,217579520,0,74645504,284.75,1.330185,81.94387662337662
17,backpropForward,1328,715,input00,bpnn_layerforward_CUDA,0.78118,(1 32768 1) (16 16 1),262144.0,0.9762,0.9276,0.9944,1.997148,1.0,8617984,118.62,3014656,5.75,61.885,1572864,3.0,0.5870000000000001,1177525,46.343999999999994,1184656,46.545,1245272,48.974,1572877,61.858000000000004,1769472,278.48,1.0,1277952,201.14,1.0,49.001999999999995,1245147,61.898,61.896,0.5326,61.896,1572864,0,0,49807360.0,0,67108864,999817216.0,217579520,0,74645504,284.75,1.330018,101.86022727272729
23,binomialOptions,607,715,input00,binomialOptionsKernel,36.346,(1024 1 1) (256 1 1),8192.0,0.9016879999999999,0.9997,0.9624,0.784233,1.0,235282432,15.833,19243008,7.813721000000001,13.985999999999999,17106944,6.266317,0.1029,4254848,3.5008,10941498,9.0115,17270561,14.167,17139745,14.059000000000001,344982528,1129.8,1.9934619999999998,175319040,574.69,2.0,14.177999999999999,17263539,14.075999999999999,14.062999999999999,0.0553,15.842,19308544,8178892800,2726297600,27276288.0,8392704,4196352,4066908160.0,35668992,5452595200,907610112,110790.0,0.755804,52.89852432432432
24,binomialOptions,810,715,input00,binomialOptionsKernel,27.334,(1024 1 1) (256 1 1),8192.0,0.9020610000000001,0.9997,0.9515,0.784408,1.0,235282432,20.805999999999997,19243008,7.813721000000001,18.667,17106944,6.266317,0.1028,4272082,4.6771,10977668,11.975999999999999,17272955,18.949,17139725,18.802,344982528,1497.6,1.9934619999999998,175319040,764.52,2.0,18.892,17264480,18.756,18.686,0.0552,21.052,19308544,8178892800,2726297600,27276288.0,8392704,4196352,4066908160.0,35668992,5452595200,907610112,110790.0,0.7557159999999999,60.82640425531914
20,binomialOptions,1012,715,input00,binomialOptionsKernel,21.769000000000002,(1024 1 1) (256 1 1),8192.0,0.901869,0.9997,0.9601,0.784371,1.0,235282432,26.336,19243008,7.813721000000001,23.314,17106944,6.266317,0.1028,4285051,5.8096,10981685,14.995999999999999,17273106,23.67,17139725,23.487,344982528,1879.5,1.9934619999999998,175319040,952.6,2.0,23.557,17265437,23.385,23.318,0.0552,26.268,19308544,8178892800,2726297600,27276288.0,8392704,4196352,4066908160.0,35668992,5452595200,907610112,110790.0,0.7553989999999999,69.20495187165777
21,binomialOptions,1202,715,input00,binomialOptionsKernel,18.814,(1024 1 1) (256 1 1),8192.0,0.903422,0.9997,0.9477,0.7844939999999999,1.0,235282432,30.559,19243008,7.813721000000001,27.073,17106944,6.266317,0.1028,4283917,6.7605,10942329,17.267,17271541,27.275,17139725,27.066,344982528,2183.3,1.9934619999999998,175319040,1110.1,2.0,27.198,17265401,27.0,27.11,0.0552,30.54,19308544,8178892800,2726297600,27276288.0,8392704,4196352,4066908160.0,35668992,5452595200,907610112,110790.0,0.755113,85.41857219251337
22,binomialOptions,1328,715,input00,binomialOptionsKernel,17.118,(1024 1 1) (256 1 1),8192.0,0.9021899999999999,0.9997,0.9593,0.784223,1.0,235282432,33.676,19243008,7.813721000000001,30.178,17106944,6.266317,0.1028,4295729,7.5446,10983478,19.249000000000002,17273866,30.265,17139725,30.03,344982528,2422.3,1.9934619999999998,175319040,1232.1,2.0,30.125,17265640,29.906,30.228,0.0552,34.053000000000004,19308544,8178892800,2726297600,27276288.0,8392704,4196352,4066908160.0,35668992,5452595200,907610112,110790.0,0.755297,106.66554010695187
28,cfd,607,715,input00,cuda_compute_flux,1.4221,(1212 1 1) (192 1 1),7272.0,0.901954,0.9695,0.8676999999999999,0.298906,0.9935,1353918,86.929,4168816,13.983591,3.0342,145440,4.0,0.3301,5883809,122.46,8397050,174.25,13508937,280.27,10148027,210.54,0,0.0,0.0,0,0.0,0.0,280.25,13505921,210.57,210.61,0.4818,247.34,11918034,0,0,150331499.0,55777012,5610493,73701840.0,115570115,0,14597869,2007.4,0.341314,69.88503592814372
29,cfd,810,715,input00,cuda_compute_flux,1.3668,(1212 1 1) (192 1 1),7272.0,0.910618,0.9695,0.8861,0.22835300000000003,0.9935,1353918,90.464,4168816,13.983591,3.1535,145440,4.0,0.3331,5999995,130.14,8393019,180.42,13498415,289.84,10148027,217.88,0,0.0,0.0,0,0.0,0.0,290.35,13496495,218.31,218.29,0.482,256.36,11918034,0,0,150331499.0,55777012,5610493,73701840.0,115570115,0,14597869,2007.4,0.26060900000000004,72.7272831325301
25,cfd,1012,715,input00,cuda_compute_flux,1.2803,(1212 1 1) (192 1 1),7272.0,0.913891,0.9695,0.8978,0.192697,0.9935,1353918,96.35700000000001,4168816,13.983591,3.3649,145440,4.0,0.3343,6027348,139.47,8385535,192.67,13495509,310.23,10148030,233.28,0,0.0,0.0,0,0.0,0.0,310.49,13490834,233.56,233.03,0.4821,273.68,11918034,0,0,150331499.0,55777012,5610493,73701840.0,115570115,0,14597869,2007.4,0.220869,77.2890650887574
26,cfd,1202,715,input00,cuda_compute_flux,1.2479,(1212 1 1) (192 1 1),7272.0,0.9128040000000001,0.9695,0.9103,0.163224,0.9935,1353918,98.932,4168816,13.983591,3.4524,145440,4.0,0.3337,6030677,143.02,8383951,198.04,13496428,318.7,10148027,239.63,0,0.0,0.0,0,0.0,0.0,318.38,13493467,239.44,239.51,0.4821,281.29,11918034,0,0,150331499.0,55777012,5610493,73701840.0,115570115,0,14597869,2007.4,0.187437,86.0039107142857
27,cfd,1328,715,input00,cuda_compute_flux,1.2317,(1212 1 1) (192 1 1),7272.0,0.9111950000000001,0.9695,0.9196,0.149864,0.9935,1353918,100.31,4168816,13.983591,3.5046,145440,4.0,0.3331,6021759,144.95,8380398,200.72,13498797,322.67,10148027,242.56,0,0.0,0.0,0,0.0,0.0,322.27,13495311,242.34,242.53,0.4821,284.83,11918034,0,0,150331499.0,55777012,5610493,73701840.0,115570115,0,14597869,2007.4,0.17217000000000002,99.91924096385544
33,conjugateGradient,607,715,input00,csrMv_kernel,1.9916,(262144 1 1) (4 32 1),1048576.0,0.857977,0.8764,0.996,2.444101,1.0,14680064,368.81,22020094,6.999999000000001,17.541,1048576,1.0,0.631,8388775,139.85,1346687,22.464000000000002,9697511,162.05,1048601,17.522000000000002,6291456,422.58,1.0,2097152,140.16,1.0,162.37,9697077,17.555999999999997,17.611,0.7071999999999999,352.23,20971520,0,0,134217722.0,25165822,0,1199570930.0,142606332,0,95420416,91.0,1.557403,73.2209254658385
34,conjugateGradient,810,715,input00,csrMv_kernel,1.4938,(262144 1 1) (4 32 1),1048576.0,0.8964620000000001,0.8764,0.996,2.439673,1.0,14680064,489.64,22020094,6.999999000000001,23.348000000000003,1048576,1.0,0.631,8388700,186.68,1342952,29.875,9696927,216.1,1199825,26.738000000000003,6291456,558.36,1.0,2097152,186.14,1.0,216.35,9696702,23.395,23.329,0.7071999999999999,466.59,20971520,0,0,134217722.0,25165822,0,1199570930.0,142606332,0,95420416,91.0,1.559687,82.32689024390244
30,conjugateGradient,1012,715,input00,csrMv_kernel,1.1982,(262144 1 1) (4 32 1),1048576.0,0.90323,0.8764,0.996,2.325644,1.0,14680064,594.17,22020094,6.999999000000001,28.236,1048576,1.0,0.631,8388685,225.92,1243945,33.468,9696617,261.44,1072281,28.91,6291456,678.23,1.0,2097152,225.8,1.0,262.08,9696366,28.340999999999998,28.364,0.7071999999999999,567.31,20971520,0,0,134217722.0,25165822,0,1199570930.0,142606332,0,95420416,91.0,1.514612,89.07454819277109
31,conjugateGradient,1202,715,input00,csrMv_kernel,1.0455,(262144 1 1) (4 32 1),1048576.0,0.8955209999999999,0.8764,0.9957,2.196066,1.0,14680064,674.0,22020094,6.999999000000001,32.095,1048576,1.0,0.6311,8388691,256.1,1133649,34.673,9694629,297.05,1048589,32.13,6291456,771.03,1.0,2097152,256.71,1.0,297.07,9694252,32.132,32.132,0.7073,642.65,20971520,0,0,134217722.0,25165822,0,1199570930.0,142606332,0,95420416,91.0,1.451327,103.94026506024099
32,conjugateGradient,1328,715,input00,csrMv_kernel,0.9716299999999999,(262144 1 1) (4 32 1),1048576.0,0.900266,0.8764,0.996,2.105701,1.0,14680064,716.06,22020094,6.999999000000001,34.061,1048576,1.0,0.6311,8388696,271.07,1285482,41.567,9693808,315.1,1048589,34.083,6291456,818.71,1.0,2097152,272.83,1.0,315.35,9693526,34.111,34.085,0.7073,681.71,20971520,0,0,134217722.0,25165822,0,1199570930.0,142606332,0,95420416,91.0,1.4033879999999999,125.45910909090908
38,convolutionSeparable,607,715,input00,convolutionRowsKernel,3.3929,(80 2560 1) (16 4 1),409600.0,0.764143,1.0,0.9976,1.5864129999999999,1.0,2048000,290.68,32686080,8.0,116.88,13107200,4.0,0.5002,13107658,116.82,15166456,135.1,16338018,145.34,14958413,133.07,105676800,3771.4,2.0,8192000,291.81,2.0,145.13,16337350,116.44,116.72,0.5001,145.54,16343040,0,0,3565158400.0,1782579200,0,275251200.0,1782579200,0,134748160,328.975,1.168879,61.063522727272726
39,convolutionSeparable,810,715,input00,convolutionRowsKernel,2.5542,(80 2560 1) (16 4 1),409600.0,0.7626470000000001,1.0,0.9975,1.588596,1.0,2048000,386.08,32686080,8.0,155.16,13107200,4.0,0.5002,13109527,155.0,14661251,173.16,16337614,193.22,14655567,173.32,105676800,4998.5,2.0,8192000,386.75,2.0,193.34,16336923,155.12,154.83,0.5001,193.06,16343040,0,0,3565158400.0,1782579200,0,275251200.0,1782579200,0,134748160,328.975,1.1682299999999999,68.38684150943396
35,convolutionSeparable,1012,715,input00,convolutionRowsKernel,2.0478,(80 2560 1) (16 4 1),409600.0,0.76117,1.0,0.9966,1.559479,1.0,2048000,481.63,32686080,8.0,193.4,13107200,4.0,0.5002,13154299,194.01,14468066,213.79,16337374,240.7,14327431,211.08,105676800,6238.1,2.0,8192000,483.59,2.0,240.72,16336882,193.13,193.58,0.5001,241.37,16343040,0,0,3565158400.0,1782579200,0,275251200.0,1782579200,0,134748160,328.975,1.167606,73.5377030075188
36,convolutionSeparable,1202,715,input00,convolutionRowsKernel,1.7307,(80 2560 1) (16 4 1),409600.0,0.752745,1.0,0.9968,1.4312850000000001,1.0,2048000,568.6,32686080,8.0,228.13,13107200,4.0,0.5002,13541036,234.99,14337026,249.07,16337350,284.15,14330811,249.25,105676800,7355.9,2.0,8192000,570.64,2.0,284.36,16337034,228.14,228.25,0.5001,284.59,16343040,0,0,3565158400.0,1782579200,0,275251200.0,1782579200,0,134748160,328.975,1.164436,84.07480898876403
37,convolutionSeparable,1328,715,input00,convolutionRowsKernel,1.6053,(80 2560 1) (16 4 1),409600.0,0.746375,1.0,0.9967,1.253142,1.0,2048000,595.52,32686080,8.0,241.43,13107200,4.0,0.5012,13526009,239.19,14581282,257.55,16306104,297.51,14134726,257.72,105676800,7721.4,2.0,8192000,598.83,2.0,298.48,16314511,239.8,240.93,0.5004,300.41,16343040,0,0,3565158400.0,1782579200,0,275251200.0,1782579200,0,134748160,328.975,1.1333739999999999,102.03732330827069
43,convolutionTexture,607,715,input00,convolutionRowsKernel,13.856,(640 854 1) (16 12 1),3279360.0,0.863298,1.0,0.9994,0.774684,1.0,6556160,0.0,0,0.0,28.234,13107200,4.0,0.0,13107860,28.143,14492600,31.145,25939446,55.781000000000006,13656694,29.366,0,0.0,0.0,0,0.0,0.0,55.849,25943912,28.215,28.195999999999998,0.9503,958.69,445644800,0,0,5557452800.0,1782579200,0,2202992640.0,3774873600,0,311347200,94.941452,0.65198,40.9581090909091
44,convolutionTexture,810,715,input00,convolutionRowsKernel,10.642000000000001,(640 854 1) (16 12 1),3279360.0,0.869079,1.0,0.9994,0.777609,1.0,6556160,0.0,0,0.0,36.644,13107200,4.0,0.0,13107801,36.61,14315409,40.019,25549277,71.477,13711478,38.358000000000004,0,0.0,0.0,0,0.0,0.0,71.503,25548447,36.683,36.667,0.9508,1246.7,445644800,0,0,5557452800.0,1782579200,0,2202992640.0,3774873600,0,311347200,94.941452,0.638013,41.00396842105263
40,convolutionTexture,1012,715,input00,convolutionRowsKernel,8.9532,(640 854 1) (16 12 1),3279360.0,0.868764,1.0,0.9995,0.728342,1.0,6556160,0.0,0,0.0,43.452,13107200,4.0,0.0,13107625,43.386,14547573,48.21,25515171,84.508,13806058,45.724,0,0.0,0.0,0,0.0,0.0,84.65299999999999,25516949,43.483000000000004,43.49100000000001,0.9509,1478.7,445644800,0,0,5557452800.0,1782579200,0,2202992640.0,3774873600,0,311347200,94.941452,0.60564,48.6363905109489
41,convolutionTexture,1202,715,input00,convolutionRowsKernel,7.8046,(640 854 1) (16 12 1),3279360.0,0.869497,1.0,0.9993,0.708812,1.0,6556160,0.0,0,0.0,50.199,13107200,4.0,0.0,13107726,50.113,13865938,53.038999999999994,25457875,97.51100000000001,13212842,50.61,0,0.0,0.0,0,0.0,0.0,97.524,25457261,50.211999999999996,50.217,0.951,1707.4,445644800,0,0,5557452800.0,1782579200,0,2202992640.0,3774873600,0,311347200,94.941452,0.589695,57.006883211678826
42,convolutionTexture,1328,715,input00,convolutionRowsKernel,7.3155,(640 854 1) (16 12 1),3279360.0,0.8682639999999999,1.0,0.9993,0.686258,1.0,6556160,0.0,0,0.0,53.457,13107200,4.0,0.0,13107598,53.352,13760120,56.032,25436272,103.76,13107213,53.461999999999996,0,0.0,0.0,0,0.0,0.0,103.76,25437380,53.463,53.464,0.951,1817.8,445644800,0,0,5557452800.0,1782579200,0,2202992640.0,3774873600,0,311347200,94.941452,0.5729489999999999,66.01304428044281
48,dxtc,607,715,input00,compress,14.832,(16384 1 1) (64 1 1),32768.0,0.982348,0.9716,0.989,0.434383,0.9922,24018993,8.2953,4128759,7.875,0.033379,16383,1.0,0.5904,138830477,278.88,63858643,128.75,183912298,370.46,64225115,129.37,3555321,28.57,1.391026,1378415,11.077,0.751179,370.81,183905550,129.5,129.51,0.5021,373.97,185450330,0,0,3660571608.0,1413149985,20971478,1472891776.0,2301947467,0,244565135,7463.6,0.483645,82.12043790849673
49,dxtc,810,715,input00,compress,14.675999999999998,(16384 1 1) (64 1 1),32768.0,0.9852139999999999,0.9716,0.9851,0.32915,0.9922,24018993,8.3847,4128759,7.875,0.033379,16383,1.0,0.6175,138606459,281.33,63794312,130.11,183673235,374.46,64225098,130.94,3555321,28.89,1.391026,1378415,11.194,0.751179,374.7,183666736,131.02,130.97,0.5025999999999999,378.19,185450330,0,0,3660571608.0,1413149985,20971478,1472891776.0,2301947467,0,244565135,7463.6,0.36835999999999997,83.59253246753245
45,dxtc,1012,715,input00,compress,14.182,(16384 1 1) (64 1 1),32768.0,0.9889530000000001,0.9716,0.9827,0.273545,0.9922,24018993,8.6762,4128759,7.875,0.034332,16383,1.0,0.6445000000000001,138683028,291.45,63767373,134.68,183457380,387.61,64225129,135.69,3555321,29.883000000000003,1.391026,1378415,11.588,0.751179,387.57,183451257,135.69,135.72,0.5031,391.91,185450330,0,0,3660571608.0,1413149985,20971478,1472891776.0,2301947467,0,244565135,7463.6,0.30692600000000003,87.32579605263157
46,dxtc,1202,715,input00,compress,14.081,(16384 1 1) (64 1 1),32768.0,0.991922,0.9716,0.9812,0.232602,0.9922,24018993,8.7367,4128759,7.875,0.035286000000000005,16383,1.0,0.6753,138562910,293.17,63762340,135.95,183240728,390.67,64225111,136.93,3555321,30.096,1.391026,1378415,11.669,0.751179,390.75,183234015,136.96,136.94,0.5035000000000001,395.41,185450330,0,0,3660571608.0,1413149985,20971478,1472891776.0,2301947467,0,244565135,7463.6,0.26048499999999997,95.72677631578945
47,dxtc,1328,715,input00,compress,13.987,(16384 1 1) (64 1 1),32768.0,0.993266,0.9716,0.9797,0.214292,0.9922,24018993,8.7935,4128759,7.875,0.035286000000000005,16383,1.0,0.6945,138870195,295.82,63768611,136.81,183108654,392.9,64225134,137.81,3555321,30.299,1.391026,1378415,11.745999999999999,0.751179,392.87,183103567,137.8,137.8,0.5038,397.9,185450330,0,0,3660571608.0,1413149985,20971478,1472891776.0,2301947467,0,244565135,7463.6,0.239781,110.0281176470588
53,eigenvalues,607,715,input00,bisectKernel,6.6484,(1 1 1) (512 1 1),16.0,0.249996,0.6690999999999999,0.0178,1.5663120000000001,0.9989,574977,0.033379,7424,8.0,0.0,128,4.0,0.9828,22,0.0,13,0.0,529,0.00097656,141,0.0,276028,4.9388,1.0093020000000001,7329,0.13351,1.210005,0.0,128,0.0,0.0,0.9667,0.016212,3712,0,0,51317746.0,19940706,2847803,20853625.0,40018704,11146,4800365,300020.0,1.171604,29.518053333333324
54,eigenvalues,810,715,input00,bisectKernel,5.006,(1 1 1) (512 1 1),16.0,0.249996,0.6690999999999999,0.0178,1.566233,0.9989,574977,0.043869,7424,8.0,0.0,128,4.0,0.9828,18,0.0,9,0.0,478,0.0019073,141,0.0,276028,6.5733,1.0093020000000001,7329,0.17834,1.210005,0.0,128,0.0,0.0,0.9667,0.021935,3712,0,0,51317746.0,19940706,2847803,20853625.0,40018704,11146,4800365,300020.0,1.171746,30.27300662251656
50,eigenvalues,1012,715,input00,bisectKernel,4.0096,(1 1 1) (512 1 1),16.0,0.249996,0.6690999999999999,0.0178,1.566087,0.9989,574977,0.055313,7424,8.0,0.00097656,128,4.0,0.9828,12,0.0,9,0.0,310,0.0019073,141,0.00097656,276028,8.2012,1.0093020000000001,7329,0.22125,1.210005,0.00097656,128,0.00097656,0.00097656,0.9667,0.027657,3712,0,0,51317746.0,19940706,2847803,20853625.0,40018704,11146,4800365,300020.0,1.1718819999999999,31.510761589403966
51,eigenvalues,1202,715,input00,bisectKernel,3.4016,(1 1 1) (512 1 1),16.0,0.249996,0.6690999999999999,0.0177,1.566343,0.9989,574977,0.065804,7424,8.0,0.00097656,128,4.0,0.9828,11,0.0,5,0.0,286,0.0019073,141,0.00097656,276028,9.655,1.0093020000000001,7329,0.26226,1.210005,0.00097656,128,0.00097656,0.00097656,0.9667,0.032424999999999995,3712,0,0,51317746.0,19940706,2847803,20853625.0,40018704,11146,4800365,300020.0,1.171736,34.83540789473684
52,eigenvalues,1328,715,input00,bisectKernel,3.0835,(1 1 1) (512 1 1),16.0,0.249996,0.6690999999999999,0.0178,1.566294,0.9989,574977,0.072479,7424,8.0,0.00097656,128,4.0,0.9828,4,0.0,5,0.0,226,0.0019073,141,0.00097656,276028,10.662,1.0093020000000001,7329,0.28896,1.210005,0.00097656,128,0.00097656,0.00097656,0.9667,0.036239999999999994,3712,0,0,51317746.0,19940706,2847803,20853625.0,40018704,11146,4800365,300020.0,1.1717520000000001,39.67312666666668
58,fastWalshTransform,607,715,input00,fwtBatch2Kernel,3.9760000000000004,(262144 1 1) (256 1 1),2097152.0,0.80901,1.0,0.9982,1.471435,1.0,2097152,485.92,67108864,8.0,240.23,33554432,4.0,0.5,33554631,240.76,36168650,260.13,33554719,241.01,36241145,260.31,0,0.0,0.0,0,0.0,0.0,240.95,33554432,240.95,240.66,0.5,240.66,33554432,0,0,536870912.0,0,0,2483027968.0,536870912,0,136314880,65.0,0.99611,28.774004895960825
59,fastWalshTransform,810,715,input00,fwtBatch2Kernel,3.9748,(262144 1 1) (256 1 1),2097152.0,0.822154,1.0,0.9983,1.050935,1.0,2097152,486.62,67108864,8.0,240.37,33554432,4.0,0.5,33554606,240.93,36143981,260.11,33554700,241.08,36243255,260.39,0,0.0,0.0,0,0.0,0.0,241.06,33554432,241.06,242.09,0.5,242.09,33554432,0,0,536870912.0,0,0,2483027968.0,536870912,0,136314880,65.0,0.750192,29.403729166666665
55,fastWalshTransform,1012,715,input00,fwtBatch2Kernel,3.9756,(262144 1 1) (256 1 1),2097152.0,0.8309200000000001,1.0,0.9986,0.815992,1.0,2097152,486.85,67108864,8.0,239.93,33554432,4.0,0.5,33554635,240.14,36441538,261.32,33554745,240.37,36521529,261.62,0,0.0,0.0,0,0.0,0.0,240.75,33554432,240.75,242.37,0.5,242.37,33554432,0,0,536870912.0,0,0,2483027968.0,536870912,0,136314880,65.0,0.600064,30.34336117936118
56,fastWalshTransform,1202,715,input00,fwtBatch2Kernel,4.0011,(262144 1 1) (256 1 1),2097152.0,0.836925,1.0,0.9986,0.666518,1.0,2097152,484.05,67108864,8.0,240.87,33554432,4.0,0.5,33554643,236.07,37113219,261.75,33554723,236.47,37208162,262.22,0,0.0,0.0,0,0.0,0.0,238.65,33554432,238.65,241.22,0.5,241.22,33554432,0,0,536870912.0,0,0,2483027968.0,536870912,0,136314880,65.0,0.502799,33.34405024509804
57,fastWalshTransform,1328,715,input00,fwtBatch2Kernel,4.0133,(262144 1 1) (256 1 1),2097152.0,0.83973,1.0,0.9986,0.599186,1.0,2097152,486.69,67108864,8.0,241.09,33554432,4.0,0.5,33554628,234.12,37583768,262.43,33554776,235.81,37518820,263.67,0,0.0,0.0,0,0.0,0.0,241.07,33554432,241.07,245.73,0.5,245.73,33554432,0,0,536870912.0,0,0,2483027968.0,536870912,0,136314880,65.0,0.457109,38.166419828641374
63,gaussian,607,715,input00,Fan2,13.620999999999999,(2048 2048 1) (4 4 1),2097152.0,0.11498,0.4998,0.8205,0.7010770000000001,1.0,12582092,175.31,80175936,6.371619,81.372,37304056,8.893833,0.5433,9083553,19.884,9140457,19.971,36663023,80.377,37304069,81.785,0,0.0,0.0,0,0.0,0.0,80.124,36661604,81.528,81.538,0.3716,54.995,25160297,0,0,134144026.0,67072013,0,2347686248.0,67072013,0,209690838,49.994192,0.544469,47.879019230769224
64,gaussian,810,715,input00,Fan2,10.294,(2048 2048 1) (4 4 1),2097152.0,0.117827,0.4998,0.8527,0.6593600000000001,1.0,12582092,232.46,80175936,6.371619,108.02,37304056,8.893833,0.5433,9220185,26.741,9647157,27.874000000000002,36663502,106.07,37304069,107.93,0,0.0,0.0,0,0.0,0.0,106.16,36662454,108.02,107.98,0.3716,72.828,25160297,0,0,134144026.0,67072013,0,2347686248.0,67072013,0,209690838,49.994192,0.52117,54.16032692307694
60,gaussian,1012,715,input00,Fan2,9.1245,(2048 2048 1) (4 4 1),2097152.0,0.12696500000000002,0.4998,0.7753,0.599057,1.0,12582092,260.61,80175936,6.371619,121.37,37304056,8.893833,0.5435,9238353,30.03,9324937,30.305999999999997,36658858,119.01,37304069,121.11,0,0.0,0.0,0,0.0,0.0,119.2,36657747,121.31,121.55,0.3717,81.984,25160297,0,0,134144026.0,67072013,0,2347686248.0,67072013,0,209690838,49.994192,0.5194449999999999,57.671832258064526
61,gaussian,1202,715,input00,Fan2,7.8094,(2048 2048 1) (4 4 1),2097152.0,0.11678,0.4998,0.8459,0.534937,1.0,12582092,307.03,80175936,6.371619,142.88,37304056,8.893833,0.5433,9307744,35.647,9282351,35.548,36664394,140.42,37304069,142.87,0,0.0,0.0,0,0.0,0.0,140.44,36662764,142.89,142.87,0.3716,96.35700000000001,25160297,0,0,134144026.0,67072013,0,2347686248.0,67072013,0,209690838,49.994192,0.46648999999999996,68.28694230769233
62,gaussian,1328,715,input00,Fan2,7.1832,(2048 2048 1) (4 4 1),2097152.0,0.111953,0.4998,0.8785,0.503197,1.0,12582092,333.89,80175936,6.371619,155.35,37304056,8.893833,0.5433,9356634,38.964,9029935,37.607,36663167,152.7,37304069,155.36,0,0.0,0.0,0,0.0,0.0,152.7,36662946,155.37,155.36,0.3716,104.79,25160297,0,0,134144026.0,67072013,0,2347686248.0,67072013,0,209690838,49.994192,0.447956,81.7191974522293
68,histogram,607,715,input00,histogram256Kernel,5.2113,(240 1 1) (192 1 1),1440.0,0.402363,0.6609,0.8876000000000001,1.634528,0.7729,43010228,96.177,16777216,8.0,0.043869,7680,4.0,0.5,8388905,47.92100000000001,375167,2.1607,8388946,47.815,7693,0.043869,69264202,1590.2,2.130389,34637861,792.46,2.129989,48.101000000000006,8388608,0.043869,0.043869,0.5,47.997,8388608,0,0,0.0,0,0,2281105684.0,0,0,196694394,136590.0,1.23424,55.59426630434783
69,histogram,810,715,input00,histogram256Kernel,3.9286,(240 1 1) (192 1 1),1440.0,0.402598,0.6609,0.8957999999999999,1.600126,0.7729,43010228,127.41,16777216,8.0,0.058174,7680,4.0,0.5,8388862,63.468999999999994,1073325,8.1128,8388952,63.496,160757,1.2154,69264202,2100.9,2.130389,34637861,1050.5,2.129989,63.527,8388608,0.058174,0.058174,0.5,63.516999999999996,8388608,0,0,0.0,0,0,2281105684.0,0,0,196694394,136590.0,1.215852,64.3913027027027
65,histogram,1012,715,input00,histogram256Kernel,3.1597,(240 1 1) (192 1 1),1440.0,0.402281,0.6609,0.9136,1.5621610000000001,0.7729,43010228,158.05,16777216,8.0,0.072479,7680,4.0,0.5,8388744,79.137,691417,6.5286,8388949,79.053,117277,1.1045,69264202,2613.3,2.130389,34637861,1308.6,2.129989,79.007,8388608,0.072479,0.07343300000000001,0.5,79.118,8388608,0,0,0.0,0,0,2281105684.0,0,0,196694394,136590.0,1.188732,72.0223924731183
66,histogram,1202,715,input00,histogram256Kernel,2.7874,(240 1 1) (192 1 1),1440.0,0.401914,0.6609,0.9313,1.448086,0.7729,43010228,179.18,16777216,8.0,0.08297,7680,4.0,0.5,8388766,89.579,267461,2.8545,8389039,89.598,7693,0.083923,69264202,2958.8,2.130389,34637861,1479.8,2.129989,89.54799999999999,8388608,0.08297,0.08297,0.5,89.61200000000001,8388608,0,0,0.0,0,0,2281105684.0,0,0,196694394,136590.0,1.114529,86.20467021276595
67,histogram,1328,715,input00,histogram256Kernel,2.573,(240 1 1) (192 1 1),1440.0,0.402514,0.6609,0.9023,1.468359,0.7729,43010228,194.1,16777216,8.0,0.090599,7680,4.0,0.5,8388778,96.682,681913,7.8417,8388917,97.023,7693,0.090599,69264202,3203.7,2.130389,34637861,1602.7,2.129989,97.009,8388608,0.090599,0.090599,0.5,97.036,8388608,0,0,0.0,0,0,2281105684.0,0,0,196694394,136590.0,1.1360430000000001,105.59979032258065
73,hotspot,607,715,input00,calculate_temp,0.25895,(64 64 1) (16 16 1),32768.0,0.715735,0.8468000000000001,0.9685,2.35775,1.0,1555968,60.536,516128,7.9375,3.8445,32768,2.0,0.2709,38421,4.5002,29979,3.5446,375885,44.067,32781,3.8389,684544,319.53,0.9759120000000001,244224,114.44,0.9352940000000001,44.011,375752,3.8369999999999997,3.8249,0.2962,30.365,260096,20449840,6134952,39637216.0,13631488,4194304,149611648.0,31248608,14314888,12446464,379.835938,1.456715,49.98808783783783
74,hotspot,810,715,input00,calculate_temp,0.19459,(64 64 1) (16 16 1),32768.0,0.7148260000000001,0.8468000000000001,0.9651,2.35562,1.0,1555968,79.77199999999999,516128,7.9375,5.0589,32768,2.0,0.27190000000000003,38430,5.9707,30076,4.6287,376349,58.687,32781,5.1092,684544,423.48,0.9759120000000001,244224,151.2,0.9352940000000001,58.691,376313,5.1102,5.1064,0.2975,40.54,260096,20449840,6134952,39637216.0,13631488,4194304,149611648.0,31248608,14314888,12446464,379.835938,1.4558389999999999,56.970583892617455
70,hotspot,1012,715,input00,calculate_temp,0.15574000000000002,(64 64 1) (16 16 1),32768.0,0.714406,0.8468000000000001,0.9629,2.351877,1.0,1555968,99.891,516128,7.9375,6.3442,32768,2.0,0.2725,38248,7.4245,30047,5.7863,376440,72.891,32781,6.3488,684544,529.15,0.9759120000000001,244224,189.27,0.9352940000000001,72.635,375861,6.3311,6.3255,0.29710000000000003,50.218999999999994,260096,20449840,6134952,39637216.0,13631488,4194304,149611648.0,31248608,14314888,12446464,379.835938,1.455804,63.54622000000001
71,hotspot,1202,715,input00,calculate_temp,0.13147,(64 64 1) (16 16 1),32768.0,0.714275,0.8468000000000001,0.9634,2.35016,1.0,1555968,117.79,516128,7.9375,7.4776,32768,2.0,0.2729,38162,8.7246,30148,6.8918,375139,85.70100000000001,32781,7.4906,684544,624.66,0.9759120000000001,244224,222.94,0.9352940000000001,85.825,375197,7.4944,7.4925,0.2975,59.478,260096,20449840,6134952,39637216.0,13631488,4194304,149611648.0,31248608,14314888,12446464,379.835938,1.4555690000000001,78.77965100671139
72,hotspot,1328,715,input00,calculate_temp,0.12004,(64 64 1) (16 16 1),32768.0,0.7141,0.8468000000000001,0.9605,2.348985,1.0,1555968,129.21,516128,7.9375,8.1956,32768,2.0,0.2702,38078,9.5507,30025,7.526,376301,94.435,32781,8.2171,684544,684.99,0.9759120000000001,244224,244.5,0.9352940000000001,94.387,376493,8.2143,8.2189,0.2964,65.248,260096,20449840,6134952,39637216.0,13631488,4194304,149611648.0,31248608,14314888,12446464,379.835938,1.4554989999999999,101.92187162162163
78,matrixMulGlobal,607,715,input00,matrixMulCUDA,66.635,(64 64 1) (32 32 1),131072.0,0.9179729999999999,1.0,0.9878,5.0248349999999995,1.0,67764224,1442.0,3221225472,6.0,0.23936999999999997,524288,4.0,0.8354,59342922,26.604,584152,0.26703000000000005,529692604,237.0,524456,0.23936999999999997,0,0.0,0.0,0,0.0,0.0,237.1,529953493,0.23936999999999997,0.23936999999999997,0.8355,961.53,2147483648,0,0,17180000000.0,8589934592,0,113880000000.0,8589934592,0,4635099136,35363.0,2.0454689999999998,72.50903973509932
79,matrixMulGlobal,810,715,input00,matrixMulCUDA,53.136,(64 64 1) (32 32 1),131072.0,0.923291,1.0,0.989,4.383655,1.0,67764224,1807.4,3221225472,6.0,0.30041,524288,4.0,0.8412000000000001,56405835,31.678,583679,0.33474000000000004,510629806,286.87,524301,0.30041,0,0.0,0.0,0,0.0,0.0,286.7,511135918,0.30041,0.29945,0.8412000000000001,1203.5,2147483648,0,0,17180000000.0,8589934592,0,113880000000.0,8589934592,0,4635099136,35363.0,1.9259009999999999,84.7468609271523
75,matrixMulGlobal,1012,715,input00,matrixMulCUDA,44.358999999999995,(64 64 1) (32 32 1),131072.0,0.9249280000000001,1.0,0.9891,4.041563,1.0,67764224,2163.5,3221225472,6.0,0.35954,524288,4.0,0.843,55949170,37.515,583691,0.40054,505107579,338.98,524301,0.35954,0,0.0,0.0,0,0.0,0.0,338.6,504904103,0.35954,0.35954,0.843,1440.2,2147483648,0,0,17180000000.0,8589934592,0,113880000000.0,8589934592,0,4635099136,35363.0,1.8440779999999999,96.5248278145695
76,matrixMulGlobal,1202,715,input00,matrixMulCUDA,38.835,(64 64 1) (32 32 1),131072.0,0.926515,1.0,0.9888,3.8072660000000003,1.0,67764224,2471.4,3221225472,6.0,0.41103,524288,4.0,0.8442000000000001,55605604,42.663000000000004,583865,0.45776000000000006,501873000,385.36,524301,0.41103,0,0.0,0.0,0,0.0,0.0,385.08,501775752,0.41103,0.41103,0.8441,1648.2,2147483648,0,0,17180000000.0,8589934592,0,113880000000.0,8589934592,0,4635099136,35363.0,1.783839,117.8793907284768
77,matrixMulGlobal,1328,715,input00,matrixMulCUDA,36.48,(64 64 1) (32 32 1),131072.0,0.928143,1.0,0.9892,3.6199,1.0,67764224,2632.5,3221225472,6.0,0.43773999999999996,524288,4.0,0.845,54051461,44.157,583724,0.48733000000000004,499341344,408.23,524301,0.43773999999999996,0,0.0,0.0,0,0.0,0.0,408.16,499651869,0.43773999999999996,0.43773999999999996,0.8448,1755.1,2147483648,0,0,17180000000.0,8589934592,0,113880000000.0,8589934592,0,4635099136,35363.0,1.7254080000000003,145.9678145695364
83,matrixMulShared,607,715,input00,matrixMulCUDA,18.096,(64 64 1) (32 32 1),131072.0,0.996375,1.0,0.987,1.239481,1.0,42205184,220.93,134217728,8.0,0.8831,524288,4.0,0.5014,31466433,51.938,579693,0.97561,66938360,110.44,524301,0.8850100000000001,402653184,2657.5,1.2,16777216,110.62,1.0,110.0,66926767,0.8812000000000001,0.88215,0.5013000000000001,110.33,67108864,0,0,17180000000.0,8589934592,0,3615490048.0,8589934592,0,811204608,6189.0,1.317358,62.15526174496645
84,matrixMulShared,810,715,input00,matrixMulCUDA,13.722999999999999,(64 64 1) (32 32 1),131072.0,0.9966010000000001,1.0,0.9866,1.231586,1.0,42205184,291.75,134217728,8.0,1.1371,524288,4.0,0.5015,31538652,68.517,580118,1.2564,66910420,145.35,524384,1.1381,402653184,3502.4,1.2,16777216,145.98,1.0,145.14,66916613,1.1362,1.1381,0.5015999999999999,145.82,67108864,0,0,17180000000.0,8589934592,0,3615490048.0,8589934592,0,811204608,6189.0,1.307424,72.68428
80,matrixMulShared,1012,715,input00,matrixMulCUDA,11.049000000000001,(64 64 1) (32 32 1),131072.0,0.9957370000000001,1.0,0.9867,1.2275,1.0,42205184,361.59,134217728,8.0,1.4156,524288,4.0,0.5018,31631081,85.257,581300,1.5665,66873751,180.17,524320,1.4119,402653184,4349.4,1.2,16777216,181.31,1.0,180.46,66860092,1.4137,1.4147,0.5018,181.23,67108864,0,0,17180000000.0,8589934592,0,3615490048.0,8589934592,0,811204608,6189.0,1.300188,84.5054765100671
81,matrixMulShared,1202,715,input00,matrixMulCUDA,9.3311,(64 64 1) (32 32 1),131072.0,0.9963879999999999,1.0,0.9863,1.2279719999999998,1.0,42205184,429.38,134217728,8.0,1.6764,524288,4.0,0.5021,32278480,103.24,580707,1.8571,66831352,213.69,524340,1.6754,402653184,5151.1,1.2,16777216,214.6,1.0,213.6,66808048,1.6754,1.6754,0.5021,214.62,67108864,0,0,17180000000.0,8589934592,0,3615490048.0,8589934592,0,811204608,6189.0,1.300401,106.55834666666664
82,matrixMulShared,1328,715,input00,matrixMulCUDA,8.6014,(64 64 1) (32 32 1),131072.0,0.9962479999999999,1.0,0.9866,1.2151319999999999,1.0,42205184,465.79,134217728,8.0,1.8179,524288,4.0,0.5018,32043785,111.21,580055,2.0117,66857877,232.15,524343,1.8189,402653184,5588.2,1.2,16777216,232.82,1.0,232.06,66867309,1.8189,1.8179,0.5018,232.8,67108864,0,0,17180000000.0,8589934592,0,3615490048.0,8589934592,0,811204608,6189.0,1.286442,132.6540728476821
88,mergeSort,607,715,input00,mergeSortSharedKernel,2.2823,(4096 1 1) (512 1 1),65536.0,0.98069,1.0,0.9858,2.274696,1.0,12058624,27.548000000000002,2097152,8.0,13.754000000000001,1048576,4.0,0.5,1048704,13.715,1048197,13.758,1048954,13.77,1048589,13.764000000000001,15151490,794.12,1.501256,5715042,300.7,1.9819229999999999,13.72,1048576,13.72,13.812000000000001,0.5,13.812000000000001,1048576,0,0,0.0,0,0,1998585856.0,0,0,102236160,1560.0,1.323613,59.24745033112581
89,mergeSort,810,715,input00,mergeSortSharedKernel,1.7164,(4096 1 1) (512 1 1),65536.0,0.980727,1.0,0.9851,2.274536,1.0,12058624,36.428000000000004,2097152,8.0,18.267,1048576,4.0,0.5,1048672,18.189,1048084,18.268,1048831,18.27,1048589,18.262999999999998,15151490,1056.7,1.501256,5715042,398.33,1.9819229999999999,18.312,1048576,18.312,18.319000000000003,0.5,18.319000000000003,1048576,0,0,0.0,0,0,1998585856.0,0,0,102236160,1560.0,1.322756,68.07429333333333
85,mergeSort,1012,715,input00,mergeSortSharedKernel,1.3754,(4096 1 1) (512 1 1),65536.0,0.980815,1.0,0.9847,2.2730479999999997,1.0,12058624,45.582,2097152,8.0,22.794,1048576,4.0,0.5,1048689,22.802,1048021,22.839000000000002,1048845,22.761999999999997,1048606,22.759,15151490,1317.7,1.501256,5715042,496.84,1.9819229999999999,22.843000000000004,1048576,22.843000000000004,22.801,0.5,22.801,1048576,0,0,0.0,0,0,1998585856.0,0,0,102236160,1560.0,1.322177,77.79376821192052
86,mergeSort,1202,715,input00,mergeSortSharedKernel,1.1618,(4096 1 1) (512 1 1),65536.0,0.980822,1.0,0.9851,2.272352,1.0,12058624,54.062,2097152,8.0,27.01,1048576,4.0,0.5,1048675,27.026999999999997,1047878,27.005,1048937,27.038,1048589,27.03,15151490,1561.1,1.501256,5715042,589.16,1.9819229999999999,27.011999999999997,1048576,27.011999999999997,27.031,0.5,27.031,1048576,0,0,0.0,0,0,1998585856.0,0,0,102236160,1560.0,1.321669,94.82522666666668
87,mergeSort,1328,715,input00,mergeSortSharedKernel,1.0599,(4096 1 1) (512 1 1),65536.0,0.98009,1.0,0.985,2.270957,1.0,12058624,59.16,2097152,8.0,29.616,1048576,4.0,0.5,1048669,29.62,1047843,29.592,1048862,29.631999999999998,1048589,29.621,15151490,1710.2,1.501256,5715042,645.81,1.9819229999999999,29.596,1048576,29.596,29.621,0.5,29.621,1048576,0,0,0.0,0,0,1998585856.0,0,0,102236160,1560.0,1.321237,119.23095364238407
93,nn,607,715,input00,euclid,0.23345,(32768 1 1) (256 1 1),262144.0,0.8178890000000001,1.0,0.9725,2.6948830000000004,1.0,1310720,629.54,4194304,8.0,157.19,1048576,4.0,0.5,2097176,314.94,1061666,159.24,2097302,315.28,1048589,157.63,0,0.0,0.0,0,0.0,0.0,315.58,2097152,157.79,157.69,0.5,315.39,2097152,0,0,100663296.0,25165824,8388608,142606336.0,83886080,0,10747904,41.0,1.606738,94.50386046511628
94,nn,810,715,input00,euclid,0.18922,(32768 1 1) (256 1 1),262144.0,0.8362700000000001,1.0,0.9697,2.078678,1.0,1310720,674.8,4194304,8.0,168.69,1048576,4.0,0.5,2097192,337.52,1049403,168.8,2097321,337.68,1048589,168.83,0,0.0,0.0,0,0.0,0.0,337.8,2097152,168.9,168.81,0.5,337.62,2097152,0,0,100663296.0,25165824,8388608,142606336.0,83886080,0,10747904,41.0,1.289413,99.71333333333332
90,nn,1012,715,input00,euclid,0.18498,(32768 1 1) (256 1 1),262144.0,0.85687,1.0,0.975,1.620783,1.0,1310720,673.9,4194304,8.0,168.44,1048576,4.0,0.5,2097181,337.01,1049359,168.68,2097320,337.21,1048589,168.59,0,0.0,0.0,0,0.0,0.0,337.11,2097152,168.56,168.44,0.5,336.88,2097152,0,0,100663296.0,25165824,8388608,142606336.0,83886080,0,10747904,41.0,1.030111,101.6657556818182
91,nn,1202,715,input00,euclid,0.18504,(32768 1 1) (256 1 1),262144.0,0.8718950000000001,1.0,0.976,1.3480969999999999,1.0,1310720,673.0,4194304,8.0,168.16,1048576,4.0,0.5,2097188,336.92,1049349,168.31,2097348,336.34,1048589,168.16,0,0.0,0.0,0,0.0,0.0,336.51,2097152,168.25,168.16,0.5,336.32,2097152,0,0,100663296.0,25165824,8388608,142606336.0,83886080,0,10747904,41.0,0.8657459999999999,111.82156647398844
92,nn,1328,715,input00,euclid,0.18542,(32768 1 1) (256 1 1),262144.0,0.879561,1.0,0.9793,1.220242,1.0,1310720,671.0,4194304,8.0,167.83,1048576,4.0,0.5,2097185,335.88,1049120,167.82,2097341,335.57,1048589,167.77,0,0.0,0.0,0,0.0,0.0,335.4,2097152,167.7,167.74,0.5,335.48,2097152,0,0,100663296.0,25165824,8388608,142606336.0,83886080,0,10747904,41.0,0.787018,135.7739314285715
98,pathfinder,607,715,input00,dynproc_kernel,7.6692,(9143 1 1) (256 1 1),73144.0,0.984339,0.9466,0.9916,1.232074,1.0,64110268,142.9,36696572,6.849761999999999,0.29086999999999996,73143,3.999945,0.4872,7095624,27.590999999999998,4264125,16.588,18818931,73.402,1948185,7.5968,21136856,328.62,0.914533,10623278,165.5,0.843211,73.46600000000001,18819520,0.29181999999999997,0.29181999999999997,0.4869,75.082,19235163,0,0,0.0,0,0,3739891640.0,0,0,288709678,3947.1,1.104057,48.56193296089385
99,pathfinder,810,715,input00,dynproc_kernel,5.7775,(9143 1 1) (256 1 1),73144.0,0.98395,0.9466,0.9906,1.2300719999999998,1.0,64110268,189.55,36696572,6.849761999999999,0.38624,73143,3.999945,0.4875,6882838,35.514,3612620,18.669,18808981,97.28299999999999,1702242,8.8019,21136856,437.55,0.914533,10623278,219.85,0.843211,97.59,18811129,0.38719000000000003,0.38624,0.4872,99.54899999999999,19235163,0,0,0.0,0,0,3739891640.0,0,0,288709678,3947.1,1.102832,55.43836312849162
95,pathfinder,1012,715,input00,dynproc_kernel,4.6325,(9143 1 1) (256 1 1),73144.0,0.9836010000000001,0.9466,0.9909,1.2300959999999999,1.0,64110268,235.59,36696572,6.849761999999999,0.48351000000000005,73143,3.999945,0.4876,6744678,43.613,2676347,17.304000000000002,18807097,121.68,2548402,16.483,21136856,545.18,0.914533,10623278,273.92,0.843211,120.94,18808018,0.48065,0.48256000000000004,0.4872,124.2,19235163,0,0,0.0,0,0,3739891640.0,0,0,288709678,3947.1,1.101933,62.680172222222225
96,pathfinder,1202,715,input00,dynproc_kernel,3.9049,(9143 1 1) (256 1 1),73144.0,0.983693,0.9466,0.9905,1.229316,1.0,64110268,280.5,36696572,6.849761999999999,0.57125,73143,3.999945,0.4878,6861080,52.425,2789768,21.313000000000002,18795233,143.73,1619204,12.378,21136856,646.21,0.914533,10623278,324.55,0.843211,143.65,18799224,0.57125,0.57125,0.4875,146.89,19235163,0,0,0.0,0,0,3739891640.0,0,0,288709678,3947.1,1.101487,76.38458659217875
97,pathfinder,1328,715,input00,dynproc_kernel,3.5665,(9143 1 1) (256 1 1),73144.0,0.9832989999999999,0.9466,0.9897,1.228213,1.0,64110268,307.22,36696572,6.849761999999999,0.62561,73143,3.999945,0.4878,6667632,55.808,2037516,17.062,18800671,157.43,1925334,16.119,21136856,707.94,0.914533,10623278,355.88,0.843211,157.41,18802085,0.62561,0.62656,0.4875,161.07,19235163,0,0,0.0,0,0,3739891640.0,0,0,288709678,3947.1,1.100162,93.7018156424581
103,quasirandomGenerator,607,715,input00,quasirandomGeneratorKernel,5.2625,(128 1 1) (128 3 1),1536.0,0.405563,1.0,0.7617,4.702429,1.0,3196416,0.0,0,0.0,71.482,12582912,4.0,0.0,217,0.0,12329439,69.831,541,0.0019073,13204521,75.222,0,0.0,0.0,0,0.0,0.0,0.0,0,71.578,71.003,0.5,0.0,0,0,0,100663296.0,0,0,6946603008.0,100663296,0,229725696,149560.0,1.6622400000000002,28.95120257234727
104,quasirandomGenerator,810,715,input00,quasirandomGeneratorKernel,3.9523,(128 1 1) (128 3 1),1536.0,0.40584000000000003,1.0,0.7613,4.702837000000001,1.0,3196416,0.0,0,0.0,95.06299999999999,12582912,4.0,0.0,178,0.0,12189381,92.219,418,0.0028610000000000003,12714896,95.493,0,0.0,0.0,0,0.0,0.0,0.0,0,94.727,94.86,0.5,0.0,0,0,0,100663296.0,0,0,6946603008.0,100663296,0,229725696,149560.0,1.662239,29.58445980707395
100,quasirandomGenerator,1012,715,input00,quasirandomGeneratorKernel,3.1651,(128 1 1) (128 3 1),1536.0,0.406052,1.0,0.7612000000000001,4.702545,1.0,3196416,0.0,0,0.0,118.63,12582912,4.0,0.0,528,0.0038147,11558306,108.35,356,0.0019073,12667576,119.3,0,0.0,0.0,0,0.0,0.0,0.0,0,118.51,118.5,0.5,0.0,0,0,0,100663296.0,0,0,6946603008.0,100663296,0,229725696,149560.0,1.6619259999999998,30.55815112540193
101,quasirandomGenerator,1202,715,input00,quasirandomGeneratorKernel,2.6831,(128 1 1) (128 3 1),1536.0,0.406237,1.0,0.7581,4.7027529999999995,1.0,3196416,0.0,0,0.0,139.58,12582912,4.0,0.0,152,0.00097656,11712900,129.96,236,0.0038147,12582925,139.58,0,0.0,0.0,0,0.0,0.0,0.0,0,139.7,139.55,0.5,0.0,0,0,0,100663296.0,0,0,6946603008.0,100663296,0,229725696,149560.0,1.661764,33.80678525641026
102,quasirandomGenerator,1328,715,input00,quasirandomGeneratorKernel,2.437,(128 1 1) (128 3 1),1536.0,0.40579,1.0,0.7613,4.702128,1.0,3196416,0.0,0,0.0,153.67,12582912,4.0,0.0,148,0.00097656,11739552,143.43,264,0.0028610000000000003,12582925,153.75,0,0.0,0.0,0,0.0,0.0,0.0,0,153.74,153.74,0.5,0.0,0,0,0,100663296.0,0,0,6946603008.0,100663296,0,229725696,149560.0,1.662182,38.688355987055004
108,reduction,607,715,input00,reduce2,8.2596,(262144 1 1) (256 1 1),2097152.0,0.971082,0.9618,0.9989,0.8660049999999999,1.0,101974016,63.905,16777216,8.0,1.0021,262144,1.0,0.5,8389039,32.195,942217,3.594,8389014,31.910999999999998,286520,1.0896,6553600,99.89299999999999,1.0,5242880,79.911,1.0,32.007,8388608,0.9993,0.9965,0.4923,31.913,8388608,0,0,66846720.0,0,0,2415919104.0,66846720,0,226754560,108.125,0.84185,43.79568711656441
109,reduction,810,715,input00,reduce2,6.2184,(262144 1 1) (256 1 1),2097152.0,0.967966,0.9618,0.9989,0.8645889999999999,1.0,101974016,84.889,16777216,8.0,1.3243,262144,1.0,0.5,8388879,42.376000000000005,1000646,5.0636,8389167,42.575,379428,1.9241,6553600,132.51,1.0,5242880,105.97,1.0,42.556999999999995,8388608,1.329,1.3253,0.4923,42.445,8388608,0,0,66846720.0,0,0,2415919104.0,66846720,0,226754560,108.125,0.840772,48.97136196319018
105,reduction,1012,715,input00,reduce2,4.9805,(262144 1 1) (256 1 1),2097152.0,0.966764,0.9618,0.9987,0.864223,1.0,101974016,106.03,16777216,8.0,1.6512,262144,1.0,0.5,8388790,52.961000000000006,1268305,8.0178,8389007,53.001999999999995,417614,2.6375,6553600,165.97,1.0,5242880,132.46,1.0,53.092,8388608,1.6587,1.6587,0.4923,53.093,8388608,0,0,66846720.0,0,0,2415919104.0,66846720,0,226754560,108.125,0.840508,54.66246666666667
106,reduction,1202,715,input00,reduce2,4.2009,(262144 1 1) (256 1 1),2097152.0,0.966675,0.9618,0.9985,0.8640329999999999,1.0,101974016,125.81,16777216,8.0,1.9642,262144,1.0,0.5,8388812,62.894,745516,5.5926,8388866,62.934,262157,1.966,6553600,196.6,1.0,5242880,157.28,1.0,62.91,8388608,1.9651,1.9651,0.4923,62.915,8388608,0,0,66846720.0,0,0,2415919104.0,66846720,0,226754560,108.125,0.8403520000000001,65.37715243902439
107,reduction,1328,715,input00,reduce2,3.8368,(262144 1 1) (256 1 1),2097152.0,0.9666299999999999,0.9618,0.9987,0.863914,1.0,101974016,137.72,16777216,8.0,2.1514,262144,1.0,0.5,8388715,68.854,160086,1.3132,8388848,68.866,262157,2.1514,6553600,215.19,1.0,5242880,172.15,1.0,68.844,8388608,2.1504,2.1514,0.4923,68.863,8388608,0,0,66846720.0,0,0,2415919104.0,66846720,0,226754560,108.125,0.840241,78.92878527607363
113,scalarProd,607,715,input00,scalarProdGPU,7.0883,(128 1 1) (256 1 1),1024.0,0.290116,0.984,0.8676999999999999,1.10467,1.0,55642112,558.17,134217728,8.0,0.27657,65536,1.0,0.5,67109199,277.97,4456453,18.428,67109303,277.6,4484062,18.547,4784128,79.262,1.0,4456448,73.72800000000001,1.0,277.5,67108864,0.27657,0.27752,0.4998,278.37,67108864,0,0,603914240.0,268435456,0,2164359168.0,335478784,0,192878592,188360.0,0.913342,67.08089035087718
114,scalarProd,810,715,input00,scalarProdGPU,5.7556,(128 1 1) (256 1 1),1024.0,0.289588,0.984,0.8811,0.962593,1.0,55642112,683.52,134217728,8.0,0.33951,65536,1.0,0.5,67109283,338.12,3677914,18.495,67109228,338.21,3710027,18.695999999999998,4784128,96.51700000000001,1.0,4456448,90.23100000000001,1.0,337.28,67108864,0.33665,0.33665,0.4998,337.37,67108864,0,0,603914240.0,268435456,0,2164359168.0,335478784,0,192878592,188360.0,0.830253,75.87507826086956
110,scalarProd,1012,715,input00,scalarProdGPU,4.9163,(128 1 1) (256 1 1),1024.0,0.290086,0.984,0.8659,0.8683790000000001,1.0,55642112,795.17,134217728,8.0,0.38433,65536,1.0,0.5,67109198,382.01,3581024,20.362000000000002,67109283,380.91,3597496,20.418,4784128,109.86,1.0,4456448,102.61,1.0,383.79,67108864,0.38242,0.38433,0.4998,385.28,67108864,0,0,603914240.0,268435456,0,2164359168.0,335478784,0,192878592,188360.0,0.7883100000000001,83.79417105263158
111,scalarProd,1202,715,input00,scalarProdGPU,4.537,(128 1 1) (256 1 1),1024.0,0.28936799999999996,0.984,0.8831,0.747203,1.0,55642112,869.6,134217728,8.0,0.43773999999999996,65536,1.0,0.5,67109119,403.55,4041016,24.037,67109334,399.67,4061599,24.188000000000002,4784128,124.92,1.0,4456448,116.76,1.0,407.68,67108864,0.40627,0.43773999999999996,0.4998,439.0,67108864,0,0,603914240.0,268435456,0,2164359168.0,335478784,0,192878592,188360.0,0.70809,97.22697402597404
112,scalarProd,1328,715,input00,scalarProdGPU,4.4256,(128 1 1) (256 1 1),1024.0,0.28961,0.984,0.8801000000000001,0.687394,1.0,55642112,899.51,134217728,8.0,0.44918,65536,1.0,0.5,67109138,412.16,4375926,26.288,67109221,408.09,4401811,26.766,4784128,127.4,1.0,4456448,118.92,1.0,444.4,67108864,0.44346,0.45013,0.4998,451.07,67108864,0,0,603914240.0,268435456,0,2164359168.0,335478784,0,192878592,188360.0,0.664661,107.08593939393938
118,scanScanExclusiveShared,607,715,input00,scanExclusiveShared,2.7659,(65536 1 1) (256 1 1),524288.0,0.974825,1.0,0.9976,1.035868,1.0,22020096,94.51799999999999,8388608,16.0,94.20200000000001,8388608,16.0,0.0,8388688,94.884,9521460,107.7,8388805,94.684,9524731,107.5,8912896,400.8,1.0,5242880,234.83,1.0,94.23200000000001,8388608,94.23200000000001,94.23299999999999,0.0,94.23299999999999,8388608,0,0,0.0,0,0,1073741824.0,0,0,82837504,158.0,0.90909,68.0170754716981
119,scanScanExclusiveShared,810,715,input00,scanExclusiveShared,2.0806,(65536 1 1) (256 1 1),524288.0,0.9725540000000001,1.0,0.9967,1.0349629999999999,1.0,22020096,125.45,8388608,16.0,125.11,8388608,16.0,0.0,8388683,125.61,9048785,135.52,8388783,125.77,8878513,133.11,8912896,532.88,1.0,5242880,313.0,1.0,125.83,8388608,125.83,125.82,0.0,125.82,8388608,0,0,0.0,0,0,1073741824.0,0,0,82837504,158.0,0.908328,79.49141249999998
115,scanScanExclusiveShared,1012,715,input00,scanExclusiveShared,1.6668,(65536 1 1) (256 1 1),524288.0,0.971741,1.0,0.9958,1.033903,1.0,22020096,156.64,8388608,16.0,156.57,8388608,16.0,0.0,8388689,156.49,8976626,167.36,8388775,155.75,9031551,167.68,8912896,665.35,1.0,5242880,390.53,1.0,156.58,8388608,156.58,156.66,0.0,156.66,8388608,0,0,0.0,0,0,1073741824.0,0,0,82837504,158.0,0.907538,92.0147763975155
116,scanScanExclusiveShared,1202,715,input00,scanExclusiveShared,1.4053,(65536 1 1) (256 1 1),524288.0,0.971742,1.0,0.9968,1.033325,1.0,22020096,185.38,8388608,16.0,185.52,8388608,16.0,0.0,8388709,185.59,8868722,196.16,8388744,185.59,8708822,192.67,8912896,788.25,1.0,5242880,463.68,1.0,185.5,8388608,185.5,185.5,0.0,185.5,8388608,0,0,0.0,0,0,1073741824.0,0,0,82837504,158.0,0.9069459999999999,112.36813125
117,scanScanExclusiveShared,1328,715,input00,scanExclusiveShared,1.2838,(65536 1 1) (256 1 1),524288.0,0.971757,1.0,0.9954,1.032424,1.0,22020096,202.88,8388608,16.0,202.69,8388608,16.0,0.0,8388699,202.79,8904036,215.41,8388754,202.76,8602461,207.93,8912896,862.27,1.0,5242880,506.81,1.0,202.93,8388608,202.93,202.72,0.0,202.72,8388608,0,0,0.0,0,0,1073741824.0,0,0,82837504,158.0,0.90607,138.3784658385093
123,scanUniformUpdate,607,715,input00,uniformUpdate,0.987,(65536 1 1) (256 1 1),524288.0,0.9067790000000001,0.9732,0.9936,0.36819,1.0,2686976,251.92,8454144,14.333332999999998,251.99,8388608,16.0,0.0001,8396823,249.05,8961832,263.81,8453052,252.08,8832871,263.41,524288,62.942,1.0,65536,7.8538,1.0,254.21,8453081,252.27,252.58,0.0001,254.55,8454144,0,0,0.0,0,0,167903232.0,0,0,11862016,22.625,0.35020100000000004,61.78991975308642
124,scanUniformUpdate,810,715,input00,uniformUpdate,0.98588,(65536 1 1) (256 1 1),524288.0,0.912364,0.9732,0.9928,0.270304,1.0,2686976,251.83,8454144,14.333332999999998,251.54,8388608,16.0,0.0002,8396922,245.35,8804991,261.31,8452413,252.27,8642898,257.96,524288,62.685,1.0,65536,7.8604,1.0,253.15,8452244,251.24,252.64,0.0001,254.61,8454144,0,0,0.0,0,0,167903232.0,0,0,11862016,22.625,0.262919,63.059496855345905
120,scanUniformUpdate,1012,715,input00,uniformUpdate,0.9866,(65536 1 1) (256 1 1),524288.0,0.9182899999999999,0.9732,0.9942,0.21294200000000002,1.0,2686976,253.94,8454144,14.333332999999998,251.48,8388608,16.0,0.0003,8396816,246.21,9011155,265.11,8451703,254.24,8527979,256.53,524288,62.435,1.0,65536,7.8613,1.0,253.05,8451648,251.17,252.64,0.0001,254.61,8454144,0,0,0.0,0,0,167903232.0,0,0,11862016,22.625,0.21255700000000002,65.0612857142857
121,scanUniformUpdate,1202,715,input00,uniformUpdate,0.99284,(65536 1 1) (256 1 1),524288.0,0.9229799999999999,0.9732,0.9947,0.179796,1.0,2686976,251.81,8454144,14.333332999999998,249.19,8388608,16.0,0.0003,8396833,246.86,8743624,259.1,8451382,252.7,8555190,255.81,524288,62.298,1.0,65536,7.8138,1.0,254.36,8451151,252.48,252.54,0.0002,254.51,8454144,0,0,0.0,0,0,167903232.0,0,0,11862016,22.625,0.176146,71.91742500000002
122,scanUniformUpdate,1328,715,input00,uniformUpdate,0.9960200000000001,(65536 1 1) (256 1 1),524288.0,0.925142,0.9732,0.9939,0.165208,1.0,2686976,251.25,8454144,14.333332999999998,247.44,8388608,16.0,0.0004,8396864,247.01,8846774,261.29,8450974,253.21,8433601,252.68,524288,62.117,1.0,65536,7.7896,1.0,253.45,8450865,251.58,251.61,0.0002,253.58,8454144,0,0,0.0,0,0,167903232.0,0,0,11862016,22.625,0.160349,81.88495705521474
128,sortingNetworks,607,715,input00,bitonicSortShared1,3.4856,(8192 1 1) (512 1 1),131072.0,0.9878600000000001,0.8359000000000001,0.9922,1.3240459999999998,1.0,32031747,36.223,4194304,8.0,18.223,2097152,4.0,0.5,2097671,18.076,2127262,18.296,2099336,18.250999999999998,2097165,18.237000000000002,43215577,1488.5,1.675641,41348360,1424.9,1.664437,18.081,2097152,18.081,18.079,0.5,18.079,2097152,0,0,0.0,0,0,578810754.0,0,0,116743189,890.679848,0.987933,52.40381456953642
129,sortingNetworks,810,715,input00,bitonicSortShared1,2.6166,(8192 1 1) (512 1 1),131072.0,0.987583,0.8359000000000001,0.9912,1.3236629999999998,1.0,32031747,48.073,4194304,8.0,24.14,2097152,4.0,0.5,2097510,24.163,2134094,24.593000000000004,2099147,24.01,2097165,23.991999999999997,43215577,1984.0,1.675641,41348360,1895.6,1.664437,23.921,2097152,23.921,24.028000000000002,0.5,24.028000000000002,2097152,0,0,0.0,0,0,578810754.0,0,0,116743189,890.679848,0.987368,60.42296688741722
125,sortingNetworks,1012,715,input00,bitonicSortShared1,2.0983,(8192 1 1) (512 1 1),131072.0,0.987836,0.8359000000000001,0.9913,1.323046,1.0,32031747,60.162,4194304,8.0,29.889,2097152,4.0,0.5,2097488,29.868000000000002,2103261,29.979,2098765,30.138,2097165,30.109,43215577,2478.4,1.675641,41348360,2374.4,1.664437,30.095,2097152,30.095,29.99,0.5,29.99,2097152,0,0,0.0,0,0,578810754.0,0,0,116743189,890.679848,0.9874569999999999,69.31980132450332
126,sortingNetworks,1202,715,input00,bitonicSortShared1,1.7714,(8192 1 1) (512 1 1),131072.0,0.9879879999999999,0.8359000000000001,0.9922,1.322447,1.0,32031747,71.238,4194304,8.0,35.595,2097152,4.0,0.5,2097530,35.589,2096297,35.580999999999996,2098742,35.634,2097165,35.607,43215577,2932.9,1.675641,41348360,2808.6,1.664437,35.586,2097152,35.586,35.59,0.5,35.59,2097152,0,0,0.0,0,0,578810754.0,0,0,116743189,890.679848,0.986978,85.78268874172188
127,sortingNetworks,1328,715,input00,bitonicSortShared1,1.6169,(8192 1 1) (512 1 1),131072.0,0.987042,0.8359000000000001,0.9911,1.321915,1.0,32031747,77.975,4194304,8.0,38.959,2097152,4.0,0.5,2097589,38.99,2095993,38.968,2098781,39.008,2097165,38.98,43215577,3214.4,1.675641,41348360,3073.0,1.664437,38.984,2097152,38.984,38.967,0.5,38.967,2097152,0,0,0.0,0,0,578810754.0,0,0,116743189,890.679848,0.986682,106.28476973684212
133,srad,607,715,input00,srad_cuda_1,6.6138,(256 512 1) (16 16 1),1048576.0,0.97762,0.9147,0.9987,2.523914,0.9345,47185928,156.39,33619968,6.397506,97.51299999999999,20971520,4.0,0.7348,4365407,20.289,37344952,174.71,21497956,100.18,35516433,165.5,7602176,141.6,1.45,7318673,136.23,0.995424,100.31,21497938,156.57,156.82,0.5627,157.05,33603584,536870912,234881024,2684354545.0,1040187385,167772159,3353477134.0,2046820348,301989888,346542110,330.48831,1.572416,77.24285987261146
134,srad,810,715,input00,srad_cuda_1,4.9721,(256 512 1) (16 16 1),1048576.0,0.975736,0.9147,0.9984,2.5174279999999998,0.9345,47185928,206.85,33619968,6.397506,129.56,20971520,4.0,0.735,4336852,26.715999999999998,36124446,223.79,21492092,132.54,35394372,218.28,7602176,187.43,1.45,7318673,179.88,0.995424,132.73,21491721,207.23,206.84,0.5628,207.15,33603584,536870912,234881024,2684354545.0,1040187385,167772159,3353477134.0,2046820348,301989888,346542110,330.48831,1.5659809999999998,91.92594904458599
130,srad,1012,715,input00,srad_cuda_1,3.9944,(256 512 1) (16 16 1),1048576.0,0.975017,0.9147,0.998,2.509425,0.9345,47185928,257.91,33619968,6.397506,161.31,20971520,4.0,0.735,4324629,33.214,35829660,274.27,21491258,165.24,35380087,272.03,7602176,233.91,1.45,7318673,225.15,0.995424,164.94,21490737,257.52,258.01,0.5628,258.39,33603584,536870912,234881024,2684354545.0,1040187385,167772159,3353477134.0,2046820348,301989888,346542110,330.48831,1.560182,108.12687974683544
131,srad,1202,715,input00,srad_cuda_1,3.3777,(256 512 1) (16 16 1),1048576.0,0.97496,0.9147,0.9985,2.491457,0.9345,47185928,304.03,33619968,6.397506,189.59,20971520,4.0,0.7351000000000001,4304329,38.917,35530078,321.07,21490392,194.32,33554445,303.41,7602176,275.01,1.45,7318673,264.75,0.995424,194.32,21490015,303.41,303.46,0.5628,303.91,33603584,536870912,234881024,2684354545.0,1040187385,167772159,3353477134.0,2046820348,301989888,346542110,330.48831,1.551982,134.2943101265823
132,srad,1328,715,input00,srad_cuda_1,3.0941,(256 512 1) (16 16 1),1048576.0,0.974867,0.9147,0.9976,2.462016,0.9345,47185928,330.46,33619968,6.397506,206.42,20971520,4.0,0.7351000000000001,4304639,42.257,34561885,339.32,21490037,211.22,34791288,341.95,7602176,299.25,1.45,7318673,287.78,0.995424,211.4,21489627,330.09,330.28,0.5628,330.77,33603584,536870912,234881024,2684354545.0,1040187385,167772159,3353477134.0,2046820348,301989888,346542110,330.48831,1.541792,167.5519679487179
138,stereoDisparity,607,715,input00,stereoDisparityKernel,9.033999999999999,(64 256 1) (32 8 1),131072.0,0.989692,0.9605,0.9949,1.158044,1.0,44957696,0.0,0,0.0,1.7267,524288,4.0,0.0,1279800,4.2245,1271166,4.1947,69418622,228.33,2621453,8.6213,149291008,1969.7,1.0,20054016,264.67,1.0,228.15,69428163,8.6138,8.652000000000001,0.5672999999999999,362.56,109838336,0,0,0.0,0,0,3211613767.0,0,0,366215168,2794.0,1.183039,62.10905263157896
139,stereoDisparity,810,715,input00,stereoDisparityKernel,6.7969,(64 256 1) (32 8 1),131072.0,0.989502,0.9605,0.9951,1.156794,1.0,44957696,0.0,0,0.0,2.3013,524288,4.0,0.0,1277380,5.5898,1268057,5.5255,69842959,305.82,2621453,11.475,149291008,2622.0,1.0,20054016,349.94,1.0,306.89,69839227,11.519,11.502,0.5648,481.95,109838336,0,0,0.0,0,0,3211613767.0,0,0,366215168,2794.0,1.181674,73.73035099337747
135,stereoDisparity,1012,715,input00,stereoDisparityKernel,5.4566,(64 256 1) (32 8 1),131072.0,0.989447,0.9605,0.9946,1.155741,1.0,44957696,0.0,0,0.0,2.8741,524288,4.0,0.0,1276711,7.0082,1267939,6.9179,69840522,381.78,2621453,14.33,149291008,3265.6,1.0,20054016,438.49,1.0,383.33,69819673,14.392000000000001,14.347000000000001,0.565,601.17,109838336,0,0,0.0,0,0,3211613767.0,0,0,366215168,2794.0,1.180641,86.06714379084964
136,stereoDisparity,1202,715,input00,stereoDisparityKernel,4.6161,(64 256 1) (32 8 1),131072.0,0.989342,0.9605,0.9949,1.1543,1.0,44957696,0.0,0,0.0,3.3909,524288,4.0,0.0,1280712,8.2878,1264595,8.1854,69908908,452.45,2621453,16.962,149291008,3865.6,1.0,20054016,519.29,1.0,452.45,69910955,16.965,16.958,0.5643,710.6,109838336,0,0,0.0,0,0,3211613767.0,0,0,366215168,2794.0,1.179526,109.001238410596
137,stereoDisparity,1328,715,input00,stereoDisparityKernel,4.2063,(64 256 1) (32 8 1),131072.0,0.989284,0.9605,0.9948,1.153184,1.0,44957696,0.0,0,0.0,3.7216,524288,4.0,0.0,1277095,9.0683,1266380,8.991,69866007,496.17,2621453,18.615,149291008,4241.2,1.0,20054016,569.57,1.0,496.14,69865304,18.615,18.612000000000002,0.5646,779.88,109838336,0,0,0.0,0,0,3211613767.0,0,0,366215168,2794.0,1.178506,138.2609801324503
143,transpose,607,715,input00,transposeCoalesced,1.9577,(512 512 1) (16 16 1),2097152.0,0.86856,1.0,0.9966,2.367414,1.0,6291456,312.52,16777216,8.0,156.38,8388608,4.0,0.5,8388725,156.57,9319248,172.57,8388768,155.76,8932324,165.86,16777216,1251.7,8.0,2097152,156.24,1.0,155.75,8388608,155.75,156.06,0.5,156.06,8388608,0,0,0.0,0,0,1476395008.0,0,0,73400320,35.0,1.334193,74.91514659685862
144,transpose,810,715,input00,transposeCoalesced,1.4924,(512 512 1) (16 16 1),2097152.0,0.865524,1.0,0.9955,2.1436990000000002,1.0,6291456,380.3,16777216,8.0,191.39,8388608,4.0,0.5,8388699,188.88,8843513,200.31,8388765,190.59,8538461,193.99,16777216,1523.8,8.0,2097152,190.21,1.0,190.69,8388608,190.69,190.27,0.5,190.27,8388608,0,0,0.0,0,0,1476395008.0,0,0,73400320,35.0,1.227355,84.14825925925926
140,transpose,1012,715,input00,transposeCoalesced,1.2408,(512 512 1) (16 16 1),2097152.0,0.8687969999999999,1.0,0.9944,2.002866,1.0,6291456,442.65,16777216,8.0,221.33,8388608,4.0,0.5,8388693,219.93,8731844,229.8,8388855,221.23,8742826,230.57,16777216,1775.9,8.0,2097152,222.52,1.0,221.72,8388608,221.72,222.52,0.5,222.52,8388608,0,0,0.0,0,0,1476395008.0,0,0,73400320,35.0,1.143245,94.15349473684209
141,transpose,1202,715,input00,transposeCoalesced,1.1088,(512 512 1) (16 16 1),2097152.0,0.8825299999999999,1.0,0.9964,1.788775,1.0,6291456,473.84,16777216,8.0,235.75,8388608,4.0,0.5,8388643,234.27,8829973,247.37,8388788,236.12,8545919,240.54,16777216,1883.1,8.0,2097152,235.42,1.0,235.94,8388608,235.94,237.03,0.5,237.03,8388608,0,0,0.0,0,0,1476395008.0,0,0,73400320,35.0,1.027523,108.95244444444445
142,transpose,1328,715,input00,transposeCoalesced,1.0637,(512 512 1) (16 16 1),2097152.0,0.8894489999999999,1.0,0.9963,1.659557,1.0,6291456,488.79,16777216,8.0,243.34,8388608,4.0,0.5,8388639,242.04,8587607,252.89,8388754,246.19,8816142,258.73,16777216,1950.3,8.0,2097152,244.04,1.0,248.01,8388608,248.01,248.89,0.5,248.89,8388608,0,0,0.0,0,0,1476395008.0,0,0,73400320,35.0,0.9707709999999999,130.73578947368424
148,vectorAdd,607,715,input00,vectorAdd,1.4474,(262144 1 1) (256 1 1),2097152.0,0.829041,1.0,0.995,1.351267,1.0,4194304,687.2,33554432,8.0,172.3,8388608,4.0,0.5,16777398,335.36,9315239,185.88,16777341,340.93,8982062,182.52,0,0.0,0.0,0,0.0,0.0,343.27,16777216,171.63,171.61,0.5,343.22,16777216,0,0,67108864.0,0,0,805306368.0,67108864,0,44040192,21.0,0.883531,92.316908045977
149,vectorAdd,810,715,input00,vectorAdd,1.4340000000000002,(262144 1 1) (256 1 1),2097152.0,0.8521780000000001,1.0,0.9957,0.9964049999999999,1.0,4194304,689.17,33554432,8.0,173.26,8388608,4.0,0.5,16777297,335.32,9316770,186.51,16777402,342.69,8980534,183.43,0,0.0,0.0,0,0.0,0.0,344.65,16777216,172.33,172.18,0.5,344.36,16777216,0,0,67108864.0,0,0,805306368.0,67108864,0,44040192,21.0,0.6709649999999999,94.18949122807018
145,vectorAdd,1012,715,input00,vectorAdd,1.4477,(262144 1 1) (256 1 1),2097152.0,0.871365,1.0,0.9959,0.7915220000000001,1.0,4194304,681.24,33554432,8.0,170.94,8388608,4.0,0.5,16777361,332.11,9300743,184.72,16777409,339.85,8809426,178.45,0,0.0,0.0,0,0.0,0.0,340.61,16777216,170.31,170.5,0.5,341.0,16777216,0,0,67108864.0,0,0,805306368.0,67108864,0,44040192,21.0,0.5310159999999999,95.56656647398843
146,vectorAdd,1202,715,input00,vectorAdd,1.4557,(262144 1 1) (256 1 1),2097152.0,0.885727,1.0,0.9966,0.657274,1.0,4194304,678.0,33554432,8.0,169.8,8388608,4.0,0.5,16777278,331.72,9615989,190.38,16777351,338.11,8834832,178.05,0,0.0,0.0,0,0.0,0.0,340.22,16777216,170.11,170.11,0.5,340.21,16777216,0,0,67108864.0,0,0,805306368.0,67108864,0,44040192,21.0,0.44617799999999996,105.66234705882354
147,vectorAdd,1328,715,input00,vectorAdd,1.4607,(262144 1 1) (256 1 1),2097152.0,0.892603,1.0,0.9969,0.598843,1.0,4194304,674.58,33554432,8.0,169.55,8388608,4.0,0.5,16777293,335.2,9527358,188.31,16777457,336.16,9004121,180.41,0,0.0,0.0,0,0.0,0.0,338.36,16777216,169.18,169.48,0.5,338.95,16777216,0,0,67108864.0,0,0,805306368.0,67108864,0,44040192,21.0,0.40583400000000003,121.50958823529409
