,n_shm_ld,n_shm_st,n_gld,n_gst,n_dm_ld,n_dm_st,n_flop_sp,other_insts,real_cycle,c_to_m,act_util,appName
0,0.0,0.0,0.0036538713663587245,0.002435692027014621,0.003653562430217307,0.002433287899899078,0.9878235862765102,0.0,1.9559009997865442,0.48828571428571427,0.8831100000000001,BlackScholes
1,0.0,0.0,0.0036538761393248805,0.0024356921118800336,0.0036536020455958775,0.0024332090085215207,0.9878236206946777,0.0,1.66970775392532,0.42725,0.875252,BlackScholes
2,0.0,0.0,0.003653892492483374,0.002435692174114673,0.0036535672965254,0.0024332021022079003,0.9878236459346686,0.0,1.4628036700322467,0.37977777777777777,0.867825,BlackScholes
3,0.0,0.0,0.0036538694933580685,0.002435692326872438,0.0036535396517228653,0.0024331906406674124,0.9878237078873792,0.0,1.3149408990590106,0.3418,0.8631190000000001,BlackScholes
4,0.0,0.0,0.003653882751341155,0.002435691874256894,0.00365359007501501,0.002433310975571982,0.9878235243238149,0.0,1.8396421324472207,0.45971428571428574,0.882553,BlackScholes
5,0.0,0.0,0.0036539111345214007,0.002435692213718536,0.003653581292901521,0.002433153362376786,0.9878236619964817,0.0,1.570672232981967,0.40225,0.874933,BlackScholes
6,0.0,0.0,0.003653947705649823,0.0024356918176799626,0.0036536085727718495,0.0024332505255241403,0.9878235013783743,0.0,1.378571845658213,0.35755555555555557,0.867768,BlackScholes
7,0.0,0.0,0.003653904225448219,0.0024356922533224005,0.003653553478367855,0.0024331719845661435,0.9878236780582954,0.0,1.236594318218205,0.3218,0.8634299999999999,BlackScholes
8,0.0,0.0,0.003653941203977247,0.0024356944516813446,0.003653595102571263,0.002433141663458686,0.9878236275783114,0.0,2.079153535507876,0.5168571428571429,0.8830370000000001,BlackScholes
9,0.0,0.0,0.0036538717482879485,0.002435692281610876,0.0036535535208007436,0.002433192918280712,0.9878236895310197,0.0,1.7666782415124984,0.45225,0.874825,BlackScholes
10,0.0,0.0,0.003653887634642994,0.002435692032672315,0.003653567084360177,0.002433264677269824,0.9878235885710547,0.0,1.5504861205448521,0.402,0.868043,BlackScholes
11,0.0,0.0,0.003653903885952558,0.002435692027014621,0.003653557784561045,0.002433260025961507,0.9878235862765102,0.0,1.3927656262168189,0.3618,0.8641909999999999,BlackScholes
12,0.0,0.0,0.003653936074535237,0.002435691806364577,0.00365355977641211,0.002433315553401871,0.9878234967892862,0.0,2.196089240246361,0.5454285714285714,0.8834190000000001,BlackScholes
13,0.0,0.0,0.0036539131008783724,0.0024356919760953766,0.003653555385353683,0.0024332739120615987,0.987823565625611,0.0,1.8650385995149812,0.47725,0.875382,BlackScholes
14,0.0,0.0,0.0036538756725219786,0.002435691800706884,0.003653582996204671,0.002433355035824255,0.9878234944947422,0.0,1.6361592786666737,0.4242222222222222,0.867914,BlackScholes
15,0.0,0.0,0.0036539015970739686,0.0024356920496453973,0.003653567109820003,0.0024332437887726187,0.987823595454688,0.0,1.4686693934411406,0.3818,0.864117,BlackScholes
16,0.024480385861449523,7.803757048597233e-06,3.30176960726149e-05,0.0975470879675782,2.9997642094807765e-05,0.09752600221603289,0.7803757048597234,0.0,39.8271467835815,0.48828571428571427,0.962216,SobolQRNG
17,0.02448039388508947,7.803759606340283e-06,3.2650930192927744e-05,0.09754709652812843,2.997424064795303e-05,0.09752612002230658,0.7803759606340284,0.0,33.79030280449254,0.42725,0.9551209999999999,SobolQRNG
18,0.0244804049653628,7.803763138464393e-06,3.2689963787027344e-05,0.09754714067972572,3.025518968782645e-05,0.09752539159185881,0.7803763138464394,0.0,30.124094158730934,0.37977777777777777,0.955982,SobolQRNG
19,0.02448043591376559,7.803773004069362e-06,3.2487107015940755e-05,0.09754726399991609,2.9826020421553106e-05,0.09752488277894042,0.7803773004069363,0.0,27.728825674786613,0.3418,0.954692,SobolQRNG
20,0.02448038414209879,7.803756500509655e-06,3.3095731318661446e-05,0.0975470577052052,3.0450257864988675e-05,0.09752555835604629,0.7803756500509655,0.0,37.09559365193466,0.45971428571428574,0.962201,SobolQRNG
21,0.024480417956040862,7.80376727957949e-06,3.2448064348491527e-05,0.09754719244371828,3.002889649182188e-05,0.09752538091417184,0.7803767279579491,0.0,31.65860085722746,0.40225,0.9556459999999999,SobolQRNG
22,0.024480387007683478,7.803757413988995e-06,3.309573519272732e-05,0.09754706912370882,2.9903998410405828e-05,0.09752599897869105,0.7803757413988995,0.0,28.039944618517833,0.35755555555555557,0.9532440000000001,SobolQRNG
23,0.024480418720198825,7.803767523174633e-06,3.25182992690687e-05,0.09754719548866073,2.976356933338805e-05,0.09752554783755144,0.7803767523174633,0.0,26.076221574041366,0.3218,0.954142,SobolQRNG
24,0.024480408786149037,7.803764356438965e-06,3.273679147526146e-05,0.09754715590442371,3.017715676634948e-05,0.0975252819529326,0.7803764356438966,0.0,42.03176514075973,0.5168571428571429,0.964075,SobolQRNG
25,0.024480400189381683,7.803761615996711e-06,3.2846032641730156e-05,0.09754712164885991,3.0294202593299235e-05,0.09752537256523612,0.7803761615996712,0.0,35.68244155788021,0.45225,0.954849,SobolQRNG
26,0.02448040401016643,7.80376283397081e-06,3.293187915935681e-05,0.09754713687355197,3.025518850730483e-05,0.09752518488870002,0.780376283397081,0.0,31.766868743524356,0.402,0.95594,SobolQRNG
27,0.024480407639913042,7.803763991046555e-06,3.267435983051192e-05,0.09754715133701382,3.019276288135912e-05,0.0975253710317148,0.7803763991046554,0.0,29.36593902745376,0.3618,0.9546180000000001,SobolQRNG
28,0.02448037420807706,7.803753333782934e-06,3.343127928192609e-05,0.09754701812108002,2.978692647504946e-05,0.09752625233345882,0.7803753333782933,0.0,44.12053121577542,0.5454285714285714,0.961989,SobolQRNG
29,0.024480399043146493,7.803761250604557e-06,3.3080143941312715e-05,0.09754711708145322,2.9818171738560013e-05,0.09752565673801405,0.7803761250604557,0.0,37.8458326566222,0.47725,0.95768,SobolQRNG
30,0.02448040018938169,7.803761615996713e-06,3.266654612456224e-05,0.09754712164885992,3.012251983774731e-05,0.09752572373450887,0.7803761615996713,0.0,33.52243663707037,0.4242222222222222,0.955781,SobolQRNG
31,0.02448042387826632,7.803769167442244e-06,3.238564204488532e-05,0.09754721604202723,2.9818201988796814e-05,0.0975254357222809,0.7803769167442244,0.0,30.531286712886697,0.3818,0.9524940000000001,SobolQRNG
32,0.0243920137505037,0.017616454375363785,0.02259832115225092,0.021683223631174895,0.016263106968923077,0.016187014261096797,0.686590016680845,0.19466984917984193,25.35600673492635,0.48828571428571427,0.947535,backprop
33,0.024392005680704737,0.017616448547175645,0.022597762279622083,0.02168321645754596,0.01626310158847335,0.01618733974357207,0.6865897895309482,0.194670336171958,25.262687815179323,0.42725,0.9473600000000001,backprop
34,0.024392008370637132,0.017616450489904595,0.022598205888736164,0.02168321884875508,0.016262772544169052,0.01618756208722472,0.6865898652475637,0.19466991652300955,25.180038852751814,0.37977777777777777,0.94732,backprop
35,0.024392059479465353,0.01761648740183609,0.022597371003043824,0.02168326428182851,0.0162628066197251,0.01618550069481595,0.6865913038664321,0.19467120665285306,25.14763292124079,0.3418,0.947182,backprop
36,0.024392019130372644,0.017616458260824686,0.02259821585719447,0.021683228413596822,0.01626322083520257,0.016186686993349277,0.6865901681141929,0.19467000239526663,23.834975362709972,0.45971428571428574,0.947499,backprop
37,0.024392016440437876,0.017616456318094022,0.022597882527182468,0.021683226022385593,0.016262998483108245,0.01618701604618938,0.6865900923975106,0.19467031176509186,23.930035540247115,0.40225,0.947398,backprop
38,0.024392024510243956,0.0176164621462873,0.02259855167943297,0.021683233196020855,0.016262893584190884,0.016186800842798794,0.6865903195476077,0.19466971449341755,23.889082651846632,0.35755555555555557,0.947255,backprop
39,0.024392019130372644,0.017616458260824686,0.02259909809168269,0.021683228413596822,0.01626300027658051,0.01618690755197133,0.6865901681141929,0.19466912016077842,23.846557830866526,0.3218,0.947253,backprop
40,0.024392008370637132,0.017616450489904595,0.02259732365463711,0.02168321884875508,0.016263103381956197,0.016187231249437575,0.6865898652475637,0.1946707987571086,26.843395812387623,0.5168571428571429,0.947475,backprop
41,0.02439203258005538,0.01761646797448444,0.022597566641548703,0.021683240369660864,0.016262788685204116,0.016186585639265807,0.6865905466978551,0.19467077141192554,26.74917280676332,0.45225,0.94734,backprop
42,0.024391997610911112,0.01761644271899136,0.022597865082645448,0.021683209283921777,0.01626364760409586,0.016187113829763303,0.6865895623812017,0.19467016148846944,26.67339338428454,0.402,0.947212,backprop
43,0.024391994920981094,0.017616440776264123,0.022598193428175654,0.02168320689271477,0.016263645810553787,0.016187222323862886,0.6865894866646529,0.19466980918279472,26.63597074349725,0.3618,0.9472299999999999,backprop
44,0.02439203258005538,0.01761646797448444,0.022597456362176867,0.021683240369660864,0.016263009243947784,0.01618636508052214,0.6865905466978551,0.19467088169129737,28.20410764347761,0.5454285714285714,0.9473590000000001,backprop
45,0.024391997610911112,0.01761644271899136,0.022597423965790505,0.021683209283921777,0.016263537324882123,0.016187224108977036,0.6865895623812017,0.19467060260532437,28.15203567463773,0.47725,0.947364,backprop
46,0.02439198416126694,0.017616433005359457,0.022597521784819566,0.021683197327892013,0.01626430031130702,0.016186994625104364,0.686589183798625,0.19467038498562567,28.07263750763241,0.4242222222222222,0.9472299999999999,backprop
47,0.02439201106057012,0.017616452432633975,0.02259732614665357,0.021683221239964724,0.016262994896164895,0.016187233034553695,0.686589940964196,0.19467082022526305,28.025446028693285,0.3818,0.947192,backprop
48,0.03785364875024265,0.012617882916747552,0.07720968542269768,0.0063095671926187615,0.0504754304726705,0.007989567373600358,0.8075442178714225,0.0,25.091177754346372,0.48828571428571427,0.901842,conjugateGradient
49,0.03785256467644594,0.012617521558815313,0.07722643826673113,0.0063093864957325186,0.050473648005110464,0.007999350025134544,0.8075210909720301,0.0,22.180915203082915,0.42725,0.898092,conjugateGradient
50,0.037852327828251375,0.012617442609417126,0.0772421273105273,0.00630934701711824,0.050474246687983886,0.007988470334348945,0.8075160382123531,0.0,20.344731760341524,0.37977777777777777,0.895649,conjugateGradient
51,0.037851821347443054,0.01261727378248102,0.07725428169272772,0.006309262595277879,0.050473378796026064,0.007988748493737858,0.8075052332923064,0.0,19.218810477139073,0.3418,0.8926059999999999,conjugateGradient
52,0.03785327523881393,0.012617758412937977,0.07721128208889978,0.006309504934539699,0.0504745954884621,0.007997334205887061,0.8075362496304594,0.0,23.62219786865184,0.45971428571428574,0.9016770000000001,conjugateGradient
53,0.03785247175872399,0.01261749058624133,0.07722913661129908,0.006309371007909565,0.05047405355704659,0.007998367750775297,0.8075191087280041,0.0,20.885258957274768,0.40225,0.897708,conjugateGradient
54,0.03785256467644594,0.012617521558815313,0.07724289941927749,0.0063093864957325186,0.05047403306131038,0.007982503816388261,0.8075210909720301,0.0,19.22536919441728,0.35755555555555557,0.895307,conjugateGradient
55,0.037851440584825244,0.012617146861608414,0.07725302326320144,0.006309199128547435,0.050472534155275556,0.007999545647177225,0.8074971103593647,0.0,18.14829994023126,0.3218,0.8924709999999999,conjugateGradient
56,0.037853504810819116,0.012617834936939706,0.07720712956962354,0.0063095432003354695,0.05047490160607079,0.007995938711392826,0.8075411471648185,0.0,26.5594868651523,0.5168571428571429,0.901611,conjugateGradient
57,0.037852985544781406,0.012617661848260468,0.0772257085437749,0.006309456647412198,0.050474209202493056,0.007989908719968953,0.807530069493309,0.0,23.45171737377655,0.45225,0.8981180000000001,conjugateGradient
58,0.037852254952480124,0.012617418317493374,0.07724168980915712,0.006309334869951702,0.05047395698514629,0.007990861535982389,0.807514483529789,0.0,21.531166825032372,0.402,0.8955420000000001,conjugateGradient
59,0.037851712036816705,0.012617237345605568,0.07725391420062978,0.0063092443750332105,0.050472607333923225,0.007992383374879961,0.8075029013331115,0.0,20.340061412129085,0.3618,0.8923409999999999,conjugateGradient
60,0.03785368883483395,0.012617896278277984,0.07720577210609518,0.006309573874046591,0.05047562832328411,0.007992367574397835,0.8075450730090643,0.0,28.004566472254556,0.5454285714285714,0.9020100000000001,conjugateGradient
61,0.037852734115819166,0.012617578038606388,0.07722938309629408,0.006309414738428949,0.050474403394863185,0.007991780938622007,0.8075247056773662,0.0,24.721412178291253,0.47725,0.8979600000000001,conjugateGradient
62,0.03785244260816013,0.01261748086938671,0.07724077318072964,0.006309366149000385,0.05047391842273788,0.007987531920454384,0.8075184868495309,0.0,22.672311440754296,0.4242222222222222,0.895754,conjugateGradient
63,0.03785232965014925,0.012617443216716418,0.07725161297837341,0.006309347320798003,0.050473334614599887,0.007979855139869112,0.8075160770794939,0.0,21.414118551515035,0.3818,0.8925559999999999,conjugateGradient
64,0.028296839622858755,0.0021935534591363375,0.0043512111629497585,0.0035097242121829306,0.003510506689070616,0.0035036994376674803,0.9546344654161342,0.0,2.3024327685963177,0.48828571428571427,0.8738520000000001,convolutionSeparable
65,0.028296855955472218,0.0021935547252304043,0.004351228550414315,0.0035097262379557618,0.003509866072309177,0.0035037520383460305,0.954635016420272,0.0,2.3146830753185452,0.42725,0.936159,convolutionSeparable
66,0.028296858649513364,0.0021935549340708037,0.004351130783102385,0.0035097265721040828,0.0035097860760899243,0.003503835677505748,0.9546351073076137,0.0,2.335536494257552,0.37977777777777777,0.9468610000000001,convolutionSeparable
67,0.028296864963674312,0.0021935554235406446,0.004351152580413385,0.0035097273552644587,0.0035097809088636663,0.003503598443355152,0.9546353203248885,0.0,2.3429360833213226,0.3418,0.9510200000000001,convolutionSeparable
68,0.028296831877502256,0.002193552858721105,0.004351144517622112,0.003509723251507972,0.0035104997777885253,0.0035040436014329686,0.954634204115425,0.0,2.1717439673554777,0.45971428571428574,0.873425,convolutionSeparable
69,0.02829686681582872,0.0021935555671185056,0.004351215344418645,0.003509727584991568,0.00350981981619624,0.003503432061472657,0.9546353828099736,0.0,2.1812803490754367,0.40225,0.939527,convolutionSeparable
70,0.028296854187508,0.0021935545881789143,0.004351150923383749,0.0035097260186709614,0.003509883704208578,0.003503873802586234,0.9546349567754636,0.0,2.192132672454755,0.35755555555555557,0.9391700000000001,convolutionSeparable
71,0.028296883821985114,0.0021935568854252025,0.004351217959459,0.003509729694305528,0.0035097772975365487,0.0035028778042405133,0.9546359565370481,0.0,2.1978256758303223,0.3218,0.950622,convolutionSeparable
72,0.028296832971954552,0.0021935529435623685,0.004351162537093301,0.0035097233872554887,0.0035106546237888754,0.003503832498002758,0.9546342410383427,0.0,2.437230132493786,0.5168571428571429,0.87234,convolutionSeparable
73,0.0282968514934677,0.0021935543793385813,0.004351135633133838,0.0035097256845227458,0.003509806014883317,0.0035040609065031866,0.9546348658881506,0.0,2.449980384353052,0.45225,0.9383520000000001,convolutionSeparable
74,0.028296859743967725,0.0021935550189122266,0.004351148802590089,0.0035097267078518556,0.0035097802614411848,0.003503785234635754,0.954635144230601,0.0,2.46985973266722,0.402,0.9465950000000001,convolutionSeparable
75,0.028296861175177403,0.0021935551298587134,0.004351247204249603,0.0035097268853681906,0.0035098607693482844,0.00350355632148564,0.954635192514512,0.0,2.4746864672777105,0.3618,0.950377,convolutionSeparable
76,0.02829683490829343,0.0021935530936661573,0.0043511479588573135,0.0035097236274241983,0.003510526930559086,0.0035039071176882534,0.9546343063635118,0.0,2.5714676579419447,0.5454285714285714,0.873289,convolutionSeparable
77,0.02829686210125433,0.0021935552016476225,0.0043511372642664895,0.003509727000231711,0.0035098162562213616,0.003503678419333071,0.9546352237570453,0.0,2.583156129063579,0.47725,0.9399629999999999,convolutionSeparable
78,0.028296857723436663,0.002193554862281912,0.004351246673470689,0.0035097264572405903,0.003509780010826095,0.0035037582076559858,0.954635076065088,0.0,2.5944557593522557,0.4242222222222222,0.947197,convolutionSeparable
79,0.028296871867160168,0.0021935559586945866,0.004351147691547295,0.003509728211520202,0.0035098293683433843,0.0035033136788501914,0.954635553223884,0.0,2.5974676783091555,0.3818,0.950132,convolutionSeparable
80,0.0,0.0,0.004650623817767376,0.002331087885882787,0.0023311432151184954,0.002327665377445415,0.9883594797037859,0.0,3.168951431703703,0.48828571428571427,0.828451,convolutionTexture
81,0.0,0.0,0.004650631740323614,0.0023310878950954525,0.0023311274159782576,0.002327669338732835,0.9883594836098699,0.0,2.986980925494949,0.42725,0.8290690000000001,convolutionTexture
82,0.0,0.0,0.004650615840072269,0.0023310997052967347,0.00233115898661977,0.0023276613885606567,0.9883594640794505,0.0,2.8699106008419357,0.37977777777777777,0.8299200000000001,convolutionTexture
83,0.0,0.0,0.004650671003888345,0.0023310877661181476,0.002331143095351013,0.002327669209944676,0.9883594289246979,0.0,2.805391808692069,0.3418,0.830982,convolutionTexture
84,0.0,0.0,0.004650600086858205,0.002331095780846621,0.0023311629663468583,0.002327665368246276,0.9883594757977021,0.0,2.9916530769774483,0.45971428571428574,0.828297,convolutionTexture
85,0.0,0.0,0.004650686775480745,0.002331087747692819,0.0023311430769252474,0.002327661287370307,0.988359421112531,0.0,2.8070289320587793,0.40225,0.829076,convolutionTexture
86,0.0,0.0,0.004650659533600296,0.00233108795958411,0.0023311472409099578,0.002327594313447513,0.9883595109524581,0.0,2.7193645497529055,0.35755555555555557,0.830261,convolutionTexture
87,0.0,0.0,0.004650615435720137,0.00233108764635352,0.002331190400637848,0.0023277283716735655,0.988359378145615,0.0,2.632005739931589,0.3218,0.830758,convolutionTexture
88,0.0,0.0,0.0046506785404666455,0.002331087581864879,0.0023312180007606107,0.0023276650738738667,0.988359350803034,0.0,3.3545766282087572,0.5168571428571429,0.8285,convolutionTexture
89,0.0,0.0,0.004650635582133559,0.0023310878398194626,0.0023311589774068246,0.0023276574272733472,0.9883594601733668,0.0,3.160470123470367,0.45225,0.82926,convolutionTexture
90,0.0,0.0,0.004650615987109427,0.002331087922733448,0.002331135347793377,0.0023276654142419715,0.9883594953281218,0.0,3.037331336974956,0.402,0.8302459999999999,convolutionTexture
91,0.0,0.0,0.004650698484705077,0.0023310876739915092,0.0023311588115738106,0.002327665165865236,0.9883593898638643,0.0,2.9685163080113997,0.3618,0.83129,convolutionTexture
92,0.0,0.0,0.0046507104144888605,0.0023310877108421637,0.0023311272317218454,0.0023276691547497548,0.9883594054881975,0.0,3.53335428449092,0.5454285714285714,0.828199,convolutionTexture
93,0.0,0.0,0.004650635545374116,0.002331087821394133,0.002331162911069089,0.002327661360963288,0.9883594523611994,0.0,3.3290060489945645,0.47725,0.829091,convolutionTexture
94,0.0,0.0,0.004650674735417894,0.002331087655566183,0.002331190409850917,0.002327665147466962,0.988359382051698,0.0,3.1958168005288714,0.4242222222222222,0.829958,convolutionTexture
95,0.0,0.0,0.00465066716207936,0.0023310878213941336,0.0023311352464520005,0.002327657408875133,0.9883594523611995,0.0,3.1235913734716116,0.3818,0.831192,convolutionTexture
96,0.032994829618630796,0.032994829618630796,0.010153620421530396,0.01015238113255734,0.01015262318118489,0.01015325250761652,0.8933984635198493,0.0,8.946794361254227,0.48828571428571427,0.970925,fastWalshTransform
97,0.03299487274499458,0.03299487274499458,0.010153256096612617,0.01015239440237225,0.010152471858034305,0.010152500903907576,0.8933996312490841,0.0,8.264274145383286,0.42725,0.96921,fastWalshTransform
98,0.032994847508071724,0.032994847508071724,0.01015328705845163,0.010152386637068944,0.010152502820473162,0.010153180556997763,0.893398947910865,0.0,7.7937737086499554,0.37977777777777777,0.9654659999999999,fastWalshTransform
99,0.03299483856334883,0.03299483856334883,0.010153429535166882,0.010152383884812396,0.01015240324870785,0.010153400489323701,0.8933987057152915,0.0,7.304427903676337,0.3418,0.9643940000000001,fastWalshTransform
100,0.032994850063707726,0.032994850063707726,0.010153316890733963,0.010152387423428232,0.010152561698548057,0.010153016750249821,0.8933990171096244,0.0,8.555427329981411,0.45971428571428574,0.970664,fastWalshTransform
101,0.03299484878588967,0.03299484878588967,0.010153432680927025,0.010152387030248573,0.010152416076100752,0.010153084130700873,0.8933989825102434,0.0,7.845237659382219,0.40225,0.9691280000000001,fastWalshTransform
102,0.032994847508071724,0.032994847508071724,0.010153412923806197,0.010152386637068944,0.010152744869231949,0.010152812642884408,0.893398947910865,0.0,7.400769088098663,0.35755555555555557,0.964935,fastWalshTransform
103,0.03299482259064145,0.03299482259064145,0.010153260026888886,0.010152378970072271,0.01015243706173051,0.010154005536502943,0.8933982732235225,0.0,6.992378995498908,0.3218,0.964153,fastWalshTransform
104,0.0329948829675566,0.0329948829675566,0.01015329797016531,0.010152397547814945,0.01015249436742251,0.010152136134874515,0.8933999080446096,0.0,9.425305802162908,0.5168571428571429,0.970777,fastWalshTransform
105,0.03299486028625569,0.03299486028625569,0.010153252262781595,0.010152390568866602,0.01015265198162733,0.010152690709443734,0.8933992939047694,0.0,8.554184566290775,0.45225,0.968844,fastWalshTransform
106,0.032994861883529375,0.032994861883529375,0.010153446393389626,0.010152391060341524,0.010152584699432919,0.01015251692575093,0.8933993371540262,0.0,8.231116348509383,0.402,0.965618,fastWalshTransform
107,0.03299485996680097,0.03299485996680097,0.010153358665972355,0.010152390470571624,0.010152371106663609,0.01015287456827199,0.8933992852549185,0.0,7.8423513901087265,0.3618,0.963951,fastWalshTransform
108,0.032994864439167604,0.032994864439167604,0.01015372795653561,0.010152391846701496,0.010152478984299374,0.01015226598128234,0.893399406352846,0.0,9.982303307460176,0.5454285714285714,0.971118,fastWalshTransform
109,0.032994844313527276,0.032994844313527276,0.010153373212960238,0.010152385654120006,0.010152434063867077,0.01015325702956727,0.8933988614124309,0.0,9.061736959194834,0.47725,0.9693280000000001,fastWalshTransform
110,0.032994843035709674,0.032994843035709674,0.010153353455844392,0.010152385260940484,0.01015242398873664,0.010153324409997274,0.8933988268130618,0.0,8.66115647704253,0.4242222222222222,0.965723,fastWalshTransform
111,0.03299488073137062,0.03299488073137062,0.010153277918118327,0.010152396859749188,0.010152532407190594,0.010152183856626978,0.8933998474955737,0.0,8.075246094988506,0.3818,0.963936,fastWalshTransform
112,0.3373302805546397,0.1687772755398573,0.040831408214873584,0.0001497667664410931,0.04082780664828167,0.00016339431570779856,0.0,0.41192006796019887,34.43996940015543,0.48828571428571427,0.801409,histogram
113,0.3373306417467064,0.16877745625595805,0.040830381197419385,0.0001497669268019353,0.04082835653078901,0.0001618175868422834,0.0,0.411921579755483,34.42322109230377,0.42725,0.801953,histogram
114,0.33733055637396625,0.1687774135412084,0.04083116904961433,0.0001497668888984325,0.04082793737100297,0.00016247945596598436,0.0,0.4119206773193436,34.420611735047544,0.37977777777777777,0.801859,histogram
115,0.33732912474522414,0.1687766972509356,0.04083068427661868,0.00014976625328870573,0.04082801717968633,0.00016646967787231544,0.0,0.41191924061637425,34.45061079958195,0.3418,0.802617,histogram
116,0.33732970921604094,0.16877698968063368,0.04083017098476573,0.00014976651278009846,0.04082785430531417,0.00016497093842435386,0.0,0.41192053836204096,32.7636022214421,0.45971428571428574,0.801457,histogram
117,0.33733088473089556,0.16877757782882538,0.04083023539647791,0.00014976703468124055,0.04082801604876522,0.0001614672800788001,0.0,0.41192205168027596,32.31252667302506,0.40225,0.801737,histogram
118,0.33733015577937825,0.1687772131107488,0.040830731202433176,0.00014976671104379103,0.04082843398783508,0.0001631217043852756,0.0,0.41192057750417554,32.50146401175286,0.35755555555555557,0.80207,histogram
119,0.33732790984045624,0.16877608939469327,0.040829583301479164,0.0001497657138993621,0.040827188763222354,0.0001707519922801644,0.0,0.4119187109939695,32.308518522211635,0.3218,0.8023710000000001,histogram
120,0.3373279361085748,0.1687761025374846,0.04083108550092761,0.00014976572556179326,0.04082709460352215,0.00017077147336904335,0.0,0.4119172440505599,36.57251581808583,0.5168571428571429,0.801481,histogram
121,0.3373273976129605,0.16877583311067082,0.040829618641160005,0.0001497654864823167,0.04082831430116335,0.00017108268493521374,0.0,0.41191798816262787,36.570552429619205,0.45225,0.802227,histogram
122,0.3373304775683984,0.16877737411222793,0.04083063387647975,0.0001497668539106008,0.040827519006256724,0.00016312185999180088,0.0,0.41192110672273485,36.57336465229883,0.402,0.8024479999999999,histogram
123,0.3373285402764326,0.16877640482225084,0.04082964014052578,0.00014976599379821218,0.0408272261299667,0.00016892233565411245,0.0,0.41191950030137164,36.099412498643815,0.3618,0.802758,histogram
124,0.3373301951820824,0.16877723282519913,0.040831105862299606,0.00014976672853767145,0.04082769897584516,0.0001637446969622195,0.0,0.41192025572907376,38.44774999925846,0.5454285714285714,0.801872,histogram
125,0.3373308912980406,0.16877758111458097,0.04083080076227976,0.00014976703759689958,0.040827744292124726,0.00016172036673826139,0.0,0.41192149512863874,38.43128742187711,0.47725,0.801527,histogram
126,0.33732838923426534,0.16877632925095779,0.040830244828841275,0.0001497659267390174,0.04082788922281822,0.0001686886461970084,0.0,0.41191869289018146,38.40941225430717,0.4242222222222222,0.801979,histogram
127,0.3373289934037462,0.16877663153653613,0.04082979232550749,0.00014976619497615693,0.040828195961541795,0.00016666429158857137,0.0,0.4119199562861036,38.40878399459948,0.3818,0.8027569999999999,histogram
128,0.006379457285033045,0.002734053122157019,0.010718063244954446,0.004743884381405244,0.0008393071479142661,0.002581474749414191,0.9720037600691217,0.0,8.59895559818684,0.48828571428571427,0.7177439999999999,hotspot
129,0.006379517350131739,0.002734078864342174,0.010718164159734162,0.0047439290469419556,0.0008402397764382139,0.002571158935704129,0.9720129118667076,0.0,8.579172222032557,0.42725,0.717659,hotspot
130,0.006379493752993789,0.0027340687512830524,0.0107181245144155,0.00474391149966651,0.0008475503843567855,0.00256753460018101,0.9720093164971032,0.0,8.555332492868674,0.37977777777777777,0.7172430000000001,hotspot
131,0.00637949428929044,0.0027340689811244743,0.010718125415442212,0.004743911898466784,0.0008414977247196133,0.0025735034812029494,0.9720093982097534,0.0,8.553488861739838,0.3418,0.717584,hotspot
132,0.006379467474568339,0.0027340574891007168,0.010718332560352409,0.004743891958535269,0.0008456974553501587,0.0025732404680187237,0.9720053125940744,0.0,8.125197252118523,0.45971428571428574,0.717758,hotspot
133,0.00637945406729182,0.0027340517431250658,0.010718730360273083,0.0047438819886323706,0.0008456956780075073,0.002574916363555661,0.9720032697991144,0.0,8.113361142211337,0.40225,0.717759,hotspot
134,0.0063795114508308865,0.00273407633607038,0.010718994907706112,0.004743924660110925,0.0008388098785877765,0.00257266974488091,0.9720120130218131,0.0,8.103020826293026,0.35755555555555557,0.71733,hotspot
135,0.006379493752993789,0.0027340687512830524,0.010718208580115199,0.00474391149966651,0.0008378828288914977,0.0025771180899465994,0.9720093164971032,0.0,8.109434555216191,0.3218,0.717115,hotspot
136,0.006379458893904875,0.0027340538116735176,0.010718065948004134,0.004743885577792586,0.0008382145114594793,0.0025823160528545067,0.9720040052043109,0.0,9.111800859547099,0.5168571428571429,0.7177520000000001,hotspot
137,0.006379500188559554,0.002734071509382666,0.010718135326746049,0.004743916285274213,0.0008392287266908696,0.0025748509135344734,0.9720102970498121,0.0,9.087764724686965,0.45225,0.717394,hotspot
138,0.006379443341511179,0.0027340471463619337,0.010718039818580926,0.004743874012740223,0.0008476277519529987,0.0025753323595239627,0.9720016355693286,0.0,9.055671338300987,0.402,0.717336,hotspot
139,0.006379411700668422,0.0027340335860007526,0.010717986659113178,0.0047438504840146495,0.0008483801294443806,0.002579522817281096,0.9719968146234774,0.0,9.04502620820862,0.3618,0.717286,hotspot
140,0.006379477127842327,0.00273406162621814,0.010718096582662552,0.004743899136891303,0.0008407388716848881,0.002576943242938562,0.972006783411762,0.0,9.573984512737239,0.5454285714285714,0.7174699999999999,hotspot
141,0.006379489998919755,0.002734067142394181,0.010718118207232754,0.004743908708066476,0.000836201022826766,0.0025794704116232524,0.9720087445089366,0.0,9.569495977025703,0.47725,0.717689,hotspot
142,0.006379489998919755,0.002734067142394181,0.010718118207232754,0.004743908708066476,0.0008374620075801995,0.002578209426869819,0.9720087445089366,0.0,9.553675660791436,0.4242222222222222,0.7173069999999999,hotspot
143,0.00637945353100193,0.0027340515132865417,0.010718056937843808,0.0047438815898371255,0.0008461159327623233,0.002575252407773573,0.9720031880874945,0.0,9.52644754396829,0.3818,0.717622,hotspot
144,0.0,0.0,0.0723748761884299,5.6548363106717675e-05,0.0011151543407624204,5.6921944236903563e-05,0.9263964991634641,0.0,6.73903948868076,0.48828571428571427,0.95552,matrixMul(Global)
145,0.0,0.0,0.07237452269226158,5.654809938194931e-05,0.0011198214706725992,5.6929012314430234e-05,0.9263921787253694,0.0,6.634893708056254,0.42725,0.947842,matrixMul(Global)
146,0.0,0.0,0.07237414333212629,5.654776657656041e-05,0.001125645013748415,5.693730491594809e-05,0.9263867265826328,0.0,6.516654705142969,0.37977777777777777,0.9449200000000001,matrixMul(Global)
147,0.0,0.0,0.07237373585639234,5.6547393940651997e-05,0.0011321406433875214,5.6954184896795225e-05,0.9263806219213827,0.0,6.637650392152672,0.3418,0.9429620000000001,matrixMul(Global)
148,0.0,0.0,0.07237491206605565,5.654837664551742e-05,0.0011148918930148975,5.6926703123132095e-05,0.9263967209611608,0.0,6.433853645102775,0.45971428571428574,0.9542510000000001,matrixMul(Global)
149,0.0,0.0,0.07237445531255743,5.654803359140675e-05,0.0011209663563668257,5.692937746518944e-05,0.9263911009200192,0.0,6.422643594616385,0.40225,0.947751,matrixMul(Global)
150,0.0,0.0,0.07237387401509854,5.654752076218029e-05,0.0011299349454043856,5.6943959497202936e-05,0.9263826995592377,0.0,6.298673385315359,0.35755555555555557,0.9455540000000001,matrixMul(Global)
151,0.0,0.0,0.07237367774311308,5.65474344824982e-05,0.0011315539156527786,5.693481363469169e-05,0.926381286093117,0.0,6.245674553291016,0.3218,0.943182,matrixMul(Global)
152,0.0,0.0,0.07237497674062061,5.6548405943014393e-05,0.001114353667881997,5.692026180694145e-05,0.9263972009237474,0.0,6.954477190367526,0.5168571428571429,0.955377,matrixMul(Global)
153,0.0,0.0,0.07237435507234351,5.654921875040004e-05,0.0011228394204795442,5.694091509655959e-05,0.92638931537333,0.0,7.005344387812908,0.45225,0.947197,matrixMul(Global)
154,0.0,0.0,0.07237395194939354,5.6548922311109364e-05,0.001128104152088789,5.693587140876182e-05,0.9263844591047978,0.0,6.847536558531874,0.402,0.9443090000000001,matrixMul(Global)
155,0.0,0.0,0.07237375077737296,5.654746997495641e-05,0.0011308993593990627,5.693484937029158e-05,0.9263818675438827,0.0,6.736296580075276,0.3618,0.94499,matrixMul(Global)
156,0.0,0.0,0.07237508315953227,5.654849920244292e-05,0.0011127196822808562,5.6919924291608754e-05,0.9263987287346929,0.0,7.3575873170548824,0.5454285714285714,0.956153,matrixMul(Global)
157,0.0,0.0,0.0723742139977378,5.654780594804105e-05,0.0011249417808555642,5.692483445930159e-05,0.9263873715809993,0.0,6.721097290664309,0.47725,0.9491350000000001,matrixMul(Global)
158,0.0,0.0,0.07237402076228808,5.654758991784076e-05,0.0011286706551635777,5.692849941852698e-05,0.926383832493212,0.0,7.341622772827191,0.4242222222222222,0.9435620000000001,matrixMul(Global)
159,0.0,0.0,0.0723737560265128,5.654748722113604e-05,0.001130618444348831,5.692796464974375e-05,0.9263821500772674,0.0,7.330856813696699,0.3818,0.943809,matrixMul(Global)
160,0.022762817543118458,0.000948450730963269,0.0037938752849012757,5.928405002037054e-05,0.0011624056169974222,5.9618267611742964e-05,0.9712135485063874,0.0,2.1949718292255387,0.48828571428571427,0.9906,matrixMul
161,0.022762807855872588,0.0009484503273280245,0.0037939066850436937,5.928402479066567e-05,0.0011627904447263854,5.962547834154451e-05,0.9712131351838971,0.0,2.0924449422926887,0.42725,0.989999,matrixMul
162,0.022762799352515847,0.0009484499730214936,0.003793917930951521,5.9284002644311186e-05,0.0011631396043849272,5.963676247238124e-05,0.9712127723740095,0.0,2.14905396147227,0.37977777777777777,0.9891059999999999,matrixMul
163,0.022762779576573956,0.0009484491490239148,0.003793888404022434,5.928395113935464e-05,0.0011640444622297956,5.9625856521826716e-05,0.9712119286004888,0.0,2.082523288434825,0.3418,0.988675,matrixMul
164,0.022762813250257155,0.0009484505520940481,0.0037938750216672114,5.928403883993544e-05,0.0011625944409810168,5.961735185534554e-05,0.9712133653443052,0.0,2.0839466285793167,0.45971428571428574,0.9905870000000001,matrixMul
165,0.02276280781469409,0.0009484503256122537,0.0037939166278202954,5.928402468341936e-05,0.0011627813974957088,5.962638274639643e-05,0.9712131334269478,0.0,1.9738645609412333,0.40225,0.989926,matrixMul
166,0.02276279118888757,0.0009484496328703154,0.0037938731537258217,5.92853381508369e-05,0.0011635548105270658,5.962181663539859e-05,0.9712124240592029,0.0,2.013377186404207,0.35755555555555557,0.9892350000000001,matrixMul
167,0.022762784600339384,0.0009484493583474743,0.0037938883368251407,5.928396422337469e-05,0.0011638294453285847,5.962134712233824e-05,0.9712121429478137,0.0,1.990098006124458,0.3218,0.988821,matrixMul
168,0.022762809770672923,0.0009484504071113718,0.003793940471159312,5.928402977761945e-05,0.001162672051363989,5.96263878700149e-05,0.9712132168820448,0.0,2.3248040357573303,0.5168571428571429,0.9908239999999999,matrixMul
169,0.022762816029807453,0.0009484506679086439,0.00379386553529102,5.92840460790656e-05,0.0011624824233273114,5.9617359135176305e-05,0.9712134839384513,0.0,2.295522489643913,0.45225,0.9897229999999999,matrixMul
170,0.02276280814412208,0.00094845033933842,0.003793905828573881,5.928402554138984e-05,0.0011627737259655212,5.9630453916602144e-05,0.9712131474825421,0.0,2.272411362661612,0.402,0.989706,matrixMul
171,0.02276278560921058,0.0009484494003837741,0.003793897550092704,5.9283966850904e-05,0.001163777035224416,5.962044525298717e-05,0.9712121859929846,0.0,2.19318575309526,0.3618,0.9884639999999999,matrixMul
172,0.02276280891621897,0.0009484503715091238,0.003793861183878635,5.928402755225825e-05,0.0011627945691993818,5.9620506298864495e-05,0.9712131804253428,0.0,2.4363794083548997,0.5454285714285714,0.9907309999999999,matrixMul
173,0.02276280065993227,0.0009484500274971779,0.003793896892818895,5.928400604937914e-05,0.001163113440331124,5.962681626096269e-05,0.9712128281571102,0.0,2.418796428445859,0.47725,0.990122,matrixMul
174,0.022762795862641252,0.0009484498276100522,0.003793907851909128,5.928399355519471e-05,0.0011633189717382192,5.9620019852723105e-05,0.9712126234726934,0.0,2.3485258824790507,0.4242222222222222,0.989043,matrixMul
175,0.022762788604940874,0.0009484495252058698,0.0037938840294589756,5.9283974653058735e-05,0.001163662315367046,5.9617739563566856e-05,0.9712123138108106,0.0,2.3738535307789483,0.3818,0.988503,matrixMul
176,0.1402121945636523,0.04558515714974353,0.05274414463553771,0.05064085003489978,0.04117530637513741,0.036930426139639205,0.0,0.6327119211013901,35.03950976359829,0.48828571428571427,0.9287200000000001,mergeSort
177,0.14020720616614696,0.045583535344415435,0.05274210859112695,0.05063904836072465,0.04117751088810984,0.03696102030782594,0.0,0.6326895703416502,32.49438338306078,0.42725,0.9244969999999999,mergeSort
178,0.14020631142386927,0.04558324444983624,0.052741612474320874,0.05063872520402887,0.04118506553568632,0.03695934858490684,0.0,0.6326856923273516,31.685826081106654,0.37977777777777777,0.9224120000000001,mergeSort
179,0.1402065798453535,0.04558333171782016,0.05274155390723474,0.05063882215060453,0.04118737793768444,0.036955271313395405,0.0,0.6326870631279072,30.749359401463074,0.3418,0.9199309999999999,mergeSort
180,0.14021255248922868,0.045585273516894745,0.052743321999438667,0.050640979307931225,0.0411738160212447,0.0369295631351947,0.0,0.6327144935300673,32.491264286620314,0.45971428571428574,0.928467,mergeSort
181,0.14020528248436748,0.045582909925659984,0.05274090634042765,0.05063835357892759,0.04117551007823601,0.036975669312890466,0.0,0.6326813682794908,31.199866133286466,0.40225,0.9245469999999999,mergeSort
182,0.14020517064402727,0.04558287356463233,0.05274102380752191,0.05063831318522351,0.04118217782825304,0.03696973691238301,0.0,0.632680704057959,29.224050064491475,0.35755555555555557,0.9225770000000001,mergeSort
183,0.14020763117272936,0.04558367352064118,0.05274210892617268,0.05063920186160002,0.04118577228841222,0.03694996449200799,0.0,0.6326916477384366,28.79186827020113,0.3218,0.920074,mergeSort
184,0.1402111431678397,0.04558481532467266,0.05274374912805006,0.05064047029918678,0.04117643352081,0.03693621191459749,0.0,0.6327071766448433,36.95364341407071,0.5168571428571429,0.9288299999999999,mergeSort
185,0.14020660221385692,0.045583338990167234,0.05274156232160181,0.05063930884833995,0.04117701443389347,0.03696548774442191,0.0,0.6326866854477187,34.45328413576118,0.45225,0.9245180000000001,mergeSort
186,0.14020619958188751,0.04558320808827489,0.052742049020022524,0.0506386848097319,0.0411808846645219,0.036964264816374055,0.0,0.6326847090191872,32.80565305506364,0.402,0.922586,mergeSort
187,0.1402070048481388,0.04558346989281141,0.052741713780668185,0.0506389756501085,0.04119021496859121,0.03694963989193896,0.0,0.632688980967743,32.23808104282559,0.3618,0.921796,mergeSort
188,0.1402112326477205,0.04558484441596847,0.05274330415338674,0.050640502616898085,0.04117199254208838,0.03694006456368462,0.0,0.6327080590602532,39.50496377258356,0.5454285714285714,0.9287479999999999,mergeSort
189,0.14020827987195442,0.04558388442281135,0.052742193406784,0.050639436154204,0.041178464391286945,0.03695300719594693,0.0,0.6326947345570124,36.49921660332947,0.47725,0.924599,mergeSort
190,0.1402060877400842,0.04558317172677155,0.05274120925281142,0.050638644415499375,0.04118148997083868,0.03696439486918687,0.0,0.6326850020248079,35.13419604907475,0.4242222222222222,0.9227049999999999,mergeSort
191,0.14020709432273773,0.045583498982389996,0.05274174743835663,0.05063900796591212,0.04118848631267062,0.03695078025295355,0.0,0.6326893847249794,34.01688691274353,0.3818,0.92006,mergeSort
192,0.0,0.0,0.039897866793561686,0.00992262243116285,7.4063238896531804e-06,0.0,0.9501721044513858,0.0,8.095054259507961,0.48828571428571427,0.6486,nn
193,0.0,0.0,0.03989253364341315,0.009922677549085684,7.406365030106873e-06,0.0,0.950177382442471,0.0,8.10463323494797,0.42725,0.6484800000000001,nn
194,0.0,0.0,0.03989431136671252,0.009922659176376702,7.406351316571525e-06,0.0,0.9501756231055941,0.0,8.099202919922604,0.37977777777777777,0.64893,nn
195,0.0,0.0,0.03989253364341315,0.009922677549085684,7.406365030106873e-06,0.0,0.950177382442471,0.0,8.094022813535872,0.3418,0.647925,nn
196,0.0,0.0,0.03989253364341315,0.009922677549085684,7.406365030106873e-06,0.0,0.950177382442471,0.0,7.645238452880261,0.45971428571428574,0.647977,nn
197,0.0,0.0,0.039888978177064625,0.009922714294707763,7.406392457329921e-06,0.0,0.9501809011357703,0.0,7.6479943128836405,0.40225,0.647915,nn
198,0.0,0.0,0.03989608908342869,0.009922640803735757,7.406337603086961e-06,0.0,0.9501738637752324,0.0,7.668644315143219,0.35755555555555557,0.648496,nn
199,0.0,0.0,0.039888978177064625,0.009922714294707763,7.406392457329921e-06,0.0,0.9501809011357703,0.0,7.682633451432744,0.3218,0.649381,nn
200,0.0,0.0,0.03989431136671252,0.009922659176376702,7.406351316571525e-06,0.0,0.9501756231055941,0.0,8.57821581169559,0.5168571428571429,0.648138,nn
201,0.0,0.0,0.03989253364341315,0.009922677549085684,7.406365030106873e-06,0.0,0.950177382442471,0.0,8.582943423848791,0.45225,0.648494,nn
202,0.0,0.0,0.039888978177064625,0.009922714294707763,7.406392457329921e-06,0.0,0.9501809011357703,0.0,8.580598500794249,0.402,0.648903,nn
203,0.0,0.0,0.03989253364341315,0.009922677549085684,7.406365030106873e-06,0.0,0.950177382442471,0.0,8.579984904975328,0.3618,0.648859,nn
204,0.0,0.0,0.03989075591353053,0.009922695921862705,7.4063787436930055e-06,0.0,0.950179141785863,0.0,9.020124668791913,0.5454285714285714,0.647586,nn
205,0.0,0.0,0.03989253364341315,0.009922677549085684,7.406365030106873e-06,0.0,0.950177382442471,0.0,9.042799374665789,0.47725,0.6489199999999999,nn
206,0.0,0.0,0.03989431136671252,0.009922659176376702,7.406351316571525e-06,0.0,0.9501756231055941,0.0,9.06096047860245,0.4242222222222222,0.649339,nn
207,0.0,0.0,0.03989075591353053,0.009922695921862705,7.4063787436930055e-06,0.0,0.950179141785863,0.0,9.04805850712995,0.3818,0.648412,nn
208,0.0,0.0,2.7381412376551222e-05,0.05007983910427377,3.6933067856743503e-06,0.049880145827034546,0.40062546787192427,0.4993834724776052,13.804846134253971,0.48828571428571427,0.5997520000000001,quasirandomGenerator
209,0.0,0.0,2.7380847466520227e-05,0.050078805899592016,4.3299944830776175e-06,0.04989911112854429,0.40061720250772903,0.49937316962218503,13.665226465919213,0.42725,0.5946859999999999,quasirandomGenerator
210,0.0,0.0,2.7889082952193146e-05,0.050076694978118536,3.6930749114776313e-06,0.04993979651157238,0.40060031569423127,0.49935161065821415,13.741548103256847,0.37977777777777777,0.596625,quasirandomGenerator
211,0.0,0.0,2.7379525947067358e-05,0.050076388877392325,3.8203989693582355e-06,0.049945476539375644,0.4005978669693781,0.49934906768893755,13.699007618304757,0.3418,0.595932,quasirandomGenerator
212,0.0,0.0,2.7381450735484873e-05,0.05007990926169294,4.966867807832139e-06,0.04987754123741998,0.4006260291127226,0.49938417206962127,13.043486230549236,0.45971428571428574,0.598304,quasirandomGenerator
213,0.0,0.0,2.7381070638068095e-05,0.05007921407412502,3.820614507637408e-06,0.04989187660943386,0.4006204677960403,0.4993772398352551,13.065947562577335,0.40225,0.60004,quasirandomGenerator
214,0.0,0.0,2.7379431806749608e-05,0.05007621669737833,3.6930396390499465e-06,0.04994887050292833,0.4005964895748038,0.4993473507534438,12.992011648460288,0.35755555555555557,0.596459,quasirandomGenerator
215,0.0,0.0,2.839813626724709e-05,0.050076101911360124,3.820377076311269e-06,0.04995092088915966,0.40059557131701645,0.4993451873691203,12.9371384594333,0.3218,0.593781,quasirandomGenerator
216,0.0,0.0,2.7381768072603712e-05,0.050080489662427376,4.2027830064926625e-06,0.04986729394264347,0.40063067216509546,0.49938995967875455,14.676517221695502,0.5168571428571429,0.600931,quasirandomGenerator
217,0.0,0.0,2.738095207773032e-05,0.05007899723057589,5.0941306191126175e-06,0.049894717055429486,0.4006187331049974,0.49937507752630034,14.622414451492329,0.45225,0.599007,quasirandomGenerator
218,0.0,0.0,2.737995830350722e-05,0.05007717964525507,3.693110654891671e-06,0.049930601356848854,0.40060419290314025,0.49935695302579736,14.55515012914352,0.402,0.596697,quasirandomGenerator
219,0.0,0.0,2.7378912303306394e-05,0.05007526654007846,5.093751126196538e-06,0.04996549620330892,0.40058888856769953,0.4993378760254835,14.67153355866672,0.3618,0.602021,quasirandomGenerator
220,0.0,0.0,2.7381485607335997e-05,0.05007997304133548,5.221585627445469e-06,0.049876076490371075,0.40062653933299464,0.499384808064064,15.512700482190235,0.5454285714285714,0.6030340000000001,quasirandomGenerator
221,0.0,0.0,2.7380345343838557e-05,0.050077887531219965,3.6931628603317117e-06,0.0499171712715738,0.40060985580363984,0.49936401188536217,15.386706298221213,0.47725,0.597746,quasirandomGenerator
222,0.0,0.0,2.7380052447445582e-05,0.05007735183189106,4.075170596829109e-06,0.04992695256705184,0.4006055703506888,0.499358670027324,15.3233438654141,0.4242222222222222,0.5955630000000001,quasirandomGenerator
223,0.0,0.0,2.7379344640365942e-05,0.05007605727249516,3.820373670748736e-06,0.0499517677824068,0.4005952142179027,0.4993457610088843,15.326194781952585,0.3818,0.596295,quasirandomGenerator
224,0.03319413165679196,0.026555305325433574,0.042492094816735534,0.001328028647443272,0.04248958256556033,0.0001916604525593579,0.33858014289927807,0.5151690536361979,35.43411192512561,0.48828571428571427,0.9138370000000001,reduction
225,0.03319415519487212,0.026555324155897696,0.042490848561452556,0.0013280295891532426,0.04248888333131712,0.0001916808485709748,0.3385803829876956,0.5151706953310407,35.23665401683815,0.42725,0.9132889999999999,reduction
226,0.033194142417053034,0.026555313933642428,0.04249101454581746,0.0013280290779390928,0.04248925191740542,0.0001916807747849968,0.338580252653941,0.5151703146794165,35.10360191245887,0.37977777777777777,0.9128649999999999,reduction
227,0.03319414645215274,0.02655531716172219,0.04249112101154623,0.0013280292393750975,0.042489135521829244,0.00019168079808582584,0.3385802938119579,0.5151702760033308,34.99691554281458,0.3418,0.9125790000000001,reduction
228,0.03319414039950355,0.026555312319602845,0.04249099170310597,0.0013280289972211051,0.0424893101151829,0.00019168076313458442,0.33858023207493626,0.5151703036273128,33.68129601341135,0.45971428571428574,0.9138729999999999,reduction
229,0.03319415115977029,0.026555320927816234,0.042490964956851146,0.0013280294277171526,0.04248899972695461,0.00019168082527013352,0.338580341829657,0.5151705111459635,33.44829292350004,0.40225,0.913283,reduction
230,0.0331941195515066,0.02655529564120528,0.0424908231955256,0.001328028163135807,0.0424899317518853,0.00019166038266433866,0.3385800194253673,0.5151701218887097,33.31698453761702,0.35755555555555557,0.912902,reduction
231,0.033194142417053034,0.026555313933642428,0.04249071064436711,0.0013280290779390928,0.04248925191740542,0.0001916807747849968,0.338580252653941,0.515170618580867,32.85114264532863,0.3218,0.9126120000000001,reduction
232,0.033194144434602765,0.02655531554768221,0.042491239989510945,0.0013280291586570902,0.04248919371962087,0.00019168078643541062,0.3385802732329482,0.5151701231305426,37.518523604256046,0.5168571428571429,0.9138860000000001,reduction
233,0.03319411215383656,0.026555289723069246,0.04249138100817431,0.0013280278671703079,0.042490124883324744,0.00019168060002895977,0.3385799439691329,0.515169439795263,37.30184200773033,0.45225,0.913299,reduction
234,0.03319412358660074,0.026555298869280593,0.0424926922885699,0.0013280283245715894,0.042489308854342024,0.00019216690809259522,0.33858006058332757,0.515168320585215,37.155554699759136,0.402,0.912932,reduction
235,0.03319415922997493,0.02655532738397994,0.04249103606762994,0.0013280297505893716,0.042488766935651325,0.00019168087187182176,0.33858042414574424,0.5151705756145585,37.034997212309804,0.3618,0.9126049999999999,reduction
236,0.03319414645215274,0.02655531716172219,0.04249089815045555,0.0013280292393750975,0.042489135521829244,0.00019168079808582584,0.3385802938119579,0.5151704988644215,39.486166047771356,0.5454285714285714,0.9139459999999999,reduction
237,0.03319413367434038,0.02655530693947231,0.04249112491503171,0.001328028728161217,0.04248950410772339,0.0001916807242998867,0.3385801634782719,0.5151700574326992,39.28050449079487,0.47725,0.9133620000000001,reduction
238,0.03319413569188905,0.02655530855351124,0.042491431399042864,0.001328028808879172,0.042489445909969496,0.00019168073595029437,0.3385801840572683,0.5151697848434895,39.11331735448618,0.4242222222222222,0.912991,reduction
239,0.033194086598274504,0.026555269278619602,0.04249063919261706,0.0013280268447450534,0.042490862053305885,0.0001916804524574433,0.33857968330239996,0.5151697522775806,38.97839059218703,0.3818,0.9126629999999999,reduction
240,0.0063972176484885,0.005959052056126274,0.08979964193655499,9.208323776987407e-05,0.08973254783022452,0.00048027056725328366,0.8075391867235826,0.0,20.254483811329592,0.48828571428571427,0.561521,scalarProd
241,0.00639720888899843,0.005959043896601277,0.08979951897699429,9.208311168346413e-05,0.08973379422813471,0.00048026990963531663,0.8075380809879525,0.0,17.801240421969318,0.42725,0.560865,scalarProd
242,0.006397219838364766,0.005959054096011014,0.08979967267649779,9.20832692915305e-05,0.08973257854719986,0.00047992841467184294,0.8075394631579632,0.0,16.04100282245118,0.37977777777777777,0.559988,scalarProd
243,0.0063972176484885,0.005959052056126274,0.08979964193655499,9.208323776987407e-05,0.08973289014709356,0.0004799282503842507,0.8075391867235826,0.0,14.673019373161685,0.3418,0.560477,scalarProd
244,0.006397189180233479,0.005959025537751734,0.08979924231921385,9.208282799030427e-05,0.08973659861095279,0.0004802684300014754,0.8075355930938564,0.0,19.137550070652914,0.45971428571428574,0.561379,scalarProd
245,0.006397213268740466,0.005959047976360983,0.08979958045673254,9.208317472662594e-05,0.08973317102960628,0.00048027023844407507,0.807538633855389,0.0,16.73358776670196,0.40225,0.560345,scalarProd
246,0.006397213268740466,0.005959047976360983,0.08979958045673254,9.208317472662594e-05,0.08973351334624095,0.00047992792180940355,0.807538633855389,0.0,15.137413754498748,0.35755555555555557,0.560467,scalarProd
247,0.006397213268740466,0.005959047976360983,0.08979958045673254,9.208317472662594e-05,0.08973317102960628,0.00048027023844407507,0.807538633855389,0.0,13.803432760417463,0.3218,0.5595600000000001,scalarProd
248,0.006397213268740466,0.005959047976360983,0.08979958045673254,9.208317472662594e-05,0.08973317102960628,0.00048027023844407507,0.807538633855389,0.0,21.346640657199128,0.5168571428571429,0.560519,scalarProd
249,0.006397211078868699,0.005959045936480432,0.08979954971685289,9.208314320503425e-05,0.08973348262897717,0.0004802700740396396,0.8075383574215761,0.0,18.79422136297517,0.45225,0.560528,scalarProd
250,0.00639720231939662,0.005959037776972194,0.08979942675754474,9.208301711888329e-05,0.08973472902432737,0.0004802694164230232,0.8075372516882172,0.0,16.932203534374775,0.402,0.560086,scalarProd
251,0.006397158522396046,0.005958996979766179,0.0897988119660548,9.20823866933078e-05,0.08973308773466032,0.0004881393435860852,0.8075317230668433,0.0,15.501631270620788,0.3618,0.559513,scalarProd
252,0.006397189180233479,0.005959025537751734,0.08980300778801643,9.208282799030427e-05,0.0897328331421502,0.0004802684300014754,0.8075355930938564,0.0,22.622589454854268,0.5454285714285714,0.561028,scalarProd
253,0.006397211078868699,0.005959045936480432,0.08980057666640537,9.208314320503425e-05,0.08973279799594218,0.00047992775752214874,0.8075383574215761,0.0,19.91101855603213,0.47725,0.561002,scalarProd
254,0.006397197939669576,0.005959033697226454,0.08979936527801692,9.208295407593729e-05,0.0897353522207225,0.0004802690876153904,0.8075366988226732,0.0,17.91721499416462,0.4242222222222222,0.5608609999999999,scalarProd
255,0.006397213268740466,0.005959047976360983,0.08979958045673254,9.208317472662594e-05,0.08973317102960628,0.00048027023844407507,0.807538633855389,0.0,16.30892413049053,0.3818,0.559919,scalarProd
256,0.11042784176794632,0.06495755398114489,0.10394660325107385,0.10393367224761457,0.10393891784335747,0.10357892358667488,0.0,0.409216487322188,72.82373790072491,0.48828571428571427,0.9577190000000001,scan
257,0.11042509371999486,0.06495593748234992,0.10394328456636531,0.10393108581007732,0.10393145177276594,0.10360611094256496,0.0,0.4092070357058816,62.64520163262837,0.42725,0.954541,scan
258,0.11042688532397496,0.0649569913670441,0.10394570294277812,0.1039327720513176,0.1039327720513176,0.10359193327074458,0.0,0.4092129429928231,54.80373009321532,0.37977777777777777,0.9524239999999999,scan
259,0.11042404303192323,0.06495531943054307,0.10394314945713,0.1039300969120972,0.10393082883051025,0.10361427411686419,0.0,0.409202288220932,48.576666198654465,0.3418,0.948831,scan
260,0.11043033398851897,0.06495901999324645,0.1039499251448793,0.10393601790276837,0.1039366278695276,0.10356332821286571,0.0,0.40922474688819355,68.47816775575565,0.45971428571428574,0.958025,scan
261,0.1104247973700528,0.06495576315885458,0.1039430056117788,0.10393080688822882,0.10393117284993532,0.10360851661203875,0.0,0.40920593750911094,58.96645887291513,0.40225,0.954168,scan
262,0.11042431243721497,0.0649554779042441,0.10394254914386684,0.10393035047388782,0.10393035047388782,0.10361281909433415,0.0,0.40920414047256426,51.527021619568714,0.35755555555555557,0.951835,scan
263,0.11042618484030939,0.06495657931782906,0.10394504357194825,0.10393211276251374,0.10393211276251374,0.10359761955997188,0.0,0.409210347184914,45.7130639300391,0.3218,0.948442,scan
264,0.11042656202271732,0.06495680118983373,0.10394820436799357,0.103932467763138,0.10393454157928175,0.10359248390474694,0.0,0.4092089391722888,77.08682401895959,0.5168571428571429,0.957989,scan
265,0.1104247569588203,0.06495573938754136,0.103943821482969,0.10393076885354731,0.10393308661017357,0.10360689286182194,0.0,0.4092049338451266,66.27834900411094,0.45225,0.954457,scan
266,0.11042622525258697,0.06495660308975704,0.10394471564590696,0.10393215079817889,0.10393434659681097,0.10359509570815298,0.0,0.4092108629086061,57.9805262180053,0.402,0.9521229999999999,scan
267,0.11042630607723093,0.06495665063366525,0.10394454774871312,0.10393222686959276,0.10393222686959276,0.10359663539969115,0.0,0.409211406401514,51.42474144241467,0.3618,0.949124,scan
268,0.11042745110573106,0.0649573241798418,0.1039455035766297,0.10393330455991924,0.10393330455991924,0.10358734044601067,0.0,0.40921577157194816,81.31630485071936,0.5454285714285714,0.957842,scan
269,0.11042547089494897,0.06495615934996998,0.10394363960164095,0.1039314408036861,0.1039314408036861,0.10360341512668025,0.0,0.4092084334193878,69.96807347710649,0.47725,0.9545870000000001,scan
270,0.11042634648959726,0.06495667440564545,0.10394568368949225,0.10393226490534145,0.10393263087218192,0.10359594137894354,0.0,0.4092104582587981,61.253746947455944,0.4242222222222222,0.952625,scan
271,0.11042192824604478,0.06495407543884987,0.10394030490161253,0.1039281064950172,0.1039281064950172,0.10363217315101432,0.0,0.4091953052724441,54.30274120241016,0.3818,0.949363,scan
272,0.0,0.0,0.17793452836434878,0.17784159055263402,0.17783955541807092,0.17751664740072615,0.0,0.28886767826422016,111.91226184386446,0.48828571428571427,0.85275,sortingNetworks
273,0.0,0.0,0.1779321142590447,0.1778391777082525,0.17783782097028472,0.17752712797566556,0.0,0.28886375908675255,95.87330269789277,0.42725,0.8494149999999999,sortingNetworks
274,0.0,0.0,0.17793404553804743,0.1778411079785199,0.17783907284947914,0.1775188792137347,0.0,0.28886689442021884,83.8809051949557,0.37977777777777777,0.8473950000000001,sortingNetworks
275,0.0,0.0,0.1779316314458446,0.1778386951472328,0.17783666004580334,0.17753003809709875,0.0,0.2888629752640205,74.28972394145526,0.3418,0.8435090000000001,sortingNetworks
276,0.0,0.0,0.17793300504507462,0.17784074604965297,0.17783871092475398,0.17752055306554254,0.0,0.28886698491497587,105.28614722126993,0.45971428571428574,0.8523950000000001,sortingNetworks
277,0.0,0.0,0.17793372927980028,0.17784146990885996,0.17783875639794994,0.17751788373284128,0.0,0.28886816068054855,90.03959758340666,0.40225,0.8492049999999999,sortingNetworks
278,0.0,0.0,0.17793368342004096,0.17784074604965297,0.17783871092475398,0.17752055306554254,0.0,0.28886630654000955,78.84960994660682,0.35755555555555557,0.8468399999999999,sortingNetworks
279,0.0,0.0,0.17793380412587934,0.17784086669244492,0.17783883156616534,0.17751999511569694,0.0,0.28886650249981344,70.01410471533055,0.3218,0.8436030000000001,sortingNetworks
280,0.0,0.0,0.1779361724066818,0.1778425557087191,0.17783984218124194,0.17751286212024184,0.0,0.28886856758311535,118.53425217160644,0.5168571428571429,0.853032,sortingNetworks
281,0.0,0.0,0.1779344076575278,0.17784146990885996,0.17783875639794994,0.17751788373284128,0.0,0.28886748230282105,101.40499528973488,0.45225,0.849453,sortingNetworks
282,0.0,0.0,0.1779334420088555,0.17784050476456012,0.17783846964242225,0.17752166896296281,0.0,0.2888659146211993,88.55727652142936,0.402,0.847266,sortingNetworks
283,0.0,0.0,0.1779311944840536,0.1778389364274153,0.17783622295516122,0.17752960059045156,0.0,0.28886404554291834,78.76718430308244,0.3618,0.843952,sortingNetworks
284,0.0,0.0,0.17792660789437267,0.1778343522159,0.177832995514746,0.1775494449735579,0.0,0.28885659940142344,124.96219781704134,0.5454285714285714,0.8523299999999999,sortingNetworks
285,0.0,0.0,0.17793194770342663,0.17783833322818665,0.177834263033611,0.17753374700077537,0.0,0.2888617090340004,106.91309995053064,0.47725,0.8497899999999999,sortingNetworks
286,0.0,0.0,0.17793010816512736,0.17783785067174987,0.1778351372160623,0.17753462199866363,0.0,0.28886228194839686,93.68528710919797,0.4242222222222222,0.847391,sortingNetworks
287,0.0,0.0,0.1779272113795052,0.177834955388123,0.17783156362373395,0.17754869047368704,0.0,0.28885757913495086,83.16749371280548,0.3818,0.8441209999999999,sortingNetworks
288,0.19512431132251198,0.024390538915313998,0.09756460965777658,0.09756230685535441,0.09756317912899917,0.09754903666563886,0.0,0.39024601745440496,95.62847869191054,0.48828571428571427,0.9374709999999999,transpose
289,0.19512422054826398,0.024390527568532997,0.0975639827540183,0.09756226146816008,0.0975633430869764,0.09754924715143473,0.0,0.39024641742261357,81.19313542111023,0.42725,0.926983,transpose
290,0.19512422735632964,0.024390528419541205,0.09756457930393965,0.09756226487219818,0.09756317203639836,0.09754939011874186,0.0,0.3902458378928511,70.46661429674826,0.37977777777777777,0.916643,transpose
291,0.19512425912730905,0.02439053239091363,0.09756439747452424,0.0975622807577125,0.09756315303112394,0.0975492780687262,0.0,0.39024609914969044,62.294478112636995,0.3418,0.9065219999999999,transpose
292,0.19512427955151557,0.024390534943939446,0.0975648612690863,0.0975622909698316,0.09756339584960172,0.09754895100039652,0.0,0.39024568641562885,89.98686654104381,0.45971428571428574,0.936861,transpose
293,0.19512405261612778,0.024390506577015972,0.09756356150764321,0.09756217750196186,0.09756411976203569,0.09754916319643718,0.0,0.3902464188387783,76.36697388944411,0.40225,0.926335,transpose
294,0.19512428862894207,0.02439053607861776,0.09756476113510096,0.09756229550855187,0.09756283050299178,0.0975494789026222,0.0,0.39024580924317337,66.26885701173926,0.35755555555555557,0.915953,transpose
295,0.19512422735632964,0.024390528419541205,0.09756392800656517,0.09756226487219818,0.09756310225453681,0.09754945990060342,0.0,0.3902464891902256,58.65003203737588,0.3218,0.906767,transpose
296,0.19512427274344626,0.024390534092930783,0.09756650936939756,0.09756228756579166,0.09756345059708806,0.09754892433619611,0.0,0.39024402129514957,101.27079101067552,0.5168571428571429,0.9374129999999999,transpose
297,0.19512418650794275,0.024390523313492844,0.09756554745539507,0.09756224444797308,0.09756326791506158,0.09754946273967462,0.0,0.39024476762046006,86.21341306666922,0.45225,0.927249,transpose
298,0.1951243703258185,0.024390546290727313,0.09756467405112823,0.09756233635705339,0.09756267363629802,0.09754929876970068,0.0,0.3902461005692739,74.59384075442108,0.402,0.916691,transpose
299,0.19512406850158776,0.02439050856269847,0.09756423237764322,0.09756218544470414,0.09756390672922109,0.09754931070172944,0.0,0.3902457876824159,65.91855391703716,0.3618,0.9065629999999999,transpose
300,0.19512405715483036,0.024390507144353795,0.09756469191614126,0.09756217977131666,0.09756418018293625,0.09754908405338847,0.0,0.3902452997770332,107.04553571469421,0.5454285714285714,0.9376540000000001,transpose
301,0.19512416381440184,0.02439052047680023,0.0975643963381887,0.09756223310118504,0.09756344265305807,0.09754938161253432,0.0,0.39024586200383177,90.8018324396166,0.47725,0.9272459999999999,transpose
302,0.19512425685795304,0.02439053210724413,0.09756428003669969,0.09756227962303274,0.09756324493893016,0.09754919552201353,0.0,0.3902462109141267,78.80279711867098,0.4242222222222222,0.917092,transpose
303,0.19512409119510646,0.024390511399388307,0.09756532534275751,0.09756219679148109,0.09756385992468751,0.0975492638954983,0.0,0.39024475145108084,69.63072060332752,0.3818,0.906982,transpose
304,0.0,0.0,0.14304587067889651,0.07150111709415882,0.14299677962699528,0.07050402328443137,0.571952209315518,0.0,71.00514982546228,0.48828571428571427,0.893884,vectorAdd
305,0.0,0.0,0.14304969401820453,0.07150302818065335,0.14299787430063837,0.07048190700924409,0.5719674964912597,0.0,60.78744784080824,0.42725,0.886116,vectorAdd
306,0.0,0.0,0.14304086881966277,0.07149534545311746,0.14298250972469778,0.07057523523623979,0.5719060407662822,0.0,52.93057861396036,0.37977777777777777,0.876075,vectorAdd
307,0.0,0.0,0.14303323170565424,0.07149479953531243,0.14298141795155686,0.07058887695051513,0.5719016738569613,0.0,46.92079134272784,0.3418,0.869926,vectorAdd
308,0.0,0.0,0.14304532450425045,0.07150084409014174,0.14299568818573802,0.07050811771989299,0.5719500254999769,0.0,66.80946970159494,0.45971428571428574,0.893209,vectorAdd
309,0.0,0.0,0.14305000466374915,0.07150263815470446,0.14299873069657867,0.07048424989186103,0.5719643765931067,0.0,57.200636500745425,0.40225,0.8826700000000001,vectorAdd
310,0.0,0.0,0.1430321395535543,0.07149425362584429,0.14298087159886208,0.07059542820741051,0.5718973070143288,0.0,49.91319821174651,0.35755555555555557,0.876667,vectorAdd
311,0.0,0.0,0.14303369977594568,0.07149503349906516,0.14298188585228996,0.0705858354913378,0.5719035453813613,0.0,44.066888092758546,0.3218,0.870133,vectorAdd
312,0.0,0.0,0.14304821147462116,0.07150228713498842,0.1429980286892802,0.07048990398724048,0.5719615687138697,0.0,75.03609027212507,0.5168571428571429,0.894183,vectorAdd
313,0.0,0.0,0.14304306182514764,0.07149971309570821,0.14299288084635675,0.07052336579097222,0.5719409784418151,0.0,64.29386018012111,0.45225,0.885548,vectorAdd
314,0.0,0.0,0.14303244958743314,0.07149359074698354,0.14297900051322018,0.07060295464300655,0.5718920045093566,0.0,56.27769965733956,0.402,0.8770709999999999,vectorAdd
315,0.0,0.0,0.14303471393875333,0.07149554042578257,0.14298453588848692,0.07057760935406124,0.571907600392916,0.0,49.632904183927394,0.3618,0.869332,vectorAdd
316,0.0,0.0,0.14304282775898117,0.07149959609832619,0.14299701041853596,0.07052052316857454,0.5719400425555822,0.0,79.51896775950937,0.5454285714285714,0.8946059999999999,vectorAdd
317,0.0,0.0,0.14304548055372374,0.07150092209107674,0.14299366236248406,0.07050928554714282,0.5719506494455726,0.0,67.71665942839262,0.47725,0.884832,vectorAdd
318,0.0,0.0,0.14304547623917638,0.07149928410717939,0.14299038658212312,0.07052730619758642,0.5719375468739347,0.0,59.41317617492418,0.4242222222222222,0.8786459999999999,vectorAdd
319,0.0,0.0,0.1430365082620287,0.07149643731373892,0.14298905668445464,0.07056322295478247,0.5719147747849953,0.0,52.48495811017745,0.3818,0.8712280000000001,vectorAdd
