,appName,coreF,memF,n_shm_ld,n_shm_st,n_gld,n_gst,l2_miss,l2_hit,mem_insts,insts,act_util,L_DM,D_DM,n_shm,tex_trans,fp_insts,dp_insts,int_insts,branch_insts
4,BlackScholes,1600,4000,0.0,0.0,12.000463169642858,8.000544642857143,0.9998170851100527,0.00018291488994726102,20.0010078125,142.9989921875,0.88749,468.00800000000004,4.733057,0.0,12.0,87.39150589425223,0.0,24.0,0.53125
5,BlackScholes,1600,4500,0.0,0.0,12.000455357142856,8.000175223214285,0.9998220480213657,0.00017795197863434975,20.00063058035714,142.99936941964285,0.8844620000000001,460.08711111111114,4.135966024691358,0.0,12.0,87.39150589425223,0.0,24.0,0.53125
6,BlackScholes,1600,5000,0.0,0.0,12.000488839285714,8.000331473214287,0.9998784648062705,0.00012153519372948285,20.0008203125,142.9991796875,0.8802040000000001,453.7504,3.6711084799999996,0.0,12.0,87.39150589425223,0.0,24.0,0.53125
7,BlackScholes,1600,5500,0.0,0.0,12.00044642857143,8.00001450892857,0.9998686414202619,0.0001313585797381167,20.0004609375,142.9995390625,0.876181,448.5658181818182,3.2992433719008267,0.0,12.0,87.39150589425223,0.0,24.0,0.53125
0,BlackScholes,1700,4000,0.0,0.0,12.000441964285715,8.00001450892857,0.9998234415297106,0.00017655847028941185,20.000456473214285,142.99954352678571,0.889716,472.4635,5.0288730625,0.0,12.0,87.39150589425223,0.0,24.0,0.53125
1,BlackScholes,1700,4500,0.0,0.0,12.000419642857143,8.000026785714285,0.9998565322202629,0.00014346777973706093,20.00044642857143,142.99955357142858,0.886568,464.04755555555556,4.394463901234569,0.0,12.0,87.39150589425223,0.0,24.0,0.53125
2,BlackScholes,1700,5000,0.0,0.0,12.00044642857143,8.00001450892857,0.9998260084742466,0.00017399152575336974,20.0004609375,142.9995390625,0.882869,457.31480000000005,3.9005527599999996,0.0,12.0,87.39150589425223,0.0,24.0,0.53125
3,BlackScholes,1700,5500,0.0,0.0,12.000419642857143,8.000027901785714,0.9998317559969779,0.00016824400302206666,20.000447544642856,142.99955245535713,0.87874,451.80618181818187,3.505446082644628,0.0,12.0,87.39150589425223,0.0,24.0,0.53125
8,BlackScholes,1800,4000,0.0,0.0,12.000482142857143,8.000018973214285,0.9998217678586069,0.00017823214139311983,20.000501116071426,142.99949888392857,0.890919,476.91900000000004,5.324689125,0.0,12.0,87.39150589425223,0.0,24.0,0.53125
9,BlackScholes,1800,4500,0.0,0.0,12.000515625,8.0000234375,0.9998087663150597,0.00019123368494033954,20.0005390625,142.9994609375,0.888335,468.00800000000004,4.652961777777778,0.0,12.0,87.39150589425223,0.0,24.0,0.53125
10,BlackScholes,1800,5000,0.0,0.0,12.000488839285714,8.000321428571429,0.9997618958071232,0.00023810419287684237,20.00081026785714,142.99918973214287,0.8851700000000001,460.8792,4.12999704,0.0,12.0,87.39150589425223,0.0,24.0,0.53125
11,BlackScholes,1800,5500,0.0,0.0,12.000493303571428,8.000328125,0.9997831004262325,0.0002168995737674706,20.000821428571427,142.99917857142856,0.881376,455.0465454545455,3.71164879338843,0.0,12.0,87.39150589425223,0.0,24.0,0.53125
12,BlackScholes,1900,4000,0.0,0.0,12.0005234375,8.000325892857143,0.9998113361368973,0.00018866386310267824,20.00084933035714,142.99915066964286,0.892069,481.3745,5.6205051875,0.0,12.0,87.39150589425223,0.0,24.0,0.53125
13,BlackScholes,1900,4500,0.0,0.0,12.000546875,8.000636160714286,0.9998352218004962,0.00016477819950377892,20.001183035714284,142.9988169642857,0.888966,471.96844444444446,4.911459654320987,0.0,12.0,87.39150589425223,0.0,24.0,0.53125
14,BlackScholes,1900,5000,0.0,0.0,12.000479910714287,8.000325892857143,0.9998181434877454,0.00018185651225455235,20.00080580357143,142.99919419642856,0.8863610000000001,464.44360000000006,4.359441319999999,0.0,12.0,87.39150589425223,0.0,24.0,0.53125
15,BlackScholes,1900,5500,0.0,0.0,12.000512276785715,8.00001450892857,0.9998227725251879,0.00017722747481208057,20.000526785714285,142.99947321428573,0.883127,458.28690909090915,3.9178515041322317,0.0,12.0,87.39150589425223,0.0,24.0,0.53125
16,BlackScholes,2000,4000,0.0,0.0,12.000463169642858,8.000027901785714,0.9998237208461399,0.00017627915386009274,20.00049107142857,142.99950892857143,0.893541,485.83000000000004,5.91632125,0.0,12.0,87.39150589425223,0.0,24.0,0.53125
17,BlackScholes,2000,4500,0.0,0.0,12.000422991071428,8.000027901785714,0.9998235530850755,0.0001764469149244663,20.000450892857142,142.99954910714285,0.891207,475.92888888888893,5.169957530864197,0.0,12.0,87.39150589425223,0.0,24.0,0.53125
18,BlackScholes,2000,5000,0.0,0.0,12.036787946428571,8.00001450892857,0.9988694352885805,0.0011305647114194795,20.03680245535714,142.96319754464287,0.8877649999999999,468.00800000000004,4.5888856,0.0,12.0,87.39150589425223,0.0,24.0,0.53125
19,BlackScholes,2000,5500,0.0,0.0,12.010258928571428,8.00001450892857,0.9996087389262381,0.0003912610737618616,20.010273437499997,142.9897265625,0.8846620000000001,461.52727272727276,4.1240542148760335,0.0,12.0,87.39150589425223,0.0,24.0,0.53125
24,SobolQRNG,1600,4000,2054.0,0.5,2.1925,8192.0165,0.9995397359281416,0.00046026407185839613,10248.333999999999,32843.666,0.966139,468.00800000000004,4.733057,2054.5,2.0,2048.0,0.0,28722.0,64.359375
25,SobolQRNG,1600,4500,2054.0,0.5,2.1895,8192.391,0.9995024760571941,0.0004975239428058886,10248.7055,32843.2945,0.967297,460.08711111111114,4.135966024691358,2054.5,2.0,2048.0,0.0,28722.0,64.359375
26,SobolQRNG,1600,5000,2054.0,0.5,2.2075,8192.396,0.9995827742001183,0.00041722579988168196,10248.728500000001,32843.2715,0.9596120000000001,453.7504,3.6711084799999996,2054.5,2.0,2048.0,0.0,28722.0,64.359375
27,SobolQRNG,1600,5500,2054.0,0.5,2.2255,8192.098,0.9995216810759302,0.00047831892406979826,10248.4485,32843.5515,0.957932,448.5658181818182,3.2992433719008267,2054.5,2.0,2048.0,0.0,28722.0,64.359375
20,SobolQRNG,1700,4000,2054.0,0.5,2.214,8192.0065,0.9996172302173222,0.00038276978267781647,10248.3455,32843.654500000004,0.966052,472.4635,5.0288730625,2054.5,2.0,2048.0,0.0,28722.0,64.359375
21,SobolQRNG,1700,4500,2054.0,0.5,2.166,8192.0065,0.9996165567664094,0.00038344323359063015,10248.297499999999,32843.7025,0.970409,464.04755555555556,4.394463901234569,2054.5,2.0,2048.0,0.0,28722.0,64.359375
22,SobolQRNG,1700,5000,2054.0,0.5,2.1725,8192.0065,0.9996197300547133,0.0003802699452867264,10248.304,32843.695999999996,0.9709549999999999,457.31480000000005,3.9005527599999996,2054.5,2.0,2048.0,0.0,28722.0,64.359375
23,SobolQRNG,1700,5500,2054.0,0.5,2.215,8192.0065,0.9995983755137691,0.0004016244862309337,10248.3465,32843.6535,0.9565020000000001,451.80618181818187,3.505446082644628,2054.5,2.0,2048.0,0.0,28722.0,64.359375
28,SobolQRNG,1800,4000,2054.0,0.5,2.179,8192.012,0.9996139338221429,0.00038606617785708064,10248.316,32843.684,0.970532,476.91900000000004,5.324689125,2054.5,2.0,2048.0,0.0,28722.0,64.359375
29,SobolQRNG,1800,4500,2054.0,0.5,2.1775,8192.012,0.999611859110654,0.00038814088934602253,10248.3145,32843.6855,0.9689700000000001,468.00800000000004,4.652961777777778,2054.5,2.0,2048.0,0.0,28722.0,64.359375
30,SobolQRNG,1800,5000,2054.0,0.5,2.1845,8192.012,0.9996135069497052,0.0003864930502948116,10248.3215,32843.6785,0.95954,460.8792,4.12999704,2054.5,2.0,2048.0,0.0,28722.0,64.359375
31,SobolQRNG,1800,5500,2054.0,0.5,2.1745,8192.0065,0.9996208895068343,0.0003791104931657463,10248.305999999999,32843.694,0.9553219999999999,455.0465454545455,3.71164879338843,2054.5,2.0,2048.0,0.0,28722.0,64.359375
32,SobolQRNG,1900,4000,2054.0,0.5,2.1565,8192.0065,0.9996250379691008,0.0003749620308991508,10248.287999999999,32843.712,0.9705600000000001,481.3745,5.6205051875,2054.5,2.0,2048.0,0.0,28722.0,64.359375
33,SobolQRNG,1900,4500,2054.0,0.5,2.159,8192.388,0.999563185127866,0.00043681487213398373,10248.672,32843.328,0.969223,471.96844444444446,4.911459654320987,2054.5,2.0,2048.0,0.0,28722.0,64.359375
34,SobolQRNG,1900,5000,2054.0,0.5,2.191,8192.011,0.9996171683343905,0.00038283166560948434,10248.327000000001,32843.672999999995,0.9642209999999999,464.44360000000006,4.359441319999999,2054.5,2.0,2048.0,0.0,28722.0,64.359375
35,SobolQRNG,1900,5500,2054.0,0.5,2.1965,8192.7655,0.9995245249459362,0.00047547505406375645,10249.087,32842.913,0.960043,458.28690909090915,3.9178515041322317,2054.5,2.0,2048.0,0.0,28722.0,64.359375
36,SobolQRNG,2000,4000,2054.0,0.5,2.1835,8192.012,0.9995696954020684,0.0004303045979315856,10248.3205,32843.6795,0.973542,485.83000000000004,5.91632125,2054.5,2.0,2048.0,0.0,28722.0,64.359375
37,SobolQRNG,2000,4500,2054.0,0.5,2.1985,8192.0065,0.9996074054774076,0.00039259452259243766,10248.33,32843.67,0.969116,475.92888888888893,5.169957530864197,2054.5,2.0,2048.0,0.0,28722.0,64.359375
38,SobolQRNG,2000,5000,2054.0,0.5,2.179,8192.012,0.9996032555257742,0.0003967444742257742,10248.316,32843.684,0.97101,468.00800000000004,4.5888856,2054.5,2.0,2048.0,0.0,28722.0,64.359375
39,SobolQRNG,2000,5500,2054.0,0.5,34.425,8192.0145,0.9965748243817999,0.0034251756182001047,10280.564499999999,32811.4355,0.9650799999999999,461.52727272727276,4.1240542148760335,2054.5,2.0,2048.0,0.0,28722.0,64.359375
44,backpropForward,1600,4000,6.75,4.875,6.251045227050781,6.000049591064453,0.7345675033651965,0.2654324966348035,20.219844818115234,247.53015518188477,0.962147,468.00800000000004,4.733057,11.625,6.0,25.9375,0.0,119.1875,0.52734375
45,backpropForward,1600,4500,6.75,4.875,6.251068115234375,6.000049591064453,0.7345636400038984,0.2654363599961016,20.219867706298828,247.53013229370117,0.961987,460.08711111111114,4.135966024691358,11.625,6.0,25.9375,0.0,119.1875,0.52734375
46,backpropForward,1600,5000,6.75,4.875,6.250953674316406,6.000072479248047,0.7344785185143669,0.26552148148563315,20.219776153564453,247.53022384643555,0.961993,453.7504,3.6711084799999996,11.625,6.0,25.9375,0.0,119.1875,0.52734375
47,backpropForward,1600,5500,6.75,4.875,6.250949859619141,6.000064849853516,0.7345816479995516,0.2654183520004484,20.219764709472656,247.53023529052734,0.9619270000000001,448.5658181818182,3.2992433719008267,11.625,6.0,25.9375,0.0,119.1875,0.52734375
40,backpropForward,1700,4000,6.75,4.875,6.250846862792969,6.000049591064453,0.7345887387789939,0.2654112612210061,20.219646453857422,247.53035354614258,0.962084,472.4635,5.0288730625,11.625,6.0,25.9375,0.0,119.1875,0.52734375
41,backpropForward,1700,4500,6.75,4.875,6.250980377197266,6.000064849853516,0.7345866684435931,0.2654133315564069,20.21979522705078,247.53020477294922,0.962009,464.04755555555556,4.394463901234569,11.625,6.0,25.9375,0.0,119.1875,0.52734375
42,backpropForward,1700,5000,6.75,4.875,6.250850677490234,6.000049591064453,0.7344160049820956,0.2655839950179044,20.219650268554688,247.5303497314453,0.961968,457.31480000000005,3.9005527599999996,11.625,6.0,25.9375,0.0,119.1875,0.52734375
43,backpropForward,1700,5500,6.75,4.875,6.250743865966797,6.000080108642578,0.7346108336343368,0.26538916636566323,20.219573974609375,247.53042602539062,0.961901,451.80618181818187,3.505446082644628,11.625,6.0,25.9375,0.0,119.1875,0.52734375
48,backpropForward,1800,4000,6.75,4.875,6.250873565673828,6.000049591064453,0.7345834010585688,0.2654165989414312,20.21967315673828,247.53032684326172,0.962192,476.91900000000004,5.324689125,11.625,6.0,25.9375,0.0,119.1875,0.52734375
49,backpropForward,1800,4500,6.75,4.875,6.250785827636719,6.000064849853516,0.7345970885138255,0.26540291148617445,20.219600677490234,247.53039932250977,0.962043,468.00800000000004,4.652961777777778,11.625,6.0,25.9375,0.0,119.1875,0.52734375
50,backpropForward,1800,5000,6.75,4.875,6.251003265380859,6.000064849853516,0.7346622060915248,0.26533779390847523,20.219818115234375,247.53018188476562,0.962016,460.8792,4.12999704,11.625,6.0,25.9375,0.0,119.1875,0.52734375
51,backpropForward,1800,5500,6.75,4.875,6.250904083251953,6.000049591064453,0.7343794858126105,0.2656205141873895,20.219703674316406,247.5302963256836,0.9619280000000001,455.0465454545455,3.71164879338843,11.625,6.0,25.9375,0.0,119.1875,0.52734375
52,backpropForward,1900,4000,6.75,4.875,6.250942230224609,6.000064849853516,0.7345749437650863,0.26542505623491375,20.219757080078125,247.53024291992188,0.9622719999999999,481.3745,5.6205051875,11.625,6.0,25.9375,0.0,119.1875,0.52734375
53,backpropForward,1900,4500,6.75,4.875,6.250877380371094,6.000053405761719,0.7344007861727263,0.2655992138272737,20.219680786132812,247.5303192138672,0.962091,471.96844444444446,4.911459654320987,11.625,6.0,25.9375,0.0,119.1875,0.52734375
54,backpropForward,1900,5000,6.75,4.875,6.2508087158203125,6.0011138916015625,0.7345353089015146,0.26546469109848536,20.220672607421875,247.52932739257812,0.96204,464.44360000000006,4.359441319999999,11.625,6.0,25.9375,0.0,119.1875,0.52734375
55,backpropForward,1900,5500,6.75,4.875,6.250831604003906,6.000049591064453,0.7346861819806664,0.2653138180193336,20.21963119506836,247.53036880493164,0.961974,458.28690909090915,3.9178515041322317,11.625,6.0,25.9375,0.0,119.1875,0.52734375
56,backpropForward,2000,4000,6.75,4.875,6.250850677490234,6.000064849853516,0.7345916430432595,0.2654083569567405,20.21966552734375,247.53033447265625,0.9624379999999999,485.83000000000004,5.91632125,11.625,6.0,25.9375,0.0,119.1875,0.52734375
57,backpropForward,2000,4500,6.75,4.875,6.250862121582031,6.000049591064453,0.7344249717344185,0.26557502826558155,20.219661712646484,247.53033828735352,0.9622209999999999,475.92888888888893,5.169957530864197,11.625,6.0,25.9375,0.0,119.1875,0.52734375
58,backpropForward,2000,5000,6.75,4.875,6.2802734375,6.000049591064453,0.7344509356789998,0.2655490643210002,20.249073028564453,247.50092697143555,0.962144,468.00800000000004,4.5888856,11.625,6.0,25.9375,0.0,119.1875,0.52734375
59,backpropForward,2000,5500,6.75,4.875,6.2678375244140625,6.000080108642578,0.7354610332650179,0.2645389667349821,20.23666763305664,247.51333236694336,0.962044,461.52727272727276,4.1240542148760335,11.625,6.0,25.9375,0.0,119.1875,0.52734375
64,conjugateGradient,1600,4000,6.0,2.0,12.234309196472168,1.0000219345092773,0.6823374049033804,0.31766259509661965,19.734331130981445,71.26566886901855,0.910484,468.00800000000004,4.733057,8.0,20.0,4.2499998807907104,0.0,35.74999958276749,0.4375
65,conjugateGradient,1600,4500,6.0,2.0,12.235955238342285,1.0000123977661133,0.6823196159815916,0.31768038401840837,19.7359676361084,71.2640323638916,0.903684,460.08711111111114,4.135966024691358,8.0,20.0,4.2499998807907104,0.0,35.74999958276749,0.4375
66,conjugateGradient,1600,5000,6.0,2.0,12.239689826965332,1.0000123977661133,0.6819772533475513,0.3180227466524487,19.739702224731445,71.26029777526855,0.905285,453.7504,3.6711084799999996,8.0,20.0,4.2499998807907104,0.0,35.74999958276749,0.4375
67,conjugateGradient,1600,5500,6.0,2.0,12.239891052246094,1.0000123977661133,0.6819606937815155,0.31803930621848453,19.739903450012207,71.2600965499878,0.9013389999999999,448.5658181818182,3.2992433719008267,8.0,20.0,4.2499998807907104,0.0,35.74999958276749,0.4375
60,conjugateGradient,1700,4000,6.0,2.0,12.230637550354004,1.0000314712524414,0.6824006322331962,0.31759936776680375,19.730669021606445,71.26933097839355,0.907191,472.4635,5.0288730625,8.0,20.0,4.2499998807907104,0.0,35.74999958276749,0.4375
61,conjugateGradient,1700,4500,6.0,2.0,12.237821578979492,1.0000219345092773,0.6819648747180025,0.3180351252819975,19.73784351348877,71.26215648651123,0.907259,464.04755555555556,4.394463901234569,8.0,20.0,4.2499998807907104,0.0,35.74999958276749,0.4375
62,conjugateGradient,1700,5000,6.0,2.0,12.239689826965332,1.0000267028808594,0.6821133760080513,0.31788662399194867,19.73971652984619,71.26028347015381,0.9055,457.31480000000005,3.9005527599999996,8.0,20.0,4.2499998807907104,0.0,35.74999958276749,0.4375
63,conjugateGradient,1700,5500,6.0,2.0,12.241449356079102,1.0000314712524414,0.681628172133944,0.318371827866056,19.741480827331543,71.25851917266846,0.901603,451.80618181818187,3.505446082644628,8.0,20.0,4.2499998807907104,0.0,35.74999958276749,0.4375
68,conjugateGradient,1800,4000,6.0,2.0,12.22998046875,1.0000123977661133,0.6822826174632927,0.31771738253670734,19.729992866516113,71.27000713348389,0.9070969999999999,476.91900000000004,5.324689125,8.0,20.0,4.2499998807907104,0.0,35.74999958276749,0.4375
69,conjugateGradient,1800,4500,6.0,2.0,12.235880851745605,1.0000219345092773,0.6823073237335946,0.3176926762664054,19.735902786254883,71.26409721374512,0.907217,468.00800000000004,4.652961777777778,8.0,20.0,4.2499998807907104,0.0,35.74999958276749,0.4375
70,conjugateGradient,1800,5000,6.0,2.0,12.238107681274414,1.0000123977661133,0.6820380119118158,0.3179619880881842,19.738120079040527,71.26187992095947,0.901899,460.8792,4.12999704,8.0,20.0,4.2499998807907104,0.0,35.74999958276749,0.4375
71,conjugateGradient,1800,5500,6.0,2.0,12.241305351257324,1.0000123977661133,0.6819932949827319,0.31800670501726813,19.741317749023438,71.25868225097656,0.8983469999999999,455.0465454545455,3.71164879338843,8.0,20.0,4.2499998807907104,0.0,35.74999958276749,0.4375
72,conjugateGradient,1900,4000,6.0,2.0,12.234319686889648,1.0000123977661133,0.6823970219359046,0.31760297806409543,19.73433208465576,71.26566791534424,0.911198,481.3745,5.6205051875,8.0,20.0,4.2499998807907104,0.0,35.74999958276749,0.4375
73,conjugateGradient,1900,4500,6.0,2.0,12.23695182800293,1.0000123977661133,0.6822696141192883,0.3177303858807117,19.736964225769043,71.26303577423096,0.9038149999999999,471.96844444444446,4.911459654320987,8.0,20.0,4.2499998807907104,0.0,35.74999958276749,0.4375
74,conjugateGradient,1900,5000,6.0,2.0,12.236278533935547,1.0000123977661133,0.6822457426935751,0.3177542573064249,19.73629093170166,71.26370906829834,0.9020239999999999,464.44360000000006,4.359441319999999,8.0,20.0,4.2499998807907104,0.0,35.74999958276749,0.4375
75,conjugateGradient,1900,5500,6.0,2.0,12.241235733032227,1.0000123977661133,0.6819306915539717,0.3180693084460283,19.74124813079834,71.25875186920166,0.901582,458.28690909090915,3.9178515041322317,8.0,20.0,4.2499998807907104,0.0,35.74999958276749,0.4375
76,conjugateGradient,2000,4000,6.0,2.0,12.233148574829102,1.0000171661376953,0.6823639843816437,0.3176360156183563,19.733165740966797,71.2668342590332,0.9087729999999999,485.83000000000004,5.91632125,8.0,20.0,4.2499998807907104,0.0,35.74999958276749,0.4375
77,conjugateGradient,2000,4500,6.0,2.0,12.236525535583496,1.0000123977661133,0.6823463440656,0.3176536559344,19.73653793334961,71.26346206665039,0.908012,475.92888888888893,5.169957530864197,8.0,20.0,4.2499998807907104,0.0,35.74999958276749,0.4375
78,conjugateGradient,2000,5000,6.0,2.0,12.262137413024902,1.0006628036499023,0.6810870943623286,0.3189129056376714,19.762800216674805,71.2371997833252,0.9055559999999999,468.00800000000004,4.5888856,8.0,20.0,4.2499998807907104,0.0,35.74999958276749,0.4375
79,conjugateGradient,2000,5500,6.0,2.0,12.245461463928223,1.0000123977661133,0.6822409659061209,0.31775903409387907,19.745473861694336,71.25452613830566,0.9000459999999999,461.52727272727276,4.1240542148760335,8.0,20.0,4.2499998807907104,0.0,35.74999958276749,0.4375
84,convolutionSeparable,1600,4000,258.0,20.0,39.9018701171875,32.00005859375,0.8904012525198609,0.10959874748013909,334.9019287109375,0.0,0.874992,468.00800000000004,4.733057,278.0,39.9,136.0,0.0,21.0,0.09375
85,convolutionSeparable,1600,4500,258.0,20.0,39.90216796875,32.00238525390625,0.8903080781492528,0.10969192185074716,334.90455322265626,0.0,0.954375,460.08711111111114,4.135966024691358,278.0,39.9,136.0,0.0,21.0,0.09375
86,convolutionSeparable,1600,5000,258.0,20.0,39.90197998046875,32.0004541015625,0.8900810516040464,0.10991894839595362,334.9024340820313,0.0,0.9586959999999999,453.7504,3.6711084799999996,278.0,39.9,136.0,0.0,21.0,0.09375
87,convolutionSeparable,1600,5500,258.0,20.0,39.9022705078125,32.0065625,0.8899615120029437,0.11003848799705629,334.9088330078125,0.0,0.959779,448.5658181818182,3.2992433719008267,278.0,39.9,136.0,0.0,21.0,0.09375
80,convolutionSeparable,1700,4000,258.0,20.0,39.902353515625,32.00005859375,0.890497978556276,0.109502021443724,334.902412109375,0.0,0.876806,472.4635,5.0288730625,278.0,39.9,136.0,0.0,21.0,0.09375
81,convolutionSeparable,1700,4500,258.0,20.0,39.90170654296875,32.00013916015625,0.8903009256461138,0.10969907435388615,334.901845703125,0.0,0.867504,464.04755555555556,4.394463901234569,278.0,39.9,136.0,0.0,21.0,0.09375
82,convolutionSeparable,1700,5000,258.0,20.0,39.9017724609375,32.00003173828125,0.8901531932096381,0.10984680679036185,334.90180419921876,0.0,0.9301149999999999,457.31480000000005,3.9005527599999996,278.0,39.9,136.0,0.0,21.0,0.09375
83,convolutionSeparable,1700,5500,258.0,20.0,39.9017138671875,32.00005859375,0.8900299569121093,0.10997004308789071,334.90177246093754,0.0,0.9592879999999999,451.80618181818187,3.505446082644628,278.0,39.9,136.0,0.0,21.0,0.09375
88,convolutionSeparable,1800,4000,258.0,20.0,39.90197998046875,32.00003173828125,0.890644188610639,0.10935581138936101,334.90201171875003,0.0,0.8797020000000001,476.91900000000004,5.324689125,278.0,39.9,136.0,0.0,21.0,0.09375
89,convolutionSeparable,1800,4500,258.0,20.0,39.9016455078125,32.00003173828125,0.8904258259850361,0.10957417401496394,334.90167724609375,0.0,0.8737299999999999,468.00800000000004,4.652961777777778,278.0,39.9,136.0,0.0,21.0,0.09375
90,convolutionSeparable,1800,5000,258.0,20.0,39.902216796875,32.0056396484375,0.8901971374634516,0.10980286253654836,334.9078564453125,0.0,0.854564,460.8792,4.12999704,278.0,39.9,136.0,0.0,21.0,0.09375
91,convolutionSeparable,1800,5500,258.0,20.0,39.90197998046875,32.00191650390625,0.8901258651582876,0.10987413484171238,334.90389648437497,0.0,0.959767,455.0465454545455,3.71164879338843,278.0,39.9,136.0,0.0,21.0,0.09375
92,convolutionSeparable,1900,4000,258.0,20.0,39.9021923828125,32.00307373046875,0.8906797636878249,0.10932023631217513,334.90526611328124,0.0,0.8780979999999999,481.3745,5.6205051875,278.0,39.9,136.0,0.0,21.0,0.09375
93,convolutionSeparable,1900,4500,258.0,20.0,39.90200439453125,32.00562744140625,0.890421454715906,0.10957854528409405,334.9076318359375,0.0,0.844541,471.96844444444446,4.911459654320987,278.0,39.9,136.0,0.0,21.0,0.09375
94,convolutionSeparable,1900,5000,258.0,20.0,39.901611328125,32.00003173828125,0.8901203504285249,0.10987964957147511,334.9016430664062,0.0,0.9350040000000001,464.44360000000006,4.359441319999999,278.0,39.9,136.0,0.0,21.0,0.09375
95,convolutionSeparable,1900,5500,258.0,20.0,39.902001953125,32.00003173828125,0.8901902148013419,0.10980978519865814,334.90203369140625,0.0,0.958924,458.28690909090915,3.9178515041322317,278.0,39.9,136.0,0.0,21.0,0.09375
96,convolutionSeparable,2000,4000,258.0,20.0,39.9017578125,32.00010009765625,0.8902808091310717,0.10971919086892834,334.90185791015625,0.0,0.8772200000000001,485.83000000000004,5.91632125,278.0,39.9,136.0,0.0,21.0,0.09375
97,convolutionSeparable,2000,4500,258.0,20.0,39.9018798828125,32.00003173828125,0.8905666197062153,0.10943338029378469,334.90191162109375,0.0,0.872768,475.92888888888893,5.169957530864197,278.0,39.9,136.0,0.0,21.0,0.09375
98,convolutionSeparable,2000,5000,258.0,20.0,39.94064208984375,32.00003173828125,0.8899838123453774,0.11001618765462262,334.940673828125,0.0,0.872934,468.00800000000004,4.5888856,278.0,39.9,136.0,0.0,21.0,0.09375
99,convolutionSeparable,2000,5500,258.0,20.0,39.9727001953125,32.00003173828125,0.889502219315848,0.11049778068415195,334.97273193359376,0.0,0.950652,461.52727272727276,4.1240542148760335,278.0,39.9,136.0,0.0,21.0,0.09375
104,convolutionTexture,1600,4000,0.0,0.0,7.98770918715847,3.9970122218969557,0.6669770732520528,0.3330229267479472,11.984721409055425,82.95673059094457,0.8278610000000001,468.00800000000004,4.733057,0.0,135.89383294301328,35.97189695550351,0.0,20.992974238875878,0.0624756049960968
105,convolutionTexture,1600,4500,0.0,0.0,7.98772931303669,3.997304352068696,0.6670189022584397,0.33298109774156026,11.985033665105385,82.95641833489461,0.8277370000000001,460.08711111111114,4.135966024691358,0.0,135.89383294301328,35.97189695550351,0.0,20.992974238875878,0.0624756049960968
106,convolutionTexture,1600,5000,0.0,0.0,7.9876823526541765,3.997396443208431,0.6669518414035961,0.3330481585964039,11.985078795862607,82.95637320413739,0.827829,453.7504,3.6711084799999996,0.0,135.89383294301328,35.97189695550351,0.0,20.992974238875878,0.0624756049960968
107,convolutionTexture,1600,5500,0.0,0.0,7.987686926717409,3.9972528176229507,0.6669662965602668,0.33303370343973315,11.984939744340359,82.95651225565965,0.8286020000000001,448.5658181818182,3.2992433719008267,0.0,135.89383294301328,35.97189695550351,0.0,20.992974238875878,0.0624756049960968
100,convolutionTexture,1700,4000,0.0,0.0,7.98768906128025,3.996920130757221,0.6669731153608859,0.3330268846391141,11.984609192037471,82.95684280796253,0.827849,472.4635,5.0288730625,0.0,135.89383294301328,35.97189695550351,0.0,20.992974238875878,0.0624756049960968
101,convolutionTexture,1700,4500,0.0,0.0,7.987712541471507,3.9968945160031226,0.6669901799256681,0.3330098200743319,11.98460705747463,82.95684494252536,0.827888,464.04755555555556,4.394463901234569,0.0,135.89383294301328,35.97189695550351,0.0,20.992974238875878,0.0624756049960968
102,convolutionTexture,1700,5000,0.0,0.0,7.987666800839188,3.9968868925644028,0.6669989765828248,0.3330010234171752,11.98455369340359,82.9568983065964,0.82815,457.31480000000005,3.9005527599999996,0.0,135.89383294301328,35.97189695550351,0.0,20.992974238875878,0.0624756049960968
103,convolutionTexture,1700,5500,0.0,0.0,7.98768906128025,3.9968887221896954,0.6669948115535328,0.3330051884464672,11.984577783469945,82.95687421653005,0.8287209999999999,451.80618181818187,3.505446082644628,0.0,135.89383294301328,35.97189695550351,0.0,20.992974238875878,0.0624756049960968
108,convolutionTexture,1800,4000,0.0,0.0,7.987679913153786,3.9969057986924277,0.6669977543760051,0.33300224562399494,11.984585711846215,82.95686628815378,0.828001,476.91900000000004,5.324689125,0.0,135.89383294301328,35.97189695550351,0.0,20.992974238875878,0.0624756049960968
109,convolutionTexture,1800,4500,0.0,0.0,7.987776883294301,3.996892381440281,0.666988473500552,0.333011526499448,11.984669264734581,82.95678273526542,0.827775,468.00800000000004,4.652961777777778,0.0,135.89383294301328,35.97189695550351,0.0,20.992974238875878,0.0624756049960968
110,convolutionTexture,1800,5000,0.0,0.0,7.9877024785323965,3.99701100214676,0.666996902717126,0.333003097282874,11.984713480679156,82.95673851932084,0.828151,460.8792,4.12999704,0.0,135.89383294301328,35.97189695550351,0.0,20.992974238875878,0.0624756049960968
111,convolutionTexture,1800,5500,0.0,0.0,7.987699429156908,3.997014661397346,0.6670186487308393,0.33298135126916073,11.984714090554254,82.95673790944575,0.828642,455.0465454545455,3.71164879338843,0.0,135.89383294301328,35.97189695550351,0.0,20.992974238875878,0.0624756049960968
112,convolutionTexture,1900,4000,0.0,0.0,7.987710406908665,3.9972055523028884,0.6669925039031517,0.3330074960968483,11.984915959211554,82.95653604078845,0.8278909999999999,481.3745,5.6205051875,0.0,135.89383294301328,35.97189695550351,0.0,20.992974238875878,0.0624756049960968
113,convolutionTexture,1900,4500,0.0,0.0,7.9877021735948475,3.997521467603435,0.6669975416920215,0.3330024583079785,11.985223641198282,82.95622835880172,0.827772,471.96844444444446,4.911459654320987,0.0,135.89383294301328,35.97189695550351,0.0,20.992974238875878,0.0624756049960968
114,convolutionTexture,1900,5000,0.0,0.0,7.987688146467604,3.9970128317720532,0.6670466798138697,0.33295332018613033,11.984700978239657,82.95675102176034,0.8279299999999999,464.44360000000006,4.359441319999999,0.0,135.89383294301328,35.97189695550351,0.0,20.992974238875878,0.0624756049960968
115,convolutionTexture,1900,5500,0.0,0.0,7.9876762539032,3.997677900565964,0.6669938658860428,0.3330061341139572,11.985354154469164,82.95609784553083,0.828549,458.28690909090915,3.9178515041322317,0.0,135.89383294301328,35.97189695550351,0.0,20.992974238875878,0.0624756049960968
116,convolutionTexture,2000,4000,0.0,0.0,7.987718945160031,3.9968887221896954,0.6669913164123118,0.3330086835876882,11.984607667349726,82.95684433265028,0.8274819999999999,485.83000000000004,5.91632125,0.0,135.89383294301328,35.97189695550351,0.0,20.992974238875878,0.0624756049960968
117,convolutionTexture,2000,4500,0.0,0.0,7.987696684718969,3.9968972604410617,0.6669715466961588,0.33302845330384123,11.98459394516003,82.95685805483997,0.827887,475.92888888888893,5.169957530864197,0.0,135.89383294301328,35.97189695550351,0.0,20.992974238875878,0.0624756049960968
118,convolutionTexture,2000,5000,0.0,0.0,8.001546948185013,3.9968859777517562,0.6670070214178749,0.33299297858212507,11.998432925936768,82.94301907406323,0.828332,468.00800000000004,4.5888856,0.0,135.89383294301328,35.97189695550351,0.0,20.992974238875878,0.0624756049960968
119,convolutionTexture,2000,5500,0.0,0.0,7.987654908274785,3.9968868925644028,0.666998213585407,0.333001786414593,11.984541800839189,82.9569101991608,0.828694,461.52727272727276,4.1240542148760335,0.0,135.89383294301328,35.97189695550351,0.0,20.992974238875878,0.0624756049960968
124,fastWalshTransform,1600,4000,0.0,0.0,16.000287532806396,16.000041961669922,0.999962464361446,3.753563855402042e-05,32.00032949447632,32.99967050552368,0.840831,468.00800000000004,4.733057,0.0,16.0,8.0,0.0,37.0,0.03125
125,fastWalshTransform,1600,4500,0.0,0.0,16.00028705596924,16.000823497772217,0.9999302649857528,6.973501424722972e-05,32.001110553741455,32.998889446258545,0.8394159999999999,460.08711111111114,4.135966024691358,0.0,16.0,8.0,0.0,37.0,0.03125
126,fastWalshTransform,1600,5000,0.0,0.0,16.000240325927734,16.000729084014893,0.9999325146853573,6.748531464273455e-05,32.00096940994263,32.99903059005737,0.837266,453.7504,3.6711084799999996,0.0,16.0,8.0,0.0,37.0,0.03125
127,fastWalshTransform,1600,5500,0.0,0.0,16.000253200531006,16.000686168670654,0.9999400841896854,5.991581031461468e-05,32.00093936920166,32.99906063079834,0.836258,448.5658181818182,3.2992433719008267,0.0,16.0,8.0,0.0,37.0,0.03125
120,fastWalshTransform,1700,4000,0.0,0.0,16.000285148620605,16.00028085708618,0.999953047271563,4.695272843702192e-05,32.00056600570679,32.99943399429321,0.840627,472.4635,5.0288730625,0.0,16.0,8.0,0.0,37.0,0.03125
121,fastWalshTransform,1700,4500,0.0,0.0,16.000250816345215,16.00014591217041,0.9999522721724146,4.772782758544203e-05,32.000396728515625,32.999603271484375,0.839643,464.04755555555556,4.394463901234569,0.0,16.0,8.0,0.0,37.0,0.03125
122,fastWalshTransform,1700,5000,0.0,0.0,16.000225067138672,16.000020503997803,0.9999597075693399,4.0292430660060496e-05,32.000245571136475,32.999754428863525,0.8379129999999999,457.31480000000005,3.9005527599999996,0.0,16.0,8.0,0.0,37.0,0.03125
123,fastWalshTransform,1700,5500,0.0,0.0,16.000205516815186,16.000250339508057,0.9999537623554943,4.623764450573109e-05,32.00045585632324,32.99954414367676,0.836095,451.80618181818187,3.505446082644628,0.0,16.0,8.0,0.0,37.0,0.03125
128,fastWalshTransform,1800,4000,0.0,0.0,16.000261306762695,16.000102519989014,0.9999472057861386,5.279421386139571e-05,32.00036382675171,32.99963617324829,0.840173,476.91900000000004,5.324689125,0.0,16.0,8.0,0.0,37.0,0.03125
129,fastWalshTransform,1800,4500,0.0,0.0,16.000266551971436,16.00014352798462,0.9999526149146434,4.738508535662156e-05,32.000410079956055,32.999589920043945,0.8390790000000001,468.00800000000004,4.652961777777778,0.0,16.0,8.0,0.0,37.0,0.03125
130,fastWalshTransform,1800,5000,0.0,0.0,16.016920566558838,16.00075340270996,0.9998952728764837,0.00010472712351627944,32.0176739692688,32.9823260307312,0.8373440000000001,460.8792,4.12999704,0.0,16.0,8.0,0.0,37.0,0.03125
131,fastWalshTransform,1800,5500,0.0,0.0,16.000325202941895,16.000751972198486,0.9999350927267303,6.490727326968759e-05,32.00107717514038,32.99892282485962,0.8363219999999999,455.0465454545455,3.71164879338843,0.0,16.0,8.0,0.0,37.0,0.03125
132,fastWalshTransform,1900,4000,0.0,0.0,16.00028657913208,16.000078201293945,0.9999541347486811,4.586525131888841e-05,32.000364780426025,32.999635219573975,0.840015,481.3745,5.6205051875,0.0,16.0,8.0,0.0,37.0,0.03125
133,fastWalshTransform,1900,4500,0.0,0.0,16.000263690948486,16.000247478485107,0.9999557442581974,4.425574180255687e-05,32.000511169433594,32.999488830566406,0.83942,471.96844444444446,4.911459654320987,0.0,16.0,8.0,0.0,37.0,0.03125
134,fastWalshTransform,1900,5000,0.0,0.0,16.00024175643921,16.00058889389038,0.9999498439933623,5.01560066377138e-05,32.00083065032959,32.99916934967041,0.8372709999999999,464.44360000000006,4.359441319999999,0.0,16.0,8.0,0.0,37.0,0.03125
135,fastWalshTransform,1900,5500,0.0,0.0,16.000232696533203,16.000802516937256,0.9999288492570558,7.115074294417045e-05,32.00103521347046,32.99896478652954,0.8362719999999999,458.28690909090915,3.9178515041322317,0.0,16.0,8.0,0.0,37.0,0.03125
136,fastWalshTransform,2000,4000,0.0,0.0,16.00031328201294,16.000175952911377,0.9999488003929078,5.119960709221161e-05,32.000489234924316,32.999510765075684,0.8401059999999999,485.83000000000004,5.91632125,0.0,16.0,8.0,0.0,37.0,0.03125
137,fastWalshTransform,2000,4500,0.0,0.0,16.000227451324463,16.000091075897217,0.9999534641368084,4.653586319158798e-05,32.00031852722168,32.99968147277832,0.8394870000000001,475.92888888888893,5.169957530864197,0.0,16.0,8.0,0.0,37.0,0.03125
138,fastWalshTransform,2000,5000,0.0,0.0,16.0162992477417,16.00002145767212,0.9999621554509607,3.7844549039323105e-05,32.01632070541382,32.98367929458618,0.8380569999999999,468.00800000000004,4.5888856,0.0,16.0,8.0,0.0,37.0,0.03125
139,fastWalshTransform,2000,5500,0.0,0.0,16.00021505355835,16.000073432922363,0.9999545071650023,4.5492834997662435e-05,32.00028848648071,32.99971151351929,0.836073,461.52727272727276,4.1240542148760335,0.0,16.0,8.0,0.0,37.0,0.03125
144,histogram,1600,4000,48107.91111111111,24057.955555555556,5825.810416666666,6.010416666666667,1.0,0.0,59954.22083333333,76665.77916666667,0.802661,468.00800000000004,4.733057,72165.86666666667,5825.422222222222,0.0,0.0,49500.11111111111,933.4965277777778
145,histogram,1600,4500,48107.91111111111,24057.955555555556,5825.90625,6.418055555555555,1.0,0.0,59954.72430555556,76665.27569444444,0.803175,460.08711111111114,4.135966024691358,72165.86666666667,5825.422222222222,0.0,0.0,49500.11111111111,933.4965277777778
146,histogram,1600,5000,48107.91111111111,24057.955555555556,5825.765972222222,5.35,1.0,0.0,59953.51597222222,76666.48402777777,0.803604,453.7504,3.6711084799999996,72165.86666666667,5825.422222222222,0.0,0.0,49500.11111111111,933.4965277777778
147,histogram,1600,5500,48107.91111111111,24057.955555555556,5825.86875,5.477083333333334,1.0,0.0,59953.745833333334,76666.25416666667,0.803659,448.5658181818182,3.2992433719008267,72165.86666666667,5825.422222222222,0.0,0.0,49500.11111111111,933.4965277777778
140,histogram,1700,4000,48107.91111111111,24057.955555555556,5825.864583333333,6.424305555555556,1.0,0.0,59954.688888888886,76665.3111111111,0.8032819999999999,472.4635,5.0288730625,72165.86666666667,5825.422222222222,0.0,0.0,49500.11111111111,933.4965277777778
141,histogram,1700,4500,48107.91111111111,24057.955555555556,5825.795833333334,5.342361111111111,1.0,0.0,59953.538194444445,76666.46180555556,0.803225,464.04755555555556,4.394463901234569,72165.86666666667,5825.422222222222,0.0,0.0,49500.11111111111,933.4965277777778
142,histogram,1700,5000,48107.91111111111,24057.955555555556,5825.798611111111,5.342361111111111,1.0,0.0,59953.540972222225,76666.45902777778,0.803399,457.31480000000005,3.9005527599999996,72165.86666666667,5825.422222222222,0.0,0.0,49500.11111111111,933.4965277777778
143,histogram,1700,5500,48107.91111111111,24057.955555555556,5825.8125,5.357638888888889,1.0,0.0,59953.57013888889,76666.4298611111,0.803725,451.80618181818187,3.505446082644628,72165.86666666667,5825.422222222222,0.0,0.0,49500.11111111111,933.4965277777778
148,histogram,1800,4000,48107.91111111111,24057.955555555556,5825.763194444445,5.342361111111111,1.0,0.0,59953.50555555556,76666.49444444444,0.8032,476.91900000000004,5.324689125,72165.86666666667,5825.422222222222,0.0,0.0,49500.11111111111,933.4965277777778
149,histogram,1800,4500,48107.91111111111,24057.955555555556,5825.790972222222,5.372916666666667,1.0,0.0,59953.563888888886,76666.4361111111,0.803503,468.00800000000004,4.652961777777778,72165.86666666667,5825.422222222222,0.0,0.0,49500.11111111111,933.4965277777778
150,histogram,1800,5000,48107.91111111111,24057.955555555556,5839.264583333334,5.342361111111111,1.0,0.0,59967.006944444445,76652.99305555556,0.803791,460.8792,4.12999704,72165.86666666667,5825.422222222222,0.0,0.0,49500.11111111111,933.4965277777778
151,histogram,1800,5500,48107.91111111111,24057.955555555556,5825.969444444445,5.35,1.0,0.0,59953.71944444445,76666.28055555555,0.803661,455.0465454545455,3.71164879338843,72165.86666666667,5825.422222222222,0.0,0.0,49500.11111111111,933.4965277777778
152,histogram,1900,4000,48107.91111111111,24057.955555555556,5825.864583333333,6.011111111111111,1.0,0.0,59954.27569444445,76665.72430555554,0.803024,481.3745,5.6205051875,72165.86666666667,5825.422222222222,0.0,0.0,49500.11111111111,933.4965277777778
153,histogram,1900,4500,48107.91111111111,24057.955555555556,5825.813194444445,5.35,1.0,0.0,59953.56319444445,76666.43680555555,0.803596,471.96844444444446,4.911459654320987,72165.86666666667,5825.422222222222,0.0,0.0,49500.11111111111,933.4965277777778
154,histogram,1900,5000,48107.91111111111,24057.955555555556,5825.85,5.357638888888889,1.0,0.0,59953.60763888889,76666.39236111111,0.8033710000000001,464.44360000000006,4.359441319999999,72165.86666666667,5825.422222222222,0.0,0.0,49500.11111111111,933.4965277777778
155,histogram,1900,5500,48107.91111111111,24057.955555555556,5825.852777777778,5.870833333333334,1.0,0.0,59954.123611111114,76665.8763888889,0.8037350000000001,458.28690909090915,3.9178515041322317,72165.86666666667,5825.422222222222,0.0,0.0,49500.11111111111,933.4965277777778
156,histogram,2000,4000,48107.91111111111,24057.955555555556,5825.924305555555,5.342361111111111,1.0,0.0,59953.666666666664,76666.33333333334,0.802686,485.83000000000004,5.91632125,72165.86666666667,5825.422222222222,0.0,0.0,49500.11111111111,933.4965277777778
157,histogram,2000,4500,48107.91111111111,24057.955555555556,5825.76875,5.393055555555556,1.0,0.0,59953.56180555556,76666.43819444443,0.8038350000000001,475.92888888888893,5.169957530864197,72165.86666666667,5825.422222222222,0.0,0.0,49500.11111111111,933.4965277777778
158,histogram,2000,5000,48107.91111111111,24057.955555555556,5825.889583333334,5.342361111111111,1.0,0.0,59953.631944444445,76666.36805555556,0.803723,468.00800000000004,4.5888856,72165.86666666667,5825.422222222222,0.0,0.0,49500.11111111111,933.4965277777778
159,histogram,2000,5500,48107.91111111111,24057.955555555556,5825.830555555555,5.342361111111111,1.0,0.0,59953.572916666664,76666.42708333334,0.8037529999999999,461.52727272727276,4.1240542148760335,72165.86666666667,5825.422222222222,0.0,0.0,49500.110611979166,933.4965277777778
164,hotspot,1600,4000,20.890625,7.453125,11.790863037109375,1.000396728515625,0.21782012864313935,0.7821798713568606,35.545166015625,328.290771984375,0.734997,468.00800000000004,4.733057,28.34375,7.9375,29.800994873046875,13.651741027832031,142.6807861328125,0.98388671875
165,hotspot,1600,4500,20.890625,7.453125,11.79241943359375,1.000396728515625,0.21810851751571464,0.7818914824842853,35.546722412109375,328.2892155878906,0.734908,460.08711111111114,4.135966024691358,28.34375,7.9375,29.800994873046875,13.651741027832031,142.6807861328125,0.98388671875
166,hotspot,1600,5000,20.890625,7.453125,11.791900634765625,1.000396728515625,0.21830344149740682,0.7816965585025932,35.54620361328125,328.28973438671875,0.734902,453.7504,3.6711084799999996,28.34375,7.9375,29.800994873046875,13.651741027832031,142.6807861328125,0.98388671875
167,hotspot,1600,5500,20.890625,7.453125,11.793701171875,1.000396728515625,0.21679861271786602,0.783201387282134,35.548004150390625,328.2879338496094,0.7348819999999999,448.5658181818182,3.2992433719008267,28.34375,7.9375,29.800994873046875,13.651741027832031,142.6807861328125,0.98388671875
160,hotspot,1700,4000,20.890625,7.453125,11.795501708984375,1.000396728515625,0.22529907273143554,0.7747009272685644,35.5498046875,328.2861333125,0.735208,472.4635,5.0288730625,28.34375,7.9375,29.800994873046875,13.651741027832031,142.6807861328125,0.98388671875
161,hotspot,1700,4500,20.890625,7.453125,11.7957763671875,1.000396728515625,0.21276874828585396,0.787231251714146,35.550079345703125,328.2858586542969,0.7347859999999999,464.04755555555556,4.394463901234569,28.34375,7.9375,29.800994873046875,13.651741027832031,142.6807861328125,0.98388671875
162,hotspot,1700,5000,20.890625,7.453125,11.791900634765625,1.000396728515625,0.20807866825071927,0.7919213317492807,35.54620361328125,328.28973438671875,0.734967,457.31480000000005,3.9005527599999996,28.34375,7.9375,29.800994873046875,13.651741027832031,142.6807861328125,0.98388671875
163,hotspot,1700,5500,20.890625,7.453125,11.79217529296875,1.00048828125,0.2119778620673203,0.7880221379326797,35.54656982421875,328.28936817578125,0.734815,451.80618181818187,3.505446082644628,28.34375,7.9375,29.800994873046875,13.651741027832031,142.6807861328125,0.98388671875
168,hotspot,1800,4000,20.890625,7.453125,11.792999267578125,1.000396728515625,0.2084353098894598,0.7915646901105402,35.54730224609375,328.28863575390625,0.735033,476.91900000000004,5.324689125,28.34375,7.9375,29.800994873046875,13.651741027832031,142.6807861328125,0.98388671875
169,hotspot,1800,4500,20.890625,7.453125,11.79193115234375,1.000396728515625,0.21161126869428096,0.7883887313057191,35.546234130859375,328.2897038691406,0.734951,468.00800000000004,4.652961777777778,28.34375,7.9375,29.800994873046875,13.651741027832031,142.6807861328125,0.98388671875
170,hotspot,1800,5000,20.890625,7.453125,11.7945556640625,1.000396728515625,0.21685330280371604,0.7831466971962839,35.548858642578125,328.2870793574219,0.734982,460.8792,4.12999704,28.34375,7.9375,29.800994873046875,13.651741027832031,142.6807861328125,0.98388671875
171,hotspot,1800,5500,20.890625,7.453125,11.79583740234375,1.000396728515625,0.21573930318358625,0.7842606968164137,35.550140380859375,328.2857976191406,0.7349829999999999,455.0465454545455,3.71164879338843,28.34375,7.9375,29.800994873046875,13.651741027832031,142.6807861328125,0.98388671875
172,hotspot,1900,4000,20.890625,7.453125,11.793670654296875,1.000396728515625,0.2207801810913185,0.7792198189086815,35.5479736328125,328.2879643671875,0.735067,481.3745,5.6205051875,28.34375,7.9375,29.800994873046875,13.651741027832031,142.6807861328125,0.98388671875
173,hotspot,1900,4500,20.890625,7.453125,11.7977294921875,1.02362060546875,0.21927498631376002,0.78072501368624,35.57525634765625,328.26068165234375,0.735128,471.96844444444446,4.911459654320987,28.34375,7.9375,29.800994873046875,13.651741027832031,142.6807861328125,0.98388671875
174,hotspot,1900,5000,20.890625,7.453125,11.795806884765625,1.000396728515625,0.21805793382398533,0.7819420661760147,35.55010986328125,328.28582813671875,0.734969,464.44360000000006,4.359441319999999,28.34375,7.9375,29.800994873046875,13.651741027832031,142.6807861328125,0.98388671875
175,hotspot,1900,5500,20.890625,7.453125,11.794677734375,1.000396728515625,0.21840632147857342,0.7815936785214266,35.548980712890625,328.2869572871094,0.734684,458.28690909090915,3.9178515041322317,28.34375,7.9375,29.800994873046875,13.651741027832031,142.6807861328125,0.98388671875
176,hotspot,2000,4000,20.890625,7.453125,11.791900634765625,1.000396728515625,0.2081216094356097,0.7918783905643902,35.54620361328125,328.28973438671875,0.73517,485.83000000000004,5.91632125,28.34375,7.9375,29.800994873046875,13.651741027832031,142.6807861328125,0.98388671875
177,hotspot,2000,4500,20.890625,7.453125,11.791900634765625,1.000396728515625,0.2075275897112921,0.792472410288708,35.54620361328125,328.28973438671875,0.735055,475.92888888888893,5.169957530864197,28.34375,7.9375,29.800994873046875,13.651741027832031,142.6807861328125,0.98388671875
178,hotspot,2000,5000,20.890625,7.453125,11.79290771484375,1.000396728515625,0.21239423583827716,0.7876057641617229,35.547210693359375,328.2887273066406,0.735069,468.00800000000004,4.5888856,28.34375,7.9375,29.800994873046875,13.651741027832031,142.6807861328125,0.98388671875
179,hotspot,2000,5500,20.890625,7.453125,11.7919921875,1.000396728515625,0.21323962679606184,0.7867603732039381,35.546295166015625,328.2896428339844,0.735122,461.52727272727276,4.1240542148760335,28.34375,7.9375,29.800994873046875,13.651741027832031,142.6807861328125,0.98388671875
184,matrixMulGlobal,1600,4000,0.0,0.0,10240.022346496582,4.035675048828125,0.0267216689373135,0.9732783310626865,10244.05802154541,25118.94197845459,0.96367,468.00800000000004,4.733057,0.0,16384.0,2048.0,0.0,27151.107788085938,16.15625
185,matrixMulGlobal,1600,4500,0.0,0.0,10240.022888183594,4.0158233642578125,0.0331596557336461,0.9668403442663539,10244.038711547852,25118.96128845215,0.9014049999999999,460.08711111111114,4.135966024691358,0.0,16384.0,2048.0,0.0,27151.107788085938,16.15625
186,matrixMulGlobal,1600,5000,0.0,0.0,10240.022903442383,4.009864807128906,0.034388693959251745,0.9656113060407483,10244.032768249512,25118.96723175049,0.887928,453.7504,3.6711084799999996,0.0,16384.0,2048.0,0.0,27151.107788085938,16.15625
187,matrixMulGlobal,1600,5500,0.0,0.0,10240.020149230957,4.049224853515625,0.03677772839252075,0.9632222716074792,10244.069374084473,25118.930625915527,0.8750959999999999,448.5658181818182,3.2992433719008267,0.0,16384.0,2048.0,0.0,27151.107788085938,16.15625
180,matrixMulGlobal,1700,4000,0.0,0.0,10240.02141571045,4.035408020019531,0.025966719955353306,0.9740332800446467,10244.056823730469,25118.94317626953,0.9768899999999999,472.4635,5.0288730625,0.0,16384.0,2048.0,0.0,27151.107788085938,16.15625
181,matrixMulGlobal,1700,4500,0.0,0.0,10240.030883789062,4.0052337646484375,0.03062052210431943,0.9693794778956806,10244.036117553711,25118.96388244629,0.9238370000000001,464.04755555555556,4.394463901234569,0.0,16384.0,2048.0,0.0,27151.107788085938,16.15625
182,matrixMulGlobal,1700,5000,0.0,0.0,10240.017593383789,4.0012969970703125,0.03302949611135602,0.966970503888644,10244.01889038086,25118.98110961914,0.907653,457.31480000000005,3.9005527599999996,0.0,16384.0,2048.0,0.0,27151.107788085938,16.15625
183,matrixMulGlobal,1700,5500,0.0,0.0,10240.022018432617,4.0010986328125,0.03572020761040099,0.964279792389599,10244.02311706543,25118.97688293457,0.8788940000000001,451.80618181818187,3.505446082644628,0.0,16384.0,2048.0,0.0,27151.107788085938,16.15625
188,matrixMulGlobal,1800,4000,0.0,0.0,10240.018188476562,4.001274108886719,0.025923204157534872,0.9740767958424651,10244.01946258545,25118.98053741455,0.9791850000000001,476.91900000000004,5.324689125,0.0,16384.0,2048.0,0.0,27151.107788085938,16.15625
189,matrixMulGlobal,1800,4500,0.0,0.0,10240.018287658691,4.0009307861328125,0.027667596575953524,0.9723324034240465,10244.019218444824,25118.980781555176,0.955216,468.00800000000004,4.652961777777778,0.0,16384.0,2048.0,0.0,27151.107788085938,16.15625
190,matrixMulGlobal,1800,5000,0.0,0.0,10241.663948059082,4.000953674316406,0.02929524256992296,0.970704757430077,10245.664901733398,25117.3350982666,0.932385,460.8792,4.12999704,0.0,16384.0,2048.0,0.0,27151.107788085938,16.15625
191,matrixMulGlobal,1800,5500,0.0,0.0,10240.017593383789,4.0323944091796875,0.034739742245693726,0.9652602577543062,10244.049987792969,25118.95001220703,0.8935860000000001,455.0465454545455,3.71164879338843,0.0,16384.0,2048.0,0.0,27151.107788085938,16.15625
192,matrixMulGlobal,1900,4000,0.0,0.0,10240.019020080566,4.027061462402344,0.025929464309701,0.974070535690299,10244.046081542969,25118.95391845703,0.9759700000000001,481.3745,5.6205051875,0.0,16384.0,2048.0,0.0,27151.107788085938,16.15625
193,matrixMulGlobal,1900,4500,0.0,0.0,10240.02222442627,4.016754150390625,0.025997363830789978,0.97400263616921,10244.03897857666,25118.96102142334,0.974131,471.96844444444446,4.911459654320987,0.0,16384.0,2048.0,0.0,27151.107788085938,16.15625
194,matrixMulGlobal,1900,5000,0.0,0.0,10240.019523620605,4.027198791503906,0.02681722180824447,0.9731827781917556,10244.04672241211,25118.95327758789,0.962405,464.44360000000006,4.359441319999999,0.0,16384.0,2048.0,0.0,27151.107788085938,16.15625
195,matrixMulGlobal,1900,5500,0.0,0.0,10240.023597717285,4.027290344238281,0.032539675235090056,0.96746032476491,10244.050888061523,25118.949111938477,0.904731,458.28690909090915,3.9178515041322317,0.0,16384.0,2048.0,0.0,27151.107788085938,16.15625
196,matrixMulGlobal,2000,4000,0.0,0.0,10240.021194458008,4.001350402832031,0.025931169072259095,0.9740688309277409,10244.02254486084,25118.97745513916,0.979482,485.83000000000004,5.91632125,0.0,16384.0,2048.0,0.0,27151.107788085938,16.15625
197,matrixMulGlobal,2000,4500,0.0,0.0,10240.033821105957,4.001365661621094,0.025922873908273813,0.9740771260917261,10244.035186767578,25118.964813232422,0.971152,475.92888888888893,5.169957530864197,0.0,16384.0,2048.0,0.0,27151.107788085938,16.15625
198,matrixMulGlobal,2000,5000,0.0,0.0,10240.034614562988,4.01226806640625,0.025938044939196683,0.9740619550608033,10244.046882629395,25118.953117370605,0.96298,468.00800000000004,4.5888856,0.0,16384.0,2048.0,0.0,27151.107788085938,16.15625
199,matrixMulGlobal,2000,5500,0.0,0.0,10240.027221679688,4.00103759765625,0.02981702971968371,0.9701829702803163,10244.028259277344,25118.971740722656,0.933356,461.52727272727276,4.1240542148760335,0.0,16384.0,2048.0,0.0,27151.107788085938,16.15625
204,matrixMulShared,1600,4000,3072.0,128.0,512.0070877075195,4.008262634277344,0.5211087090732862,0.4788912909267138,3620.015350341797,2312.984649658203,0.9978739999999999,468.00800000000004,4.733057,3200.0,512.0,2048.0,0.0,862.0,2.0625
205,matrixMulShared,1600,4500,3072.0,128.0,512.0086822509766,4.0190277099609375,0.5218995480329165,0.4781004519670835,3620.0277099609375,2312.9722900390625,0.997674,460.08711111111114,4.135966024691358,3200.0,512.0,2048.0,0.0,862.0,2.0625
206,matrixMulShared,1600,5000,3072.0,128.0,512.0061492919922,4.0298919677734375,0.521784805897808,0.47821519410219204,3620.0360412597656,2312.9639587402344,0.997641,453.7504,3.6711084799999996,3200.0,512.0,2048.0,0.0,862.0,2.0625
207,matrixMulShared,1600,5500,3072.0,128.0,512.0069580078125,4.013648986816406,0.5218534761437843,0.4781465238562157,3620.020606994629,2312.979393005371,0.997064,448.5658181818182,3.2992433719008267,3200.0,512.0,2048.0,0.0,862.0,2.0625
200,matrixMulShared,1700,4000,3072.0,128.0,512.0061874389648,4.017738342285156,0.5215755039661549,0.47842449603384507,3620.02392578125,2312.97607421875,0.9970479999999999,472.4635,5.0288730625,3200.0,512.0,2048.0,0.0,862.0,2.0625
201,matrixMulShared,1700,4500,3072.0,128.0,512.0058975219727,4.000251770019531,0.5213871410571594,0.47861285894284056,3620.006149291992,2312.993850708008,0.997602,464.04755555555556,4.394463901234569,3200.0,512.0,2048.0,0.0,862.0,2.0625
202,matrixMulShared,1700,5000,3072.0,128.0,512.0061340332031,4.000099182128906,0.521775174838549,0.47822482516145104,3620.006233215332,2312.993766784668,0.997483,457.31480000000005,3.9005527599999996,3200.0,512.0,2048.0,0.0,862.0,2.0625
203,matrixMulShared,1700,5500,3072.0,128.0,512.0081024169922,4.0003662109375,0.5215882003709895,0.4784117996290105,3620.0084686279297,2312.9915313720703,0.996973,451.80618181818187,3.505446082644628,3200.0,512.0,2048.0,0.0,862.0,2.0625
208,matrixMulShared,1800,4000,3072.0,128.0,512.0050354003906,4.002876281738281,0.5202825748380009,0.4797174251619991,3620.007911682129,2312.992088317871,0.997151,476.91900000000004,5.324689125,3200.0,512.0,2048.0,0.0,862.0,2.0625
209,matrixMulShared,1800,4500,3072.0,128.0,512.0061569213867,4.000251770019531,0.5200165768715825,0.47998342312841746,3620.0064086914062,2312.9935913085938,0.9975639999999999,468.00800000000004,4.652961777777778,3200.0,512.0,2048.0,0.0,862.0,2.0625
210,matrixMulShared,1800,5000,3072.0,128.0,512.6421661376953,4.0005645751953125,0.5209837661211899,0.4790162338788101,3620.6427307128906,2312.3572692871094,0.9974649999999999,460.8792,4.12999704,3200.0,512.0,2048.0,0.0,862.0,2.0625
211,matrixMulShared,1800,5500,3072.0,128.0,512.0058364868164,4.010902404785156,0.5204339754541952,0.47956602454580477,3620.0167388916016,2312.9832611083984,0.9969049999999999,455.0465454545455,3.71164879338843,3200.0,512.0,2048.0,0.0,862.0,2.0625
212,matrixMulShared,1900,4000,3072.0,128.0,512.0054550170898,4.031959533691406,0.5204770521494586,0.4795229478505414,3620.0374145507812,2312.9625854492188,0.9978389999999999,481.3745,5.6205051875,3200.0,512.0,2048.0,0.0,862.0,2.0625
213,matrixMulShared,1900,4500,3072.0,128.0,512.0061340332031,4.000679016113281,0.5213336271695712,0.4786663728304288,3620.0068130493164,2312.9931869506836,0.997655,471.96844444444446,4.911459654320987,3200.0,512.0,2048.0,0.0,862.0,2.0625
214,matrixMulShared,1900,5000,3072.0,128.0,512.006950378418,4.005668640136719,0.5211666017050451,0.47883339829495486,3620.0126190185547,2312.9873809814453,0.9975290000000001,464.44360000000006,4.359441319999999,3200.0,512.0,2048.0,0.0,862.0,2.0625
215,matrixMulShared,1900,5500,3072.0,128.0,512.005615234375,4.0107574462890625,0.5209542656262119,0.47904573437378806,3620.016372680664,2312.983627319336,0.997114,458.28690909090915,3.9178515041322317,3200.0,512.0,2048.0,0.0,862.0,2.0625
216,matrixMulShared,2000,4000,3072.0,128.0,512.0060043334961,4.00048828125,0.5181483195664169,0.48185168043358306,3620.006492614746,2312.993507385254,0.9978040000000001,485.83000000000004,5.91632125,3200.0,512.0,2048.0,0.0,862.0,2.0625
217,matrixMulShared,2000,4500,3072.0,128.0,512.0064468383789,4.002449035644531,0.5179625083230676,0.48203749167693244,3620.0088958740234,2312.9911041259766,0.997358,475.92888888888893,5.169957530864197,3200.0,512.0,2048.0,0.0,862.0,2.0625
218,matrixMulShared,2000,5000,3072.0,128.0,512.0063400268555,4.000175476074219,0.5177961808147221,0.4822038191852779,3620.0065155029297,2312.9934844970703,0.996893,468.00800000000004,4.5888856,3200.0,512.0,2048.0,0.0,862.0,2.0625
219,matrixMulShared,2000,5500,3072.0,128.0,513.4476318359375,4.0030364990234375,0.5204012355990849,0.4795987644009151,3621.450668334961,2311.549331665039,0.996977,461.52727272727276,4.1240542148760335,3200.0,512.0,2048.0,0.0,862.0,2.0625
224,mergeSort,1600,4000,231.19508361816406,87.22073364257812,16.007736206054688,16.000198364257812,0.996398388308563,0.0036016116914370233,285.0082015991211,1232.991798400879,0.986289,468.00800000000004,4.733057,318.4158172607422,16.0,0.0,0.0,953.0,4.4375
225,mergeSort,1600,4500,231.19508361816406,87.22073364257812,16.007003784179688,16.0120849609375,0.9966684187927677,0.0033315812072323148,285.0193557739258,1232.9806442260742,0.9864129999999999,460.08711111111114,4.135966024691358,318.4158172607422,16.0,0.0,0.0,953.0,4.4375
226,mergeSort,1600,5000,231.19508361816406,87.22073364257812,16.007080078125,16.000198364257812,0.9972602400138442,0.002739759986155832,285.0075454711914,1232.9924545288086,0.9860959999999999,453.7504,3.6711084799999996,318.4158172607422,16.0,0.0,0.0,953.0,4.4375
227,mergeSort,1600,5500,231.19508361816406,87.22073364257812,16.007125854492188,16.000198364257812,0.9963463562722156,0.003653643727784428,285.0075912475586,1232.9924087524414,0.9863200000000001,448.5658181818182,3.2992433719008267,318.4158172607422,16.0,0.0,0.0,953.0,4.4375
220,mergeSort,1700,4000,231.19508361816406,87.22073364257812,16.007675170898438,16.000198364257812,0.9971163215532677,0.0028836784467323184,285.00814056396484,1232.9918594360352,0.985891,472.4635,5.0288730625,318.4158172607422,16.0,0.0,0.0,953.0,4.4375
221,mergeSort,1700,4500,231.19508361816406,87.22073364257812,16.007461547851562,16.000198364257812,0.9973784999814078,0.002621500018592182,285.00792694091797,1232.992073059082,0.986202,464.04755555555556,4.394463901234569,318.4158172607422,16.0,0.0,0.0,953.0,4.4375
222,mergeSort,1700,5000,231.19508361816406,87.22073364257812,16.006973266601562,16.000198364257812,0.9972468824220951,0.0027531175779048622,285.00743865966797,1232.992561340332,0.9860559999999999,457.31480000000005,3.9005527599999996,318.4158172607422,16.0,0.0,0.0,953.0,4.4375
223,mergeSort,1700,5500,231.19508361816406,87.22073364257812,16.007659912109375,16.000198364257812,0.9973632611849259,0.002636738815074091,285.0081253051758,1232.9918746948242,0.986094,451.80618181818187,3.505446082644628,318.4158172607422,16.0,0.0,0.0,953.0,4.4375
228,mergeSort,1800,4000,231.19508361816406,87.22073364257812,16.007705688476562,16.0003662109375,0.9966353320643129,0.0033646679356871267,285.00833892822266,1232.9916610717773,0.986309,476.91900000000004,5.324689125,318.4158172607422,16.0,0.0,0.0,953.0,4.4375
229,mergeSort,1800,4500,231.19508361816406,87.22073364257812,16.006973266601562,16.000198364257812,0.997395145550533,0.002604854449467009,285.00743865966797,1232.992561340332,0.9859600000000001,468.00800000000004,4.652961777777778,318.4158172607422,16.0,0.0,0.0,953.0,4.4375
230,mergeSort,1800,5000,231.19508361816406,87.22073364257812,16.25982666015625,16.000198364257812,0.990787974418608,0.009212025581392003,285.26029205322266,1232.7397079467773,0.986116,460.8792,4.12999704,318.4158172607422,16.0,0.0,0.0,953.0,4.4375
231,mergeSort,1800,5500,231.19508361816406,87.22073364257812,16.007171630859375,16.000198364257812,0.9972654918515376,0.0027345081484624334,285.0076370239258,1232.9923629760742,0.9864879999999999,455.0465454545455,3.71164879338843,318.4158172607422,16.0,0.0,0.0,953.0,4.4375
232,mergeSort,1900,4000,231.19508361816406,87.22073364257812,16.007080078125,16.011672973632812,0.9968442337211403,0.0031557662788597174,285.0190200805664,1232.9809799194336,0.986015,481.3745,5.6205051875,318.4158172607422,16.0,0.0,0.0,953.0,4.4375
233,mergeSort,1900,4500,231.19508361816406,87.22073364257812,16.006805419921875,16.000198364257812,0.9962829142295688,0.003717085770431172,285.0072708129883,1232.9927291870117,0.9862190000000001,471.96844444444446,4.911459654320987,318.4158172607422,16.0,0.0,0.0,953.0,4.4375
234,mergeSort,1900,5000,231.19508361816406,87.22073364257812,16.007705688476562,16.000274658203125,0.9974004552659492,0.002599544734050774,285.0082473754883,1232.9917526245117,0.9863350000000001,464.44360000000006,4.359441319999999,318.4158172607422,16.0,0.0,0.0,953.0,4.4375
235,mergeSort,1900,5500,231.19508361816406,87.22073364257812,16.007415771484375,16.000198364257812,0.9971715981352475,0.0028284018647525278,285.0078811645508,1232.9921188354492,0.9863870000000001,458.28690909090915,3.9178515041322317,318.4158172607422,16.0,0.0,0.0,953.0,4.4375
236,mergeSort,2000,4000,231.19508361816406,87.22073364257812,16.007186889648438,16.0003662109375,0.9974886146239096,0.0025113853760904137,285.00782012939453,1232.9921798706055,0.98595,485.83000000000004,5.91632125,318.4158172607422,16.0,0.0,0.0,953.0,4.4375
237,mergeSort,2000,4500,231.19508361816406,87.22073364257812,16.03143310546875,16.000198364257812,0.997112267622575,0.002887732377425012,285.03189849853516,1232.9681015014648,0.985957,475.92888888888893,5.169957530864197,318.4158172607422,16.0,0.0,0.0,953.0,4.4375
238,mergeSort,2000,5000,231.19508361816406,87.22073364257812,16.008148193359375,16.000198364257812,0.9965776786850735,0.0034223213149264797,285.0086135864258,1232.9913864135742,0.986032,468.00800000000004,4.5888856,318.4158172607422,16.0,0.0,0.0,953.0,4.4375
239,mergeSort,2000,5500,231.19508361816406,87.22073364257812,16.482086181640625,16.000198364257812,0.9880479659745419,0.01195203402545808,285.48255157470703,1232.517448425293,0.9862719999999999,461.52727272727276,4.1240542148760335,318.4158172607422,16.0,0.0,0.0,953.0,4.4375
244,nn,1600,4000,0.0,0.0,16.000812530517578,4.002658843994141,0.5992154529452934,0.40078454705470656,20.00347137451172,20.99652862548828,0.899874,468.00800000000004,4.733057,0.0,8.0,10.0,0.0,17.0,0.15625
245,nn,1600,4500,0.0,0.0,16.000938415527344,4.000049591064453,0.5990779569261848,0.4009220430738152,20.000988006591797,20.999011993408203,0.888661,460.08711111111114,4.135966024691358,0.0,8.0,10.0,0.0,17.0,0.15625
246,nn,1600,5000,0.0,0.0,16.00088882446289,4.002738952636719,0.5991842605148793,0.4008157394851207,20.00362777709961,20.99637222290039,0.882599,453.7504,3.6711084799999996,0.0,8.0,10.0,0.0,17.0,0.15625
247,nn,1600,5500,0.0,0.0,16.000896453857422,4.000049591064453,0.5993201005201475,0.4006798994798525,20.000946044921875,20.999053955078125,0.875763,448.5658181818182,3.2992433719008267,0.0,8.0,10.0,0.0,17.0,0.15625
240,nn,1700,4000,0.0,0.0,16.000919342041016,4.000049591064453,0.5994586443909311,0.4005413556090689,20.00096893310547,20.99903106689453,0.894174,472.4635,5.0288730625,0.0,8.0,10.0,0.0,17.0,0.15625
241,nn,1700,4500,0.0,0.0,16.000869750976562,4.000087738037109,0.5991940693452061,0.40080593065479386,20.000957489013672,20.999042510986328,0.888338,464.04755555555556,4.394463901234569,0.0,8.0,10.0,0.0,17.0,0.15625
242,nn,1700,5000,0.0,0.0,16.00082015991211,4.000049591064453,0.5991917389456788,0.4008082610543212,20.000869750976562,20.999130249023438,0.882149,457.31480000000005,3.9005527599999996,0.0,8.0,10.0,0.0,17.0,0.15625
243,nn,1700,5500,0.0,0.0,16.00075912475586,4.000049591064453,0.5994605854713211,0.4005394145286789,20.000808715820312,20.999191284179688,0.875899,451.80618181818187,3.505446082644628,0.0,8.0,10.0,0.0,17.0,0.15625
248,nn,1800,4000,0.0,0.0,16.00088119506836,4.000049591064453,0.5991996374680438,0.40080036253195617,20.000930786132812,20.999069213867188,0.894266,476.91900000000004,5.324689125,0.0,8.0,10.0,0.0,17.0,0.15625
249,nn,1800,4500,0.0,0.0,16.000808715820312,4.000049591064453,0.5991714833099853,0.40082851669001474,20.000858306884766,20.999141693115234,0.899958,468.00800000000004,4.652961777777778,0.0,8.0,10.0,0.0,17.0,0.15625
250,nn,1800,5000,0.0,0.0,16.003463745117188,4.000049591064453,0.5994689729835285,0.4005310270164715,20.00351333618164,20.99648666381836,0.8820680000000001,460.8792,4.12999704,0.0,8.0,10.0,0.0,17.0,0.15625
251,nn,1800,5500,0.0,0.0,16.000991821289062,4.000049591064453,0.5991242292567087,0.4008757707432913,20.001041412353516,20.998958587646484,0.8760370000000001,455.0465454545455,3.71164879338843,0.0,8.0,10.0,0.0,17.0,0.15625
252,nn,1900,4000,0.0,0.0,16.000808715820312,4.000087738037109,0.5992052434478359,0.4007947565521641,20.000896453857422,20.999103546142578,0.908452,481.3745,5.6205051875,0.0,8.0,10.0,0.0,17.0,0.15625
253,nn,1900,4500,0.0,0.0,16.000873565673828,4.000049591064453,0.5993368073449369,0.4006631926550631,20.00092315673828,20.99907684326172,0.8887079999999999,471.96844444444446,4.911459654320987,0.0,8.0,10.0,0.0,17.0,0.15625
254,nn,1900,5000,0.0,0.0,16.000873565673828,4.000057220458984,0.5992911859418164,0.4007088140581836,20.000930786132812,20.999069213867188,0.882397,464.44360000000006,4.359441319999999,0.0,8.0,10.0,0.0,17.0,0.15625
255,nn,1900,5500,0.0,0.0,16.001018524169922,4.000049591064453,0.5996360973153594,0.4003639026846406,20.001068115234375,20.998931884765625,0.8760870000000001,458.28690909090915,3.9178515041322317,0.0,8.0,10.0,0.0,17.0,0.15625
256,nn,2000,4000,0.0,0.0,16.000797271728516,4.000049591064453,0.5995998170548656,0.40040018294513435,20.00084686279297,20.99915313720703,0.9103469999999999,485.83000000000004,5.91632125,0.0,8.0,10.0,0.0,17.0,0.15625
257,nn,2000,4500,0.0,0.0,16.003921508789062,4.000049591064453,0.5990078797907139,0.4009921202092861,20.003971099853516,20.996028900146484,0.8886649999999999,475.92888888888893,5.169957530864197,0.0,8.0,10.0,0.0,17.0,0.15625
258,nn,2000,5000,0.0,0.0,16.000808715820312,4.000049591064453,0.5994652023943827,0.4005347976056173,20.000858306884766,20.999141693115234,0.8846959999999999,468.00800000000004,4.5888856,0.0,8.0,10.0,0.0,17.0,0.15625
259,nn,2000,5500,0.0,0.0,16.03646469116211,4.000049591064453,0.598067911900956,0.401932088099044,20.036514282226562,20.963485717773438,0.892877,461.52727272727276,4.1240542148760335,0.0,8.0,10.0,0.0,17.0,0.15625
264,quasirandomGenerator,1600,4000,0.0,0.0,0.3782552083333333,8192.015625,0.7358936297380136,0.26410637026198636,8192.393880208334,141367.60611979166,0.6570590000000001,468.00800000000004,4.733057,0.0,0.0,2048.0,0.0,141329.0,65.03125
265,quasirandomGenerator,1600,4500,0.0,0.0,0.2669270833333333,8192.008463541666,0.7383414651203357,0.2616585348796643,8192.275390625,141367.724609375,0.655569,460.08711111111114,4.135966024691358,0.0,0.0,2048.0,0.0,141329.0,65.03125
266,quasirandomGenerator,1600,5000,0.0,0.0,0.23307291666666666,8192.008463541666,0.7416570858336414,0.2583429141663586,8192.241536458332,141367.75846354166,0.655488,453.7504,3.6711084799999996,0.0,0.0,2048.0,0.0,141329.0,65.03125
267,quasirandomGenerator,1600,5500,0.0,0.0,0.2942708333333333,8192.008463541666,0.7433254205131102,0.25667457948688976,8192.302734375,141367.697265625,0.6557430000000001,448.5658181818182,3.2992433719008267,0.0,0.0,2048.0,0.0,141329.0,65.03125
260,quasirandomGenerator,1700,4000,0.0,0.0,0.3268229166666667,8192.509114583334,0.7372618799007898,0.26273812009921016,8192.8359375,141367.1640625,0.65567,472.4635,5.0288730625,0.0,0.0,2048.0,0.0,141329.0,65.03125
261,quasirandomGenerator,1700,4500,0.0,0.0,0.2571614583333333,8192.026041666666,0.7405058447486189,0.2594941552513811,8192.283203125,141367.716796875,0.655546,464.04755555555556,4.394463901234569,0.0,0.0,2048.0,0.0,141329.0,65.03125
262,quasirandomGenerator,1700,5000,0.0,0.0,0.20377604166666666,8192.008463541666,0.7409066728293625,0.2590933271706375,8192.212239583332,141367.78776041666,0.655862,457.31480000000005,3.9005527599999996,0.0,0.0,2048.0,0.0,141329.0,65.03125
263,quasirandomGenerator,1700,5500,0.0,0.0,0.28515625,8192.008463541666,0.7436337964660162,0.25636620353398376,8192.293619791666,141367.70638020834,0.655324,451.80618181818187,3.505446082644628,0.0,0.0,2048.0,0.0,141329.0,65.03125
268,quasirandomGenerator,1800,4000,0.0,0.0,0.220703125,8192.015625,0.7349361752008122,0.2650638247991878,8192.236328125,141367.763671875,0.6556810000000001,476.91900000000004,5.324689125,0.0,0.0,2048.0,0.0,141329.0,65.03125
269,quasirandomGenerator,1800,4500,0.0,0.0,0.2799479166666667,8192.008463541666,0.7406111486165654,0.2593888513834346,8192.288411458332,141367.71158854166,0.655432,468.00800000000004,4.652961777777778,0.0,0.0,2048.0,0.0,141329.0,65.03125
270,quasirandomGenerator,1800,5000,0.0,0.0,5.268229166666667,8192.008463541666,0.7420040811635789,0.25799591883642115,8197.276692708332,141362.72330729166,0.655523,460.8792,4.12999704,0.0,0.0,2048.0,0.0,141329.0,65.03125
271,quasirandomGenerator,1800,5500,0.0,0.0,0.26953125,8192.015625,0.7430653999133776,0.2569346000866224,8192.28515625,141367.71484375,0.655749,455.0465454545455,3.71164879338843,0.0,0.0,2048.0,0.0,141329.0,65.03125
272,quasirandomGenerator,1900,4000,0.0,0.0,0.2669270833333333,8192.008463541666,0.7375027367546044,0.2624972632453956,8192.275390625,141367.724609375,0.655625,481.3745,5.6205051875,0.0,0.0,2048.0,0.0,141329.0,65.03125
273,quasirandomGenerator,1900,4500,0.0,0.0,0.3209635416666667,8192.008463541666,0.7400263584981442,0.25997364150185576,8192.329427083332,141367.67057291666,0.655718,471.96844444444446,4.911459654320987,0.0,0.0,2048.0,0.0,141329.0,65.03125
274,quasirandomGenerator,1900,5000,0.0,0.0,0.23828125,8192.008463541666,0.742200907536828,0.257799092463172,8192.246744791666,141367.75325520834,0.655798,464.44360000000006,4.359441319999999,0.0,0.0,2048.0,0.0,141329.0,65.03125
275,quasirandomGenerator,1900,5500,0.0,0.0,0.2955729166666667,8192.498046875,0.7428505790348178,0.25714942096518223,8192.793619791666,141367.20638020834,0.655606,458.28690909090915,3.9178515041322317,0.0,0.0,2048.0,0.0,141329.0,65.03125
276,quasirandomGenerator,2000,4000,0.0,0.0,0.3131510416666667,8192.008463541666,0.7356388246552643,0.2643611753447357,8192.321614583332,141367.67838541666,0.6919109999999999,485.83000000000004,5.91632125,0.0,0.0,2048.0,0.0,141329.0,65.03125
277,quasirandomGenerator,2000,4500,0.0,0.0,0.5397135416666666,8192.008463541666,0.7399275287803625,0.2600724712196375,8192.548177083332,141367.45182291666,0.655488,475.92888888888893,5.169957530864197,0.0,0.0,2048.0,0.0,141329.0,65.03125
278,quasirandomGenerator,2000,5000,0.0,0.0,0.23177083333333334,8192.008463541666,0.7388609536733702,0.26113904632662976,8192.240234375,141367.759765625,0.655321,468.00800000000004,4.5888856,0.0,0.0,2048.0,0.0,141329.0,65.03125
279,quasirandomGenerator,2000,5500,0.0,0.0,13.071614583333334,8192.008463541666,0.7454294028177253,0.2545705971822747,8205.080078125,141354.919921875,0.655389,461.52727272727276,4.1240542148760335,0.0,0.0,2048.0,0.0,141329.0,65.03125
284,reduction,1600,4000,3.125,2.5,4.000120639801025,0.12500619888305664,0.975171823709071,0.024828176290929038,7.875126838684082,82.24987316131592,0.919064,468.00800000000004,4.733057,5.625,4.0,0.99609375,0.0,36.0,0.95703125
285,reduction,1600,4500,3.125,2.5,4.000118255615234,0.12534236907958984,0.9754982767584427,0.024501723241557305,7.875460624694824,82.24953937530518,0.9167879999999999,460.08711111111114,4.135966024691358,5.625,4.0,0.99609375,0.0,36.0,0.95703125
286,reduction,1600,5000,3.125,2.5,4.000234603881836,0.12500619888305664,0.9756767138000871,0.024323286199912864,7.875240802764893,82.24975919723511,0.916133,453.7504,3.6711084799999996,5.625,4.0,0.99609375,0.0,36.0,0.95703125
287,reduction,1600,5500,3.125,2.5,4.000141620635986,0.12508583068847656,0.9749221757972191,0.02507782420278093,7.875227451324463,82.24977254867554,0.914537,448.5658181818182,3.2992433719008267,5.625,4.0,0.99609375,0.0,36.0,0.95703125
280,reduction,1700,4000,3.125,2.5,4.000117301940918,0.12500619888305664,0.9756868879255847,0.024313112074415333,7.875123500823975,82.24987649917603,0.9191280000000001,472.4635,5.0288730625,5.625,4.0,0.99609375,0.0,36.0,0.95703125
281,reduction,1700,4500,3.125,2.5,4.000110626220703,0.12501096725463867,0.9751579209218071,0.024842079078192913,7.875121593475342,82.24987840652466,0.9155,464.04755555555556,4.394463901234569,5.625,4.0,0.99609375,0.0,36.0,0.95703125
282,reduction,1700,5000,3.125,2.5,4.000132083892822,0.12500619888305664,0.974950878749635,0.02504912125036496,7.875138282775879,82.24986171722412,0.91474,457.31480000000005,3.9005527599999996,5.625,4.0,0.99609375,0.0,36.0,0.95703125
283,reduction,1700,5500,3.125,2.5,4.000103950500488,0.12501096725463867,0.9749495809325011,0.02505041906749894,7.875114917755127,82.24988508224487,0.91401,451.80618181818187,3.505446082644628,5.625,4.0,0.99609375,0.0,36.0,0.95703125
288,reduction,1800,4000,3.125,2.5,4.000147819519043,0.12501096725463867,0.974797496498994,0.025202503501005946,7.875158786773682,82.24984121322632,0.919165,476.91900000000004,5.324689125,5.625,4.0,0.99609375,0.0,36.0,0.95703125
289,reduction,1800,4500,3.125,2.5,4.000136852264404,0.12500619888305664,0.9747275822639836,0.025272417736016406,7.875143051147461,82.24985694885254,0.914933,468.00800000000004,4.652961777777778,5.625,4.0,0.99609375,0.0,36.0,0.95703125
290,reduction,1800,5000,3.125,2.5,4.002895355224609,0.12500619888305664,0.9763954201748283,0.023604579825171723,7.877901554107666,82.24709844589233,0.914659,460.8792,4.12999704,5.625,4.0,0.99609375,0.0,36.0,0.95703125
291,reduction,1800,5500,3.125,2.5,4.000143527984619,0.12501096725463867,0.9757782731304175,0.02422172686958246,7.875154495239258,82.24984550476074,0.9141520000000001,455.0465454545455,3.71164879338843,5.625,4.0,0.99609375,0.0,36.0,0.95703125
292,reduction,1900,4000,3.125,2.5,4.0001091957092285,0.12567424774169922,0.9751034251210214,0.02489657487897856,7.875783443450928,82.24921655654907,0.9160799999999999,481.3745,5.6205051875,5.625,4.0,0.99609375,0.0,36.0,0.95703125
293,reduction,1900,4500,3.125,2.5,4.0001726150512695,0.12500619888305664,0.9752313195725828,0.0247686804274172,7.875178813934326,82.24982118606567,0.917127,471.96844444444446,4.911459654320987,5.625,4.0,0.99609375,0.0,36.0,0.95703125
294,reduction,1900,5000,3.125,2.5,4.0001935958862305,0.1253499984741211,0.9753301358824173,0.02466986411758265,7.875543594360352,82.24945640563965,0.9147190000000001,464.44360000000006,4.359441319999999,5.625,4.0,0.99609375,0.0,36.0,0.95703125
295,reduction,1900,5500,3.125,2.5,4.000159740447998,0.12500715255737305,0.9753078856312178,0.02469211436878216,7.875166893005371,82.24983310699463,0.914753,458.28690909090915,3.9178515041322317,5.625,4.0,0.99609375,0.0,36.0,0.95703125
296,reduction,2000,4000,3.125,2.5,4.000107765197754,0.12501096725463867,0.9748751618454327,0.02512483815456734,7.875118732452393,82.24988126754761,0.916267,485.83000000000004,5.91632125,5.625,4.0,0.99609375,0.0,36.0,0.95703125
297,reduction,2000,4500,3.125,2.5,4.003355026245117,0.12500619888305664,0.975191852988998,0.02480814701100198,7.878361225128174,82.24663877487183,0.915082,475.92888888888893,5.169957530864197,5.625,4.0,0.99609375,0.0,36.0,0.95703125
298,reduction,2000,5000,3.125,2.5,4.000131130218506,0.12500619888305664,0.9749407007712367,0.025059299228763265,7.8751373291015625,82.24986267089844,0.9148200000000001,468.00800000000004,4.5888856,5.625,4.0,0.99609375,0.0,36.0,0.95703125
299,reduction,2000,5500,3.125,2.5,4.027215480804443,0.12500619888305664,0.9734553000514479,0.02654469994855213,7.9022216796875,82.2227783203125,0.914702,461.52727272727276,4.1240542148760335,5.625,4.0,0.99609375,0.0,36.0,0.95703125
304,scalarProd,1600,4000,4672.0,4352.0,65536.91015625,64.0126953125,1.0,0.0,71360.9228515625,106759.0771484375,0.574611,468.00800000000004,4.733057,9024.0,65536.0,10238.0,0.0,66051.0,1378.0625
305,scalarProd,1600,4500,4672.0,4352.0,65536.8759765625,64.775390625,1.0,0.0,71361.6513671875,106758.3486328125,0.574503,460.08711111111114,4.135966024691358,9024.0,65536.0,10238.0,0.0,66051.0,1378.0625
306,scalarProd,1600,5000,4672.0,4352.0,65536.8349609375,64.794921875,1.0,0.0,71361.6298828125,106758.3701171875,0.574399,453.7504,3.6711084799999996,9024.0,65536.0,10238.0,0.0,66051.0,1378.0625
307,scalarProd,1600,5500,4672.0,4352.0,65536.6875,65.8828125,1.0,0.0,71362.5703125,106757.4296875,0.574236,448.5658181818182,3.2992433719008267,9024.0,65536.0,10238.0,0.0,66051.0,1378.0625
300,scalarProd,1700,4000,4672.0,4352.0,65536.8779296875,64.0126953125,1.0,0.0,71360.890625,106759.109375,0.574615,472.4635,5.0288730625,9024.0,65536.0,10238.0,0.0,66051.0,1378.0625
301,scalarProd,1700,4500,4672.0,4352.0,65536.8759765625,64.0341796875,1.0,0.0,71360.91015625,106759.08984375,0.5745020000000001,464.04755555555556,4.394463901234569,9024.0,65536.0,10238.0,0.0,66051.0,1378.0625
302,scalarProd,1700,5000,4672.0,4352.0,65536.6513671875,64.06640625,1.0,0.0,71360.7177734375,106759.2822265625,0.574411,457.31480000000005,3.9005527599999996,9024.0,65536.0,10238.0,0.0,66051.0,1378.0625
303,scalarProd,1700,5500,4672.0,4352.0,65536.85546875,64.0126953125,1.0,0.0,71360.8681640625,106759.1318359375,0.5743020000000001,451.80618181818187,3.505446082644628,9024.0,65536.0,10238.0,0.0,66051.0,1378.0625
308,scalarProd,1800,4000,4672.0,4352.0,65537.09765625,64.0615234375,1.0,0.0,71361.1591796875,106758.8408203125,0.57467,476.91900000000004,5.324689125,9024.0,65536.0,10238.0,0.0,66051.0,1378.0625
309,scalarProd,1800,4500,4672.0,4352.0,65536.9580078125,64.0556640625,1.0,0.0,71361.013671875,106758.986328125,0.574581,468.00800000000004,4.652961777777778,9024.0,65536.0,10238.0,0.0,66051.0,1378.0625
310,scalarProd,1800,5000,4672.0,4352.0,65564.3173828125,65.3017578125,1.0,0.0,71389.619140625,106730.380859375,0.5745060000000001,460.8792,4.12999704,9024.0,65536.0,10238.0,0.0,66051.0,1378.0625
311,scalarProd,1800,5500,4672.0,4352.0,65536.6328125,65.73046875,1.0,0.0,71362.36328125,106757.63671875,0.5743779999999999,455.0465454545455,3.71164879338843,9024.0,65536.0,10238.0,0.0,66051.0,1378.0625
312,scalarProd,1900,4000,4672.0,4352.0,65536.9443359375,64.0126953125,1.0,0.0,71360.95703125,106759.04296875,0.5747180000000001,481.3745,5.6205051875,9024.0,65536.0,10238.0,0.0,66051.0,1378.0625
313,scalarProd,1900,4500,4672.0,4352.0,65536.7626953125,65.521484375,1.0,0.0,71362.2841796875,106757.7158203125,0.5746399999999999,471.96844444444446,4.911459654320987,9024.0,65536.0,10238.0,0.0,66051.0,1378.0625
314,scalarProd,1900,5000,4672.0,4352.0,65536.80859375,66.4423828125,1.0,0.0,71363.2509765625,106756.7490234375,0.574503,464.44360000000006,4.359441319999999,9024.0,65536.0,10238.0,0.0,66051.0,1378.0625
315,scalarProd,1900,5500,4672.0,4352.0,65536.873046875,66.236328125,1.0,0.0,71363.109375,106756.890625,0.574401,458.28690909090915,3.9178515041322317,9024.0,65536.0,10238.0,0.0,66051.0,1378.0625
316,scalarProd,2000,4000,4672.0,4352.0,65536.716796875,64.0126953125,1.0,0.0,71360.7294921875,106759.2705078125,0.574761,485.83000000000004,5.91632125,9024.0,65536.0,10238.0,0.0,66051.0,1378.0625
317,scalarProd,2000,4500,4672.0,4352.0,65571.0625,64.06640625,1.0,0.0,71395.12890625,106724.87109375,0.574665,475.92888888888893,5.169957530864197,9024.0,65536.0,10238.0,0.0,66051.0,1378.0625
318,scalarProd,2000,5000,4672.0,4352.0,65536.669921875,65.236328125,1.0,0.0,71361.90625,106758.09375,0.574596,468.00800000000004,4.5888856,9024.0,65536.0,10238.0,0.0,66051.0,1378.0625
319,scalarProd,2000,5500,4672.0,4352.0,65618.6455078125,64.0341796875,1.0,0.0,71442.6796875,106677.3203125,0.574513,461.52727272727276,4.1240542148760335,9024.0,65536.0,10238.0,0.0,66051.0,1378.0625
324,scanScanExclusiveShared,1600,4000,17.0,10.0,16.000532150268555,16.000024795532227,0.9998165400964195,0.00018345990358048514,51.50055694580078,70.49944305419922,0.962571,468.00800000000004,4.733057,27.0,16.0,0.0,0.0,61.0,0.3125
325,scanScanExclusiveShared,1600,4500,17.0,10.0,16.000534057617188,16.000024795532227,0.9997866787018264,0.00021332129817364098,51.500558853149414,70.49944114685059,0.96109,460.08711111111114,4.135966024691358,27.0,16.0,0.0,0.0,61.0,0.3125
326,scanScanExclusiveShared,1600,5000,17.0,10.0,16.000459671020508,16.000024795532227,0.9998431825537462,0.00015681744625384297,51.500484466552734,70.49951553344727,0.958406,453.7504,3.6711084799999996,27.0,16.0,0.0,0.0,61.0,0.3125
327,scanScanExclusiveShared,1600,5500,17.0,10.0,16.00059700012207,16.000024795532227,0.9997155125583951,0.00028448744160491923,51.5006217956543,70.4993782043457,0.956709,448.5658181818182,3.2992433719008267,27.0,16.0,0.0,0.0,61.0,0.3125
320,scanScanExclusiveShared,1700,4000,17.0,10.0,16.00075340270996,16.000045776367188,0.9997561634878813,0.00024383651211867807,51.50079917907715,70.49920082092285,0.962519,472.4635,5.0288730625,27.0,16.0,0.0,0.0,61.0,0.3125
321,scanScanExclusiveShared,1700,4500,17.0,10.0,16.000505447387695,16.000024795532227,0.9997381015305384,0.00026189846946156337,51.50053024291992,70.49946975708008,0.9611879999999999,464.04755555555556,4.394463901234569,27.0,16.0,0.0,0.0,61.0,0.3125
322,scanScanExclusiveShared,1700,5000,17.0,10.0,16.000614166259766,16.000024795532227,0.9997320824713929,0.00026791752860710893,51.50063896179199,70.49936103820801,0.9601290000000001,457.31480000000005,3.9005527599999996,27.0,16.0,0.0,0.0,61.0,0.3125
323,scanScanExclusiveShared,1700,5500,17.0,10.0,16.00071144104004,16.000024795532227,0.9998507534032575,0.00014924659674253604,51.500736236572266,70.49926376342773,0.954567,451.80618181818187,3.505446082644628,27.0,16.0,0.0,0.0,61.0,0.3125
328,scanScanExclusiveShared,1800,4000,17.0,10.0,16.00057601928711,16.000024795532227,0.9998261961190833,0.00017380388091670085,51.500600814819336,70.49939918518066,0.962583,476.91900000000004,5.324689125,27.0,16.0,0.0,0.0,61.0,0.3125
329,scanScanExclusiveShared,1800,4500,17.0,10.0,16.000770568847656,16.000024795532227,0.999730295685929,0.0002697043140710287,51.50079536437988,70.49920463562012,0.959216,468.00800000000004,4.652961777777778,27.0,16.0,0.0,0.0,61.0,0.3125
330,scanScanExclusiveShared,1800,5000,17.0,10.0,16.007034301757812,16.000024795532227,1.0,0.0,51.50705909729004,70.49294090270996,0.957385,460.8792,4.12999704,27.0,16.0,0.0,0.0,61.0,0.3125
331,scanScanExclusiveShared,1800,5500,17.0,10.0,16.000600814819336,16.000045776367188,0.9997276718806763,0.0002723281193236504,51.50064659118652,70.49935340881348,0.9545520000000001,455.0465454545455,3.71164879338843,27.0,16.0,0.0,0.0,61.0,0.3125
332,scanScanExclusiveShared,1900,4000,17.0,10.0,16.000625610351562,16.000045776367188,0.9997509770188385,0.00024902298116147303,51.50067138671875,70.49932861328125,0.962609,481.3745,5.6205051875,27.0,16.0,0.0,0.0,61.0,0.3125
333,scanScanExclusiveShared,1900,4500,17.0,10.0,16.000629425048828,16.0029296875,0.9996381208459437,0.00036187915405627713,51.50355911254883,70.49644088745117,0.961134,471.96844444444446,4.911459654320987,27.0,16.0,0.0,0.0,61.0,0.3125
334,scanScanExclusiveShared,1900,5000,17.0,10.0,16.00046157836914,16.0004825592041,0.9996709920679883,0.00032900793201173784,51.50094413757324,70.49905586242676,0.957398,464.44360000000006,4.359441319999999,27.0,16.0,0.0,0.0,61.0,0.3125
335,scanScanExclusiveShared,1900,5500,17.0,10.0,16.000389099121094,16.000024795532227,0.9997372661240846,0.00026273387591535524,51.50041389465332,70.49958610534668,0.956879,458.28690909090915,3.9178515041322317,27.0,16.0,0.0,0.0,61.0,0.3125
336,scanScanExclusiveShared,2000,4000,17.0,10.0,16.000511169433594,16.000024795532227,0.9998100431786696,0.00018995682133038372,51.50053596496582,70.49946403503418,0.964986,485.83000000000004,5.91632125,27.0,16.0,0.0,0.0,61.0,0.3125
337,scanScanExclusiveShared,2000,4500,17.0,10.0,16.011199951171875,16.000024795532227,0.9997066096426399,0.00029339035736009045,51.5112247467041,70.4887752532959,0.96167,475.92888888888893,5.169957530864197,27.0,16.0,0.0,0.0,61.0,0.3125
338,scanScanExclusiveShared,2000,5000,17.0,10.0,16.000669479370117,16.000045776367188,0.9998151105245086,0.0001848894754914454,51.500715255737305,70.4992847442627,0.959098,468.00800000000004,4.5888856,27.0,16.0,0.0,0.0,61.0,0.3125
339,scanScanExclusiveShared,2000,5500,17.0,10.0,16.0366268157959,16.000045776367188,0.9992301346183832,0.0007698653816168299,51.536672592163086,70.46332740783691,0.956743,461.52727272727276,4.1240542148760335,27.0,16.0,0.0,0.0,61.0,0.3125
344,sortingNetworks,1600,4000,329.6924591064453,315.43035888671875,16.010711669921875,16.012001037597656,0.9987153588239625,0.0012846411760375487,440.57276153564453,338.11942246435547,0.9918469999999999,468.00800000000004,4.733057,645.1228179931641,16.0,0.0,0.0,137.99887561798096,4.13701868057251
345,sortingNetworks,1600,4500,329.6924591064453,315.43035888671875,16.01141357421875,16.000099182128906,0.9994303845285765,0.0005696154714235346,440.56156158447266,338.13062241552734,0.9919549999999999,460.08711111111114,4.135966024691358,645.1228179931641,16.0,0.0,0.0,137.99887561798096,4.13701868057251
346,sortingNetworks,1600,5000,329.6924591064453,315.43035888671875,16.011993408203125,16.000099182128906,0.9985886185263719,0.0014113814736280705,440.56214141845703,338.13004258154297,0.991819,453.7504,3.6711084799999996,645.1228179931641,16.0,0.0,0.0,137.99887561798096,4.13701868057251
347,sortingNetworks,1600,5500,329.6924591064453,315.43035888671875,16.010787963867188,16.000099182128906,0.9988068825193989,0.0011931174806011358,440.5609359741211,338.1312480258789,0.991975,448.5658181818182,3.2992433719008267,645.1228179931641,16.0,0.0,0.0,137.99887561798096,4.13701868057251
340,sortingNetworks,1700,4000,329.6924591064453,315.43035888671875,16.010421752929688,16.00604248046875,0.9991073432810782,0.0008926567189218026,440.56651306152344,338.12567093847656,0.991966,472.4635,5.0288730625,645.1228179931641,16.0,0.0,0.0,137.99887561798096,4.13701868057251
341,sortingNetworks,1700,4500,329.6924591064453,315.43035888671875,16.01026153564453,16.000099182128906,0.9993138150785263,0.0006861849214736537,440.56040954589844,338.13177445410156,0.991836,464.04755555555556,4.394463901234569,645.1228179931641,16.0,0.0,0.0,137.99887561798096,4.13701868057251
342,sortingNetworks,1700,5000,329.6924591064453,315.43035888671875,16.01042938232422,16.000099182128906,0.9992060889237607,0.0007939110762392732,440.5605773925781,338.1316066074219,0.9918370000000001,457.31480000000005,3.9005527599999996,645.1228179931641,16.0,0.0,0.0,137.99887561798096,4.13701868057251
343,sortingNetworks,1700,5500,329.6924591064453,315.43035888671875,16.010398864746094,16.00018310546875,0.9988450055068402,0.001154994493159811,440.56063079833984,338.13155320166015,0.9918459999999999,451.80618181818187,3.505446082644628,645.1228179931641,16.0,0.0,0.0,137.99887561798096,4.13701868057251
348,sortingNetworks,1800,4000,329.6924591064453,315.43035888671875,16.0107421875,16.000099182128906,0.9987859070839962,0.0012140929160038283,440.5608901977539,338.1312938022461,0.991917,476.91900000000004,5.324689125,645.1228179931641,16.0,0.0,0.0,137.99887561798096,4.13701868057251
349,sortingNetworks,1800,4500,329.6924591064453,315.43035888671875,16.010231018066406,16.00018310546875,0.9993028525367468,0.0006971474632532226,440.56046295166016,338.13172104833984,0.991819,468.00800000000004,4.652961777777778,645.1228179931641,16.0,0.0,0.0,137.99887561798096,4.13701868057251
350,sortingNetworks,1800,5000,329.6924591064453,315.43035888671875,16.011032104492188,16.00018310546875,0.9987670927938445,0.0012329072061555424,440.56126403808594,338.13091996191406,0.99182,460.8792,4.12999704,645.1228179931641,16.0,0.0,0.0,137.99887561798096,4.13701868057251
351,sortingNetworks,1800,5500,329.6924591064453,315.43035888671875,16.012588500976562,16.000099182128906,0.9988979894265136,0.0011020105734863561,440.56273651123047,338.12944748876953,0.991859,455.0465454545455,3.71164879338843,645.1228179931641,16.0,0.0,0.0,137.99887561798096,4.13701868057251
352,sortingNetworks,1900,4000,329.6924591064453,315.43035888671875,16.0115966796875,16.000396728515625,0.9988624544671959,0.0011375455328040962,440.5620422363281,338.1301417636719,0.991985,481.3745,5.6205051875,645.1228179931641,16.0,0.0,0.0,137.99887561798096,4.13701868057251
353,sortingNetworks,1900,4500,329.6924591064453,315.43035888671875,16.010910034179688,16.000099182128906,0.9993031038334771,0.000696896166522909,440.5610580444336,338.1311259555664,0.9917879999999999,471.96844444444446,4.911459654320987,645.1228179931641,16.0,0.0,0.0,137.99887561798096,4.13701868057251
354,sortingNetworks,1900,5000,329.6924591064453,315.43035888671875,16.01129150390625,16.000267028808594,0.9992206527497969,0.0007793472502031218,440.56160736083984,338.13057663916015,0.991992,464.44360000000006,4.359441319999999,645.1228179931641,16.0,0.0,0.0,137.99887561798096,4.13701868057251
355,sortingNetworks,1900,5500,329.6924591064453,315.43035888671875,16.011436462402344,16.000099182128906,0.9986286338581101,0.0013713661418899292,440.56158447265625,338.13059952734375,0.991826,458.28690909090915,3.9178515041322317,645.1228179931641,16.0,0.0,0.0,137.99887561798096,4.13701868057251
356,sortingNetworks,2000,4000,329.6924591064453,315.43035888671875,16.010848999023438,16.000099182128906,0.999207291015957,0.0007927089840430446,440.56099700927734,338.13118699072265,0.991858,485.83000000000004,5.91632125,645.1228179931641,16.0,0.0,0.0,137.99887561798096,4.13701868057251
357,sortingNetworks,2000,4500,329.6924591064453,315.43035888671875,16.011199951171875,16.000267028808594,0.9989096257287334,0.0010903742712665698,440.56151580810547,338.13066819189453,0.9918399999999999,475.92888888888893,5.169957530864197,645.1228179931641,16.0,0.0,0.0,137.99887561798096,4.13701868057251
358,sortingNetworks,2000,5000,329.6924591064453,315.43035888671875,16.01166534423828,16.000099182128906,0.9986172037772597,0.0013827962227402901,440.5618133544922,338.1303706455078,0.991857,468.00800000000004,4.5888856,645.1228179931641,16.0,0.0,0.0,137.99887561798096,4.13701868057251
359,sortingNetworks,2000,5500,329.6924591064453,315.43035888671875,16.42876434326172,16.00018310546875,0.9914107121305193,0.008589287869480655,440.97899627685547,337.71318772314453,0.991814,461.52727272727276,4.1240542148760335,645.1228179931641,16.0,0.0,0.0,137.99887561798096,4.13701868057251
364,transpose,1600,4000,8.0,1.0,4.00020694732666,4.000157833099365,0.9999412324999056,5.876750009436993e-05,16.250364780426025,16.749635219573975,0.945708,468.00800000000004,4.733057,9.0,4.0,0.0,0.0,22.0,0.03125
365,transpose,1600,4500,8.0,1.0,4.000138759613037,4.000346660614014,0.999863156038949,0.00013684396105095864,16.25048542022705,16.74951457977295,0.938069,460.08711111111114,4.135966024691358,9.0,4.0,0.0,0.0,22.0,0.03125
366,transpose,1600,5000,8.0,1.0,4.000124931335449,4.000006198883057,1.0,0.0,16.250131130218506,16.749868869781494,0.9322950000000001,453.7504,3.6711084799999996,9.0,4.0,0.0,0.0,22.0,0.03125
367,transpose,1600,5500,8.0,1.0,4.000119209289551,4.000006198883057,0.9999366412558168,6.335874418317289e-05,16.250125408172607,16.749874591827393,0.924578,448.5658181818182,3.2992433719008267,9.0,4.0,0.0,0.0,22.0,0.03125
360,transpose,1700,4000,8.0,1.0,4.000175476074219,4.000085830688477,0.9999265098734254,7.349012657464904e-05,16.250261306762695,16.749738693237305,0.9484950000000001,472.4635,5.0288730625,9.0,4.0,0.0,0.0,22.0,0.03125
361,transpose,1700,4500,8.0,1.0,4.000136375427246,4.000006198883057,0.9999877216619982,1.2278338001769917e-05,16.250142574310303,16.749857425689697,0.941068,464.04755555555556,4.394463901234569,9.0,4.0,0.0,0.0,22.0,0.03125
362,transpose,1700,5000,8.0,1.0,4.000125408172607,4.00002384185791,0.9999784235211275,2.1576478872464833e-05,16.250149250030518,16.749850749969482,0.9362159999999999,457.31480000000005,3.9005527599999996,9.0,4.0,0.0,0.0,22.0,0.03125
363,transpose,1700,5500,8.0,1.0,4.0001115798950195,4.000560283660889,0.9999207920792079,7.920792079207928e-05,16.250671863555908,16.749328136444092,0.9289799999999999,451.80618181818187,3.505446082644628,9.0,4.0,0.0,0.0,22.0,0.03125
368,transpose,1800,4000,8.0,1.0,4.0001420974731445,4.000015735626221,0.9999123232973212,8.767670267884053e-05,16.250157833099365,16.749842166900635,0.951417,476.91900000000004,5.324689125,9.0,4.0,0.0,0.0,22.0,0.03125
369,transpose,1800,4500,8.0,1.0,4.00014066696167,4.000006198883057,0.999921621331014,7.837866898596779e-05,16.250146865844727,16.749853134155273,0.944882,468.00800000000004,4.652961777777778,9.0,4.0,0.0,0.0,22.0,0.03125
370,transpose,1800,5000,8.0,1.0,4.000118732452393,4.000006198883057,0.9999338398774834,6.616012251658976e-05,16.25012493133545,16.74987506866455,0.9405389999999999,460.8792,4.12999704,9.0,4.0,0.0,0.0,22.0,0.03125
371,transpose,1800,5500,8.0,1.0,4.000109672546387,4.000006198883057,0.9999874832058895,1.2516794110517537e-05,16.250115871429443,16.749884128570557,0.9336840000000001,455.0465454545455,3.71164879338843,9.0,4.0,0.0,0.0,22.0,0.03125
372,transpose,1900,4000,8.0,1.0,4.000102996826172,4.000006198883057,1.0,0.0,16.25010919570923,16.74989080429077,0.9540569999999999,481.3745,5.6205051875,9.0,4.0,0.0,0.0,22.0,0.03125
373,transpose,1900,4500,8.0,1.0,4.000151634216309,4.000339508056641,0.9998834204719611,0.00011657952803889593,16.25049114227295,16.74950885772705,0.94711,471.96844444444446,4.911459654320987,9.0,4.0,0.0,0.0,22.0,0.03125
374,transpose,1900,5000,8.0,1.0,4.000130653381348,4.000010967254639,0.9999295485570477,7.045144295225736e-05,16.250141620635986,16.749858379364014,0.9429139999999999,464.44360000000006,4.359441319999999,9.0,4.0,0.0,0.0,22.0,0.03125
375,transpose,1900,5500,8.0,1.0,4.000197887420654,4.000006198883057,1.0,0.0,16.25020408630371,16.74979591369629,0.9364040000000001,458.28690909090915,3.9178515041322317,9.0,4.0,0.0,0.0,22.0,0.03125
376,transpose,2000,4000,8.0,1.0,4.000155448913574,4.000006198883057,1.0,0.0,16.25016164779663,16.74983835220337,0.940516,485.83000000000004,5.91632125,9.0,4.0,0.0,0.0,22.0,0.03125
377,transpose,2000,4500,8.0,1.0,4.000097751617432,4.000006198883057,0.9999329456459194,6.7054354080609e-05,16.25010395050049,16.74989604949951,0.950472,475.92888888888893,5.169957530864197,9.0,4.0,0.0,0.0,22.0,0.03125
378,transpose,2000,5000,8.0,1.0,4.000150680541992,4.000006198883057,0.9999179856170852,8.201438291477459e-05,16.25015687942505,16.74984312057495,0.945982,468.00800000000004,4.5888856,9.0,4.0,0.0,0.0,22.0,0.03125
379,transpose,2000,5500,8.0,1.0,4.019199371337891,4.000010967254639,0.9992869333812516,0.0007130666187483703,16.26921033859253,16.73078966140747,0.939908,461.52727272727276,4.1240542148760335,9.0,4.0,0.0,0.0,22.0,0.03125
384,vectorAdd,1600,4000,0.0,0.0,8.00023078918457,4.000006198883057,0.9999265287921901,7.347120780987204e-05,12.000236988067627,8.999763011932373,0.877303,468.00800000000004,4.733057,0.0,8.0,1.0,0.0,12.0,0.0625
385,vectorAdd,1600,4500,0.0,0.0,8.000128746032715,4.000082015991211,0.999920329857437,7.967014256304861e-05,12.000210762023926,8.999789237976074,0.8722209999999999,460.08711111111114,4.135966024691358,0.0,8.0,1.0,0.0,12.0,0.0625
386,vectorAdd,1600,5000,0.0,0.0,8.000111103057861,4.000086784362793,0.9999650722541418,3.4927745858226444e-05,12.000197887420654,8.999802112579346,0.8683270000000001,453.7504,3.6711084799999996,0.0,8.0,1.0,0.0,12.0,0.0625
387,vectorAdd,1600,5500,0.0,0.0,8.000173091888428,4.000006198883057,0.9999133758771686,8.662412283144683e-05,12.000179290771484,8.999820709228516,0.864016,448.5658181818182,3.2992433719008267,0.0,8.0,1.0,0.0,12.0,0.0625
380,vectorAdd,1700,4000,0.0,0.0,8.0001859664917,4.000346660614014,0.9998808357360555,0.00011916426394453783,12.000532627105713,8.999467372894287,0.880094,472.4635,5.0288730625,0.0,8.0,1.0,0.0,12.0,0.0625
381,vectorAdd,1700,4500,0.0,0.0,8.000102996826172,4.000006198883057,0.9998920371025206,0.00010796289747938559,12.000109195709229,8.999890804290771,0.875556,464.04755555555556,4.394463901234569,0.0,8.0,1.0,0.0,12.0,0.0625
382,vectorAdd,1700,5000,0.0,0.0,8.000124454498291,4.000020503997803,0.9999453233330133,5.467666698666385e-05,12.000144958496094,8.999855041503906,0.8707719999999999,457.31480000000005,3.9005527599999996,0.0,8.0,1.0,0.0,12.0,0.0625
383,vectorAdd,1700,5500,0.0,0.0,8.000158786773682,4.000006198883057,0.9999154817757331,8.451822426691624e-05,12.000164985656738,8.999835014343262,0.8655799999999999,451.80618181818187,3.505446082644628,0.0,8.0,1.0,0.0,12.0,0.0625
388,vectorAdd,1800,4000,0.0,0.0,8.000144958496094,4.000006198883057,0.9999553368154458,4.466318455420559e-05,12.00015115737915,8.99984884262085,0.883021,476.91900000000004,5.324689125,0.0,8.0,1.0,0.0,12.0,0.0625
389,vectorAdd,1800,4500,0.0,0.0,8.000109672546387,4.000006198883057,0.9999220776134785,7.792238652148953e-05,12.000115871429443,8.999884128570557,0.878181,468.00800000000004,4.652961777777778,0.0,8.0,1.0,0.0,12.0,0.0625
390,vectorAdd,1800,5000,0.0,0.0,8.00015926361084,4.000006198883057,0.9998968059145747,0.0001031940854252511,12.000165462493896,8.999834537506104,0.872474,460.8792,4.12999704,0.0,8.0,1.0,0.0,12.0,0.0625
391,vectorAdd,1800,5500,0.0,0.0,8.000133991241455,4.000671863555908,0.9998965730186938,0.00010342698130616501,12.000805854797363,8.999194145202637,0.8647030000000001,455.0465454545455,3.71164879338843,0.0,8.0,1.0,0.0,12.0,0.0625
392,vectorAdd,1900,4000,0.0,0.0,8.000139236450195,4.000339508056641,0.9999052721304409,9.472786955910806e-05,12.000478744506836,8.999521255493164,0.8869049999999999,481.3745,5.6205051875,0.0,8.0,1.0,0.0,12.0,0.0625
393,vectorAdd,1900,4500,0.0,0.0,8.000189781188965,4.000006198883057,0.9999489792573263,5.102074267371304e-05,12.000195980072021,8.999804019927979,0.879774,471.96844444444446,4.911459654320987,0.0,8.0,1.0,0.0,12.0,0.0625
394,vectorAdd,1900,5000,0.0,0.0,8.000115871429443,4.000668525695801,0.9998858844327969,0.00011411556720308802,12.000784397125244,8.999215602874756,0.8752190000000001,464.44360000000006,4.359441319999999,0.0,8.0,1.0,0.0,12.0,0.0625
395,vectorAdd,1900,5500,0.0,0.0,8.000137329101562,4.000334739685059,0.9999323712568464,6.762874315358047e-05,12.000472068786621,8.999527931213379,0.869317,458.28690909090915,3.9178515041322317,0.0,8.0,1.0,0.0,12.0,0.0625
396,vectorAdd,2000,4000,0.0,0.0,8.000114440917969,4.000020503997803,0.9999071767437053,9.282325629467181e-05,12.000134944915771,8.999865055084229,0.8919790000000001,485.83000000000004,5.91632125,0.0,8.0,1.0,0.0,12.0,0.0625
397,vectorAdd,2000,4500,0.0,0.0,8.000165939331055,4.000006198883057,0.9999024881999398,9.751180006023485e-05,12.000172138214111,8.999827861785889,0.882131,475.92888888888893,5.169957530864197,0.0,8.0,1.0,0.0,12.0,0.0625
398,vectorAdd,2000,5000,0.0,0.0,8.000098705291748,4.000020503997803,0.9999593500360843,4.0649963915728726e-05,12.00011920928955,8.99988079071045,0.8720610000000001,468.00800000000004,4.5888856,0.0,8.0,1.0,0.0,12.0,0.0625
399,vectorAdd,2000,5500,0.0,0.0,8.011196613311768,4.000010967254639,1.0,0.0,12.011207580566406,8.988792419433594,0.871767,461.52727272727276,4.1240542148760335,0.0,8.0,1.0,0.0,12.0,0.0625
