,appName,coreF,memF,n_shm_ld,n_shm_st,n_gld,n_gst,l2_miss,l2_hit,mem_insts,insts,act_util,L_DM,D_DM,n_shm,tex_trans,fp_insts
0,cachebench-l2-only,1100,3600,0.0,0.0,16472.330078125,16384.005859375,0.0414857080219735,0.9585142919780265,32856.3359375,47843.6640625,0.368868,345.39166666666665,2.5666114969135805,0.0,16384.0,1.0
1,cachebench-l2-only,1100,3600,0.0,0.0,16456.8271484375,16384.005859375,0.0624291292759618,0.9375708707240382,32840.8330078125,47859.1669921875,0.368519,345.39166666666665,2.5666114969135805,0.0,16384.0,1.0
2,cachebench-l2-only,1100,3600,0.0,0.0,16475.74609375,16384.01171875,0.035400146313083844,0.9645998536869161,32859.7578125,47840.2421875,0.368779,345.39166666666665,2.5666114969135805,0.0,16384.0,1.0
3,cachebench-l2-only,1100,3600,0.0,0.0,16476.8515625,16384.02734375,0.07132561098903581,0.9286743890109642,32860.87890625,47839.12109375,0.368584,345.39166666666665,2.5666114969135805,0.0,16384.0,1.0
4,cachebench-l2-only,1100,3600,0.0,0.0,16474.3154296875,16384.0107421875,0.09720299560203509,0.902797004397965,32858.326171875,47841.673828125,0.368136,345.39166666666665,2.5666114969135805,0.0,16384.0,1.0
5,cachebench-l2-only,1100,3600,0.0,0.0,16446.7529296875,16384.02734375,0.08878749960698978,0.9112125003930103,32830.7802734375,47869.2197265625,0.36904899999999996,345.39166666666665,2.5666114969135805,0.0,16384.0,1.0
6,cachebench-l2-only,1100,3600,0.0,0.0,16473.0087890625,16384.005859375,0.08300664607297784,0.9169933539270222,32857.0146484375,47842.9853515625,0.368134,345.39166666666665,2.5666114969135805,0.0,16384.0,1.0
7,cachebench-l2-only,1100,3600,0.0,0.0,16471.1611328125,16384.005859375,0.08844888630085207,0.9115511136991479,32855.1669921875,47844.8330078125,0.369141,345.39166666666665,2.5666114969135805,0.0,16384.0,1.0
8,cachebench-l2-only,1100,3600,0.0,0.0,16485.0947265625,16384.0361328125,0.06971313497924267,0.9302868650207573,32869.130859375,47830.869140625,0.36809000000000003,345.39166666666665,2.5666114969135805,0.0,16384.0,1.0
9,cachebench-l2-only,1100,3600,0.0,0.0,16462.9365234375,16384.021484375,0.07053928634765545,0.9294607136523445,32846.9580078125,47853.0419921875,0.369232,345.39166666666665,2.5666114969135805,0.0,16384.0,1.0
10,cachebench-l2-only,1100,3600,0.0,0.0,16477.2685546875,16384.0107421875,0.06780384517659016,0.9321961548234099,32861.279296875,47838.720703125,0.368861,345.39166666666665,2.5666114969135805,0.0,16384.0,1.0
11,cachebench-l2-only,1100,3600,0.0,0.0,16477.4345703125,16384.0263671875,0.06404714084959419,0.9359528591504058,32861.4609375,47838.5390625,0.369006,345.39166666666665,2.5666114969135805,0.0,16384.0,1.0
12,cachebench-l2-only,1100,3600,0.0,0.0,16462.65625,16384.015625,0.06305644431251835,0.9369435556874817,32846.671875,47853.328125,0.36944699999999997,345.39166666666665,2.5666114969135805,0.0,16384.0,1.0
13,cachebench-l2-only,1100,3600,0.0,0.0,16476.1455078125,16384.0302734375,0.0651316450324261,0.9348683549675739,32860.17578125,47839.82421875,0.369452,345.39166666666665,2.5666114969135805,0.0,16384.0,1.0
14,cachebench-l2-only,1100,3600,0.0,0.0,16482.9111328125,16384.005859375,0.06723400356010774,0.9327659964398922,32866.9169921875,47833.0830078125,0.369784,345.39166666666665,2.5666114969135805,0.0,16384.0,1.0
15,cachebench-l2-only,1100,3600,0.0,0.0,16456.1953125,16384.005859375,0.05694582365375707,0.9430541763462429,32840.201171875,47859.798828125,0.36961900000000003,345.39166666666665,2.5666114969135805,0.0,16384.0,1.0
16,cachebench-l2-only,1100,3600,0.0,0.0,16496.853515625,16384.033203125,0.8099305114922981,0.1900694885077019,32880.88671875,47819.11328125,0.369773,345.39166666666665,2.5666114969135805,0.0,16384.0,1.0
17,cachebench-l2-only,1100,3600,0.0,0.0,32882.32421875,32768.0146484375,0.0435233586222296,0.9564766413777704,65650.3388671875,15549.6611328125,0.370261,345.39166666666665,2.5666114969135805,0.0,32768.0,1.0
18,cachebench-l2-only,1100,3600,0.0,0.0,32879.0087890625,32768.005859375,0.06345301456387926,0.9365469854361207,65647.0146484375,15552.9853515625,0.36977,345.39166666666665,2.5666114969135805,0.0,32768.0,1.0
19,cachebench-l2-only,1100,3600,0.0,0.0,32845.4345703125,32768.0322265625,0.0874402034047948,0.9125597965952053,65613.466796875,15586.533203125,0.368827,345.39166666666665,2.5666114969135805,0.0,32768.0,1.0
20,cachebench-l2-only,1100,3600,0.0,0.0,32891.2529296875,32768.0068359375,0.09349633871198372,0.9065036612880163,65659.259765625,15540.740234375,0.369975,345.39166666666665,2.5666114969135805,0.0,32768.0,1.0
21,cachebench-l2-only,1100,3600,0.0,0.0,32852.44921875,32768.005859375,0.0788312779876154,0.9211687220123846,65620.455078125,15579.544921875,0.37075199999999997,345.39166666666665,2.5666114969135805,0.0,32768.0,1.0
22,cachebench-l2-only,1100,3600,0.0,0.0,32846.7333984375,32768.005859375,0.07870397236067847,0.9212960276393215,65614.7392578125,15585.2607421875,0.370739,345.39166666666665,2.5666114969135805,0.0,32768.0,1.0
23,cachebench-l2-only,1100,3600,0.0,0.0,32899.1796875,32768.015625,0.06891701240666567,0.9310829875933343,65667.1953125,15532.8046875,0.3711,345.39166666666665,2.5666114969135805,0.0,32768.0,1.0
24,cachebench-l2-only,1100,3600,0.0,0.0,32877.439453125,32768.0068359375,0.07774741372617285,0.9222525862738271,65645.4462890625,15554.5537109375,0.371055,345.39166666666665,2.5666114969135805,0.0,32768.0,1.0
25,cachebench-l2-only,1100,3600,0.0,0.0,32931.5771484375,32768.005859375,0.8232405453843358,0.17675945461566422,65699.5830078125,15500.4169921875,0.36950700000000003,345.39166666666665,2.5666114969135805,0.0,32768.0,1.0
26,cachebench-l2-only,1100,3600,0.0,0.0,65670.736328125,65536.0068359375,0.003215218884825174,0.9967847811151749,131206.7431640625,0.0,0.248989,345.39166666666665,2.5666114969135805,0.0,65536.0,1.0
27,cachebench-l2-only,1100,3600,0.0,0.0,65673.6845703125,65536.005859375,0.03794099769763367,0.9620590023023663,131209.6904296875,0.0,0.24897800000000003,345.39166666666665,2.5666114969135805,0.0,65536.0,1.0
28,cachebench-l2-only,1100,3600,0.0,0.0,65674.1533203125,65536.0224609375,0.08266424142682578,0.9173357585731742,131210.17578125,0.0,0.249335,345.39166666666665,2.5666114969135805,0.0,65536.0,1.0
29,cachebench-l2-only,1100,3600,0.0,0.0,65699.2958984375,65536.005859375,0.28368156764341224,0.7163184323565878,131235.3017578125,0.0,0.249085,345.39166666666665,2.5666114969135805,0.0,65536.0,1.0
30,cachebench-tex-loads,1100,3600,0.0,0.0,52.33203125,16384.005859375,0.35419251955194075,0.6458074804480592,16436.337890625,35463.662109375,0.360327,345.39166666666665,2.5666114969135805,0.0,32768.0,1.0
31,cachebench-tex-loads,1100,3600,0.0,0.0,55.3642578125,16384.0107421875,0.27373327187012886,0.7262667281298711,16439.375,35460.625,0.35941599999999996,345.39166666666665,2.5666114969135805,0.0,32768.0,1.0
32,cachebench-tex-loads,1100,3600,0.0,0.0,39.0791015625,16384.005859375,0.19185259839620522,0.8081474016037948,16423.0849609375,35476.9150390625,0.360031,345.39166666666665,2.5666114969135805,0.0,32768.0,1.0
33,cachebench-tex-loads,1100,3600,0.0,0.0,65.3779296875,16384.0107421875,0.13257515625283853,0.8674248437471614,16449.388671875,35450.611328125,0.36139099999999996,345.39166666666665,2.5666114969135805,0.0,32768.0,1.0
34,cachebench-tex-loads,1100,3600,0.0,0.0,55.4560546875,16384.0107421875,0.13706540816705987,0.8629345918329401,16439.466796875,35460.533203125,0.362902,345.39166666666665,2.5666114969135805,0.0,32768.0,1.0
35,cachebench-tex-loads,1100,3600,0.0,0.0,75.0,16384.005859375,0.12189511797243412,0.8781048820275659,16459.005859375,35440.994140625,0.363371,345.39166666666665,2.5666114969135805,0.0,32768.0,1.0
36,cachebench-tex-loads,1100,3600,0.0,0.0,81.4384765625,16384.005859375,0.11541785397507742,0.8845821460249226,16465.4443359375,35434.5556640625,0.363237,345.39166666666665,2.5666114969135805,0.0,32768.0,1.0
37,cachebench-tex-loads,1100,3600,0.0,0.0,65.1591796875,16384.005859375,0.10768967721041597,0.892310322789584,16449.1650390625,35450.8349609375,0.362473,345.39166666666665,2.5666114969135805,0.0,32768.0,1.0
38,cachebench-tex-loads,1100,3600,0.0,0.0,92.17578125,16384.021484375,0.10394985047677088,0.8960501495232291,16476.197265625,35423.802734375,0.364205,345.39166666666665,2.5666114969135805,0.0,32768.0,1.0
39,cachebench-tex-loads,1100,3600,0.0,0.0,84.46875,16384.01953125,0.1010908498783069,0.8989091501216931,16468.48828125,35431.51171875,0.364299,345.39166666666665,2.5666114969135805,0.0,32768.0,1.0
40,cachebench-tex-loads,1100,3600,0.0,0.0,81.8349609375,16384.005859375,0.09030313170240402,0.909696868297596,16465.8408203125,35434.1591796875,0.364184,345.39166666666665,2.5666114969135805,0.0,32768.0,1.0
41,cachebench-tex-loads,1100,3600,0.0,0.0,89.82421875,16384.005859375,0.09418963623768332,0.9058103637623167,16473.830078125,35426.169921875,0.364544,345.39166666666665,2.5666114969135805,0.0,32768.0,1.0
42,cachebench-tex-loads,1100,3600,0.0,0.0,5522.193359375,16384.01171875,0.0790543703861019,0.9209456296138981,21906.205078125,29993.794921875,0.366886,345.39166666666665,2.5666114969135805,0.0,32768.0,1.0
43,cachebench-tex-loads,1100,3600,0.0,0.0,7224.8984375,16384.0361328125,0.07706377216087212,0.9229362278391279,23608.9345703125,28291.0654296875,0.366242,345.39166666666665,2.5666114969135805,0.0,32768.0,1.0
44,cachebench-tex-loads,1100,3600,0.0,0.0,10201.4921875,16384.013671875,0.07592222148185039,0.9240777785181497,26585.505859375,25314.494140625,0.37092600000000003,345.39166666666665,2.5666114969135805,0.0,32768.0,1.0
45,cachebench-tex-loads,1100,3600,0.0,0.0,10955.7275390625,16384.01171875,0.06096008439523611,0.9390399156047639,27339.7392578125,24560.2607421875,0.37091799999999997,345.39166666666665,2.5666114969135805,0.0,32768.0,1.0
46,cachebench-tex-loads,1100,3600,0.0,0.0,16516.4208984375,16384.06640625,0.8304763663650855,0.16952363363491452,32900.4873046875,18999.5126953125,0.37034,345.39166666666665,2.5666114969135805,0.0,32768.0,1.0
47,cachebench-tex-loads,1100,3600,0.0,0.0,71.1103515625,32768.005859375,0.00959108913290722,0.9904089108670928,32839.1162109375,31760.8837890625,0.249498,345.39166666666665,2.5666114969135805,0.0,32768.0,1.0
48,cachebench-tex-loads,1100,3600,0.0,0.0,85.6455078125,32768.02734375,0.0602881901670942,0.9397118098329058,32853.6728515625,31746.3271484375,0.249505,345.39166666666665,2.5666114969135805,0.0,32768.0,1.0
49,cachebench-tex-loads,1100,3600,0.0,0.0,82.578125,32768.005859375,0.09621487536578824,0.9037851246342118,32850.583984375,31749.416015625,0.249509,345.39166666666665,2.5666114969135805,0.0,32768.0,1.0
50,cachebench-tex-loads,1100,3600,0.0,0.0,81.6494140625,32768.005859375,0.09232453358543675,0.9076754664145632,32849.6552734375,31750.3447265625,0.24951399999999999,345.39166666666665,2.5666114969135805,0.0,32768.0,1.0
51,cachebench-tex-loads,1100,3600,0.0,0.0,100.767578125,32768.005859375,0.08900155875530608,0.9109984412446939,32868.7734375,31731.2265625,0.24954,345.39166666666665,2.5666114969135805,0.0,32768.0,1.0
52,cachebench-tex-loads,1100,3600,0.0,0.0,108.0556640625,32768.005859375,0.07939112113389162,0.9206088788661084,32876.0615234375,31723.9384765625,0.24955100000000002,345.39166666666665,2.5666114969135805,0.0,32768.0,1.0
53,cachebench-tex-loads,1100,3600,0.0,0.0,111.5625,32768.041015625,0.07772298639027318,0.9222770136097268,32879.603515625,31720.396484375,0.249558,345.39166666666665,2.5666114969135805,0.0,32768.0,1.0
54,cachebench-tex-loads,1100,3600,0.0,0.0,126.556640625,32768.005859375,0.072142907357409,0.927857092642591,32894.5625,31705.4375,0.249558,345.39166666666665,2.5666114969135805,0.0,32768.0,1.0
55,cachebench-tex-loads,1100,3600,0.0,0.0,32734.8173828125,32768.005859375,0.27288352954610096,0.727116470453899,65502.8232421875,0.0,0.248989,345.39166666666665,2.5666114969135805,0.0,32768.0,1.0
56,cachebench-tex-loads,1100,3600,0.0,0.0,45.39453125,65536.029296875,0.011754516518394103,0.9882454834816059,65581.423828125,22618.576171875,0.24953899999999998,345.39166666666665,2.5666114969135805,0.0,65536.0,1.0
57,cachebench-tex-loads,1100,3600,0.0,0.0,99.6689453125,65536.01953125,0.07087314424756265,0.9291268557524374,65635.6884765625,22564.3115234375,0.24955,345.39166666666665,2.5666114969135805,0.0,65536.0,1.0
58,cachebench-tex-loads,1100,3600,0.0,0.0,154.9453125,65536.0537109375,0.08366240838473414,0.9163375916152658,65690.9990234375,22509.0009765625,0.2496,345.39166666666665,2.5666114969135805,0.0,65536.0,1.0
59,cachebench-tex-loads,1100,3600,0.0,0.0,57988.0048828125,65536.0107421875,0.19166951435430635,0.8083304856456937,123524.015625,0.0,0.248346,345.39166666666665,2.5666114969135805,0.0,65536.0,1.0
60,cachebench,1100,3600,0.0,0.0,55.5419921875,16384.005859375,0.36734105785418725,0.6326589421458128,16439.5478515625,64260.4521484375,0.249457,345.39166666666665,2.5666114969135805,0.0,16384.0,1.0
61,cachebench,1100,3600,0.0,0.0,72.806640625,16384.005859375,0.27841213887485805,0.721587861125142,16456.8125,64243.1875,0.249464,345.39166666666665,2.5666114969135805,0.0,16384.0,1.0
62,cachebench,1100,3600,0.0,0.0,57.9873046875,16384.005859375,0.2116862542504868,0.7883137457495132,16441.9931640625,64258.0068359375,0.249457,345.39166666666665,2.5666114969135805,0.0,16384.0,1.0
63,cachebench,1100,3600,0.0,0.0,65.7822265625,16384.005859375,0.16074508938570933,0.8392549106142907,16449.7880859375,64250.2119140625,0.24945900000000001,345.39166666666665,2.5666114969135805,0.0,16384.0,1.0
64,cachebench,1100,3600,0.0,0.0,79.1083984375,16384.0244140625,0.12132156318972173,0.8786784368102782,16463.1328125,64236.8671875,0.249462,345.39166666666665,2.5666114969135805,0.0,16384.0,1.0
65,cachebench,1100,3600,0.0,0.0,68.5302734375,16384.01171875,0.09716132510156017,0.9028386748984398,16452.5419921875,64247.4580078125,0.24945599999999998,345.39166666666665,2.5666114969135805,0.0,16384.0,1.0
66,cachebench,1100,3600,0.0,0.0,90.4384765625,16384.015625,0.10953624281343256,0.8904637571865675,16474.4541015625,64225.5458984375,0.24945799999999999,345.39166666666665,2.5666114969135805,0.0,16384.0,1.0
67,cachebench,1100,3600,0.0,0.0,87.8818359375,16384.0087890625,0.08794990234310156,0.9120500976568985,16471.890625,64228.109375,0.24945,345.39166666666665,2.5666114969135805,0.0,16384.0,1.0
68,cachebench,1100,3600,0.0,0.0,89.56640625,16384.0087890625,0.08951788971222319,0.9104821102877768,16473.5751953125,64226.4248046875,0.249448,345.39166666666665,2.5666114969135805,0.0,16384.0,1.0
69,cachebench,1100,3600,0.0,0.0,104.4833984375,16384.005859375,0.08482989405547063,0.9151701059445294,16488.4892578125,64211.5107421875,0.24944699999999997,345.39166666666665,2.5666114969135805,0.0,16384.0,1.0
70,cachebench,1100,3600,0.0,0.0,103.9326171875,16384.005859375,0.0777189220173909,0.922281077982609,16487.9384765625,64212.0615234375,0.249448,345.39166666666665,2.5666114969135805,0.0,16384.0,1.0
71,cachebench,1100,3600,0.0,0.0,125.158203125,16384.005859375,0.07631550989909487,0.9236844901009051,16509.1640625,64190.8359375,0.24944899999999998,345.39166666666665,2.5666114969135805,0.0,16384.0,1.0
72,cachebench,1100,3600,0.0,0.0,98.9453125,16384.0107421875,0.07799924957995495,0.922000750420045,16482.9560546875,64217.0439453125,0.249446,345.39166666666665,2.5666114969135805,0.0,16384.0,1.0
73,cachebench,1100,3600,0.0,0.0,128.4228515625,16384.005859375,0.07684966467315961,0.9231503353268404,16512.4287109375,64187.5712890625,0.249448,345.39166666666665,2.5666114969135805,0.0,16384.0,1.0
74,cachebench,1100,3600,0.0,0.0,112.837890625,16384.0146484375,0.06904258547898903,0.930957414521011,16496.8525390625,64203.1474609375,0.249442,345.39166666666665,2.5666114969135805,0.0,16384.0,1.0
75,cachebench,1100,3600,0.0,0.0,128.6083984375,16384.0234375,0.06336921870005414,0.9366307812999458,16512.6318359375,64187.3681640625,0.249441,345.39166666666665,2.5666114969135805,0.0,16384.0,1.0
76,cachebench,1100,3600,0.0,0.0,16451.63671875,16384.0234375,0.24816171419006752,0.7518382858099325,32835.66015625,47864.33984375,0.246704,345.39166666666665,2.5666114969135805,0.0,16384.0,1.0
77,cachebench,1100,3600,0.0,0.0,60.3759765625,32768.013671875,0.2519636696170137,0.7480363303829862,32828.3896484375,48371.6103515625,0.24933899999999998,345.39166666666665,2.5666114969135805,0.0,32768.0,1.0
78,cachebench,1100,3600,0.0,0.0,77.232421875,32768.005859375,0.14443208508272876,0.8555679149172712,32845.23828125,48354.76171875,0.24934800000000001,345.39166666666665,2.5666114969135805,0.0,32768.0,1.0
79,cachebench,1100,3600,0.0,0.0,113.650390625,32768.0068359375,0.09270386875376382,0.9072961312462362,32881.6572265625,48318.3427734375,0.249327,345.39166666666665,2.5666114969135805,0.0,32768.0,1.0
80,cachebench,1100,3600,0.0,0.0,108.400390625,32768.0205078125,0.08172255506423425,0.9182774449357658,32876.4208984375,48323.5791015625,0.249327,345.39166666666665,2.5666114969135805,0.0,32768.0,1.0
81,cachebench,1100,3600,0.0,0.0,94.591796875,32768.005859375,0.08059076469556897,0.919409235304431,32862.59765625,48337.40234375,0.249354,345.39166666666665,2.5666114969135805,0.0,32768.0,1.0
82,cachebench,1100,3600,0.0,0.0,121.271484375,32768.005859375,0.07211699885565383,0.9278830011443462,32889.27734375,48310.72265625,0.249329,345.39166666666665,2.5666114969135805,0.0,32768.0,1.0
83,cachebench,1100,3600,0.0,0.0,121.927734375,32768.0146484375,0.07096836718790571,0.9290316328120943,32889.9423828125,48310.0576171875,0.249331,345.39166666666665,2.5666114969135805,0.0,32768.0,1.0
84,cachebench,1100,3600,0.0,0.0,137.09375,32768.005859375,0.06371278649283264,0.9362872135071674,32905.099609375,48294.900390625,0.249325,345.39166666666665,2.5666114969135805,0.0,32768.0,1.0
85,cachebench,1100,3600,0.0,0.0,32884.4296875,32768.05078125,0.2832569367529728,0.7167430632470272,65652.48046875,15547.51953125,0.242831,345.39166666666665,2.5666114969135805,0.0,32768.0,1.0
86,cachebench,1100,3600,0.0,0.0,97.1787109375,65536.0205078125,0.1144682131678905,0.8855317868321095,65633.19921875,24166.80078125,0.249373,345.39166666666665,2.5666114969135805,0.0,65536.0,1.0
87,cachebench,1100,3600,0.0,0.0,108.9501953125,65536.01953125,0.06988720054517934,0.9301127994548206,65644.9697265625,24155.0302734375,0.249369,345.39166666666665,2.5666114969135805,0.0,65536.0,1.0
88,cachebench,1100,3600,0.0,0.0,179.765625,65536.005859375,0.10374473106023736,0.8962552689397626,65715.771484375,24084.228515625,0.24938600000000002,345.39166666666665,2.5666114969135805,0.0,65536.0,1.0
89,cachebench,1100,3600,0.0,0.0,65677.486328125,65536.005859375,0.2566599477342716,0.7433400522657284,131213.4921875,0.0,0.241623,345.39166666666665,2.5666114969135805,0.0,65536.0,1.0
90,mixbench-cuda-alt,1100,3600,0.0,0.0,8283.139282226562,9248.020629882812,0.1155601624011242,0.8844398375988758,17531.159912109375,210468.84008789062,0.72285,345.39166666666665,2.5666114969135805,0.0,9248.0,7115.25
91,mixbench-cuda-alt,1100,3600,0.0,0.0,10321.49365234375,10272.034057617188,0.2011257009312251,0.7988742990687749,20593.527709960938,210406.47229003906,0.72483,345.39166666666665,2.5666114969135805,0.0,10272.0,7211.25
92,mixbench-cuda-alt,1100,3600,0.0,0.0,12374.642944335938,12320.015625,0.27168412592861535,0.7283158740713847,24694.658569335938,215305.34143066406,0.7237279999999999,345.39166666666665,2.5666114969135805,0.0,12320.0,7499.25
93,mixbench-cuda-alt,1100,3600,0.0,0.0,16474.30224609375,16416.002685546875,0.3550398230196554,0.6449601769803446,32890.304931640625,225109.69506835938,0.7262850000000001,345.39166666666665,2.5666114969135805,0.0,16416.0,8075.25
94,mixbench-cuda-alt,1100,3600,0.0,0.0,18529.220458984375,18464.000854492188,0.3786903407850577,0.6213096592149423,36993.22131347656,231006.77868652344,0.728154,345.39166666666665,2.5666114969135805,0.0,18464.0,8363.25
95,mixbench-cuda-alt,1100,3600,0.0,0.0,20583.081176757812,20512.024047851562,0.3974782533163964,0.6025217466836036,41095.105224609375,234904.89477539062,0.7296050000000001,345.39166666666665,2.5666114969135805,0.0,20512.0,8619.25
96,mixbench-cuda-alt,1100,3600,0.0,0.0,22637.998657226562,22560.008544921875,0.41549200792438706,0.5845079920756129,45198.00720214844,239801.99279785156,0.733043,345.39166666666665,2.5666114969135805,0.0,22560.0,8907.25
97,mixbench-cuda-alt,1100,3600,0.0,0.0,24701.87890625,24608.009033203125,0.4304668541313785,0.5695331458686215,49309.887939453125,246690.11206054688,0.733388,345.39166666666665,2.5666114969135805,0.0,24608.0,9259.25
98,mixbench-cuda-alt,1100,3600,0.0,0.0,28804.921264648438,28704.010864257812,0.4484736504034746,0.5515263495965255,57508.93212890625,254491.06787109375,0.7362390000000001,345.39166666666665,2.5666114969135805,0.0,28704.0,9739.25
99,mixbench-cuda-alt,1100,3600,0.0,0.0,32923.79406738281,32800.02404785156,0.47272841116452924,0.5272715888354708,65723.81811523438,264276.1818847656,0.736113,345.39166666666665,2.5666114969135805,0.0,32800.0,10315.25
100,mixbench-cuda-alt,1100,3600,0.0,0.0,37036.30603027344,36896.02917480469,0.49126145173820374,0.5087385482617963,73932.33520507812,274067.6647949219,0.735052,345.39166666666665,2.5666114969135805,0.0,36896.0,10859.25
101,mixbench-cuda-alt,1100,3600,0.0,0.0,32969.57458496094,32800.01904296875,0.633377868206757,0.366622131793243,65769.59362792969,295230.4063720703,0.736665,345.39166666666665,2.5666114969135805,0.0,32800.0,11291.25
102,mixbench-cuda-alt,1100,3600,0.0,0.0,8262.104248046875,9249.004760742188,0.12811550536017507,0.871884494639825,17511.109008789062,81388.89099121094,0.727358,345.39166666666665,2.5666114969135805,0.0,9248.0,63705.4443359375
103,mixbench-cuda-alt,1100,3600,0.0,0.0,10292.48583984375,10272.000732421875,0.22746060687027328,0.7725393931297267,20564.486572265625,85435.51342773438,0.725666,345.39166666666665,2.5666114969135805,0.0,10272.0,3315.375
104,mixbench-cuda-alt,1100,3600,0.0,0.0,12350.286376953125,12320.01123046875,0.29937366166509677,0.7006263383349032,24670.297607421875,99329.70239257812,0.729399,345.39166666666665,2.5666114969135805,0.0,12320.0,57220.458984375
105,mixbench-cuda-alt,1100,3600,0.0,0.0,16463.788452148438,16416.005737304688,0.3627647887048791,0.637235211295121,32879.794189453125,126120.20581054688,0.735274,345.39166666666665,2.5666114969135805,0.0,16416.0,49209.5947265625
106,mixbench-cuda-alt,1100,3600,0.0,0.0,18520.349487304688,18464.000854492188,0.38348902376684224,0.6165109762331578,36984.350341796875,139015.64965820312,0.735912,345.39166666666665,2.5666114969135805,0.0,18464.0,45013.427734375
107,mixbench-cuda-alt,1100,3600,0.0,0.0,20577.069580078125,20512.00732421875,0.40003019235926773,0.5999698076407323,41089.076904296875,151910.92309570312,0.737116,345.39166666666665,2.5666114969135805,0.0,20512.0,6019.375
108,mixbench-cuda-alt,1100,3600,0.0,0.0,22632.865112304688,22560.015869140625,0.41728683539453926,0.5827131646054607,45192.88098144531,164807.1190185547,0.736808,345.39166666666665,2.5666114969135805,0.0,22560.0,6571.375
109,mixbench-cuda-alt,1100,3600,0.0,0.0,24692.076049804688,24608.049194335938,0.43128971741279754,0.5687102825872025,49300.125244140625,180699.87475585938,0.736822,345.39166666666665,2.5666114969135805,0.0,24608.0,7179.375
110,mixbench-cuda-alt,1100,3600,0.0,0.0,28803.922973632812,28704.001831054688,0.4461442665468236,0.5538557334531764,57507.9248046875,204492.0751953125,0.739938,345.39166666666665,2.5666114969135805,0.0,28704.0,8179.375
111,mixbench-cuda-alt,1100,3600,0.0,0.0,32922.33837890625,32800.02600097656,0.47091043823710593,0.5290895617628941,65722.36437988281,231277.6356201172,0.737089,345.39166666666665,2.5666114969135805,0.0,32800.0,9275.375
112,mixbench-cuda-alt,1100,3600,0.0,0.0,37040.04455566406,36896.00146484375,0.4911156812639997,0.5088843187360004,73936.04602050781,257063.9539794922,0.735581,345.39166666666665,2.5666114969135805,0.0,36896.0,10339.375
113,mixbench-cuda-alt,1100,3600,0.0,0.0,32968.8291015625,32800.00537109375,0.6343061423863009,0.3656938576136991,65768.83447265625,295231.16552734375,0.736314,345.39166666666665,2.5666114969135805,0.0,32800.0,11291.375
114,mixbench-cuda-alt,1100,3600,0.0,0.0,16879.042114257812,18497.0380859375,0.3863326052574815,0.6136673947425185,35376.08020019531,72623.91979980469,0.602305,345.39166666666665,2.5666114969135805,0.0,18496.0,3379.5625
115,mixbench-cuda-alt,1100,3600,0.0,0.0,20959.603515625,20544.002685546875,0.38867175398579795,0.611328246014202,41503.606201171875,73496.39379882812,0.60217,345.39166666666665,2.5666114969135805,0.0,20544.0,3587.21875
116,mixbench-cuda-alt,1100,3600,0.0,0.0,24996.768188476562,24640.127685546875,0.41424182521226394,0.5857581747877361,49636.89587402344,79363.10412597656,0.60364,345.39166666666665,2.5666114969135805,0.0,24640.0,1.0
117,mixbench-cuda-alt,1100,3600,0.0,0.0,33174.011474609375,32832.06457519531,0.4506457114659383,0.5493542885340617,66006.07604980469,94993.92395019531,0.610603,345.39166666666665,2.5666114969135805,0.0,32832.0,1.0
118,mixbench-cuda-alt,1100,3600,0.0,0.0,37236.51220703125,36928.002197265625,0.464029380469875,0.535970619530125,74164.51440429688,103835.48559570312,0.612591,345.39166666666665,2.5666114969135805,0.0,36928.0,5571.21875
119,mixbench-cuda-alt,1100,3600,0.0,0.0,41305.55126953125,41024.06774902344,0.4752468439425724,0.5247531560574277,82329.61901855469,109670.38098144531,0.612699,345.39166666666665,2.5666114969135805,0.0,41024.0,5995.21875
120,mixbench-cuda-alt,1100,3600,0.0,0.0,45354.77746582031,45120.046630859375,0.4910324693914016,0.5089675306085983,90474.82409667969,118525.17590332031,0.613819,345.39166666666665,2.5666114969135805,0.0,45120.0,6531.21875
121,mixbench-cuda-alt,1100,3600,0.0,0.0,49443.688232421875,49216.062744140625,0.5053624611535552,0.4946375388464448,98659.7509765625,127340.2490234375,0.612842,345.39166666666665,2.5666114969135805,0.0,49216.0,7051.21875
122,mixbench-cuda-ro,1100,3600,0.0,0.0,128.160888671875,0.00018310546875,1.0,0.0,128.16107177734375,595.8389282226562,0.942457,345.39166666666665,2.5666114969135805,0.0,128.0,0.0
123,mixbench-cuda-ro,1100,3600,0.0,0.0,128.1395263671875,0.00018310546875,1.0,0.0,128.13970947265625,627.8602905273438,0.9484459999999999,345.39166666666665,2.5666114969135805,0.0,128.0,0.0
124,mixbench-cuda-ro,1100,3600,0.0,0.0,128.12814331054688,0.00018310546875,1.0,0.0,128.12832641601562,911.8716735839844,0.9496600000000001,345.39166666666665,2.5666114969135805,0.0,128.0,0.0
125,mixbench-cuda-ro,1100,3600,0.0,0.0,128.49795532226562,0.00018310546875,1.0,0.0,128.49813842773438,1431.5018615722656,0.9483809999999999,345.39166666666665,2.5666114969135805,0.0,128.0,0.0
126,mixbench-cuda-ro,1100,3600,0.0,0.0,128.39117431640625,0.00018310546875,1.0,0.0,128.391357421875,1651.608642578125,0.9466620000000001,345.39166666666665,2.5666114969135805,0.0,128.0,0.0
127,mixbench-cuda-ro,1100,3600,0.0,0.0,128.48330688476562,0.00018310546875,1.0,0.0,128.48348999023438,1941.5165100097656,0.9449799999999999,345.39166666666665,2.5666114969135805,0.0,128.0,0.0
128,mixbench-cuda-ro,1100,3600,0.0,0.0,128.43380737304688,0.000762939453125,1.0,0.0,128.4345703125,2161.5654296875,0.944208,345.39166666666665,2.5666114969135805,0.0,128.0,0.0
129,mixbench-cuda-ro,1100,3600,0.0,0.0,128.7232666015625,0.00018310546875,1.0,0.0,128.72344970703125,2451.2765502929688,0.945264,345.39166666666665,2.5666114969135805,0.0,128.0,0.0
130,mixbench-cuda-ro,1100,3600,0.0,0.0,129.069580078125,0.00018310546875,1.0,0.0,129.06976318359375,2960.9302368164062,0.944945,345.39166666666665,2.5666114969135805,0.0,128.0,0.0
131,mixbench-cuda-ro,1100,3600,0.0,0.0,128.96218872070312,0.00164794921875,1.0,0.0,128.96383666992188,3471.036163330078,0.9498700000000001,345.39166666666665,2.5666114969135805,0.0,128.0,0.0
132,mixbench-cuda-ro,1100,3600,0.0,0.0,129.1922607421875,0.00018310546875,1.0,0.0,129.19244384765625,3990.8075561523438,0.947707,345.39166666666665,2.5666114969135805,0.0,128.0,0.0
133,mixbench-cuda-ro,1100,3600,0.0,0.0,129.28079223632812,0.00018310546875,1.0,0.0,129.28097534179688,4500.719024658203,0.9436459999999999,345.39166666666665,2.5666114969135805,0.0,128.0,0.0
134,mixbench-cuda-ro,1100,3600,0.0,0.0,128.29367065429688,0.000244140625,1.0,0.0,128.29391479492188,495.7060852050781,0.941836,345.39166666666665,2.5666114969135805,0.0,128.0,52.0
135,mixbench-cuda-ro,1100,3600,0.0,0.0,128.409423828125,0.00018310546875,1.0,0.0,128.40960693359375,463.59039306640625,0.949119,345.39166666666665,2.5666114969135805,0.0,128.0,84.0
136,mixbench-cuda-ro,1100,3600,0.0,0.0,128.35360717773438,0.00018310546875,1.0,0.0,128.35379028320312,623.6462097167969,0.950606,345.39166666666665,2.5666114969135805,0.0,128.0,148.0
137,mixbench-cuda-ro,1100,3600,0.0,0.0,128.604248046875,0.00018310546875,1.0,0.0,128.60443115234375,881.3955688476562,0.9505709999999999,345.39166666666665,2.5666114969135805,0.0,128.0,276.0
138,mixbench-cuda-ro,1100,3600,0.0,0.0,128.3145751953125,0.00018310546875,1.0,0.0,128.31475830078125,971.6852416992188,0.949909,345.39166666666665,2.5666114969135805,0.0,128.0,340.0
139,mixbench-cuda-ro,1100,3600,0.0,0.0,128.1927490234375,0.00018310546875,1.0,0.0,128.19293212890625,1131.8070678710938,0.948667,345.39166666666665,2.5666114969135805,0.0,128.0,404.0
140,mixbench-cuda-ro,1100,3600,0.0,0.0,128.35040283203125,0.000274658203125,1.0,0.0,128.35067749023438,1231.6493225097656,0.947615,345.39166666666665,2.5666114969135805,0.0,128.0,468.0
141,mixbench-cuda-ro,1100,3600,0.0,0.0,128.45428466796875,0.00018310546875,1.0,0.0,128.4544677734375,1391.5455322265625,0.945157,345.39166666666665,2.5666114969135805,0.0,128.0,532.0
142,mixbench-cuda-ro,1100,3600,0.0,0.0,128.27325439453125,0.00018310546875,1.0,0.0,128.2734375,1651.7265625,0.9386,345.39166666666665,2.5666114969135805,0.0,128.0,660.0
143,mixbench-cuda-ro,1100,3600,0.0,0.0,128.62081909179688,0.00018310546875,1.0,0.0,128.62100219726562,1901.3789978027344,0.9365389999999999,345.39166666666665,2.5666114969135805,0.0,128.0,788.0
144,mixbench-cuda-ro,1100,3600,0.0,0.0,128.82894897460938,0.00018310546875,1.0,0.0,128.82913208007812,2161.170867919922,0.937109,345.39166666666665,2.5666114969135805,0.0,128.0,916.0
145,mixbench-cuda-ro,1100,3600,0.0,0.0,128.36746215820312,0.00018310546875,1.0,0.0,128.36764526367188,2411.632354736328,0.9374899999999999,345.39166666666665,2.5666114969135805,0.0,128.0,1044.0
146,mixbench-cuda-ro,1100,3600,0.0,0.0,256.6365661621094,0.00018310546875,1.0,0.0,256.6367492675781,367.3632507324219,0.947448,345.39166666666665,2.5666114969135805,0.0,256.0,0.0
147,mixbench-cuda-ro,1100,3600,0.0,0.0,256.8991394042969,0.00018310546875,1.0,0.0,256.8993225097656,335.1006774902344,0.942412,345.39166666666665,2.5666114969135805,0.0,256.0,0.0
148,mixbench-cuda-ro,1100,3600,0.0,0.0,257.12255859375,0.00018310546875,1.0,0.0,257.12274169921875,494.87725830078125,0.9390040000000001,345.39166666666665,2.5666114969135805,0.0,256.0,0.0
149,mixbench-cuda-ro,1100,3600,0.0,0.0,258.5718078613281,0.00018310546875,1.0,0.0,258.5719909667969,751.4280090332031,0.936524,345.39166666666665,2.5666114969135805,0.0,256.0,0.0
150,mixbench-cuda-ro,1100,3600,0.0,0.0,257.77880859375,0.00018310546875,1.0,0.0,257.77899169921875,842.2210083007812,0.934156,345.39166666666665,2.5666114969135805,0.0,256.0,0.0
151,mixbench-cuda-ro,1100,3600,0.0,0.0,258.7604064941406,0.00018310546875,1.0,0.0,258.7605895996094,1001.2394104003906,0.934582,345.39166666666665,2.5666114969135805,0.0,256.0,0.0
152,mixbench-cuda-ro,1100,3600,0.0,0.0,259.2477111816406,0.00018310546875,1.0,0.0,259.2478942871094,1100.7521057128906,0.9249729999999999,345.39166666666665,2.5666114969135805,0.0,256.0,0.0
153,mixbench-cuda-ro,1100,3600,0.0,0.0,258.9974365234375,0.000213623046875,1.0,0.0,258.9976501464844,1261.0023498535156,0.9178649999999999,345.39166666666665,2.5666114969135805,0.0,256.0,0.0
154,mixbench-cuda-ro,1100,3600,0.0,0.0,261.24810791015625,0.002166748046875,1.0,0.0,261.2502746582031,1518.7497253417969,0.924833,345.39166666666665,2.5666114969135805,0.0,256.0,0.0
155,mixbench-cuda-ro,1100,3600,0.0,0.0,261.89532470703125,0.00115966796875,1.0,0.0,261.896484375,1768.103515625,0.9163819999999999,345.39166666666665,2.5666114969135805,0.0,256.0,0.0
156,mixbench-cuda-ro,1100,3600,0.0,0.0,262.7901916503906,0.0042724609375,1.0,0.0,262.7944641113281,2027.2055358886719,0.956851,345.39166666666665,2.5666114969135805,0.0,256.0,0.0
157,mixbench-cuda-ro,1100,3600,0.0,0.0,263.7064514160156,0.0018310546875,1.0,0.0,263.7082824707031,2276.291717529297,0.9647530000000001,345.39166666666665,2.5666114969135805,0.0,256.0,0.0
158,shmembench,1100,3600,16.0,16.0,24.11260986328125,4.00018310546875,1.0,0.0,48.11279296875,79.88720703125,0.8753290000000001,345.39166666666665,2.5666114969135805,32.0,24.0,5.0
159,shmembench,1100,3600,26.0,26.0,24.07794189453125,4.00018310546875,1.0,0.0,60.578125,92.421875,0.887201,345.39166666666665,2.5666114969135805,52.0,24.0,5.0
160,shmembench,1100,3600,46.0,46.0,24.21722412109375,4.00018310546875,1.0,0.0,85.7174072265625,117.2825927734375,0.898897,345.39166666666665,2.5666114969135805,92.0,24.0,5.0
161,shmembench,1100,3600,86.0,86.0,24.166595458984375,4.00018310546875,1.0,0.0,135.66677856445312,167.33322143554688,0.93294,345.39166666666665,2.5666114969135805,172.0,24.0,5.0
162,shmembench,1100,3600,126.0,126.0,24.2215576171875,4.00018310546875,1.0,0.0,185.72174072265625,217.27825927734375,0.9498340000000001,345.39166666666665,2.5666114969135805,252.0,24.0,5.0
163,shmembench,1100,3600,166.0,166.0,24.424835205078125,4.00018310546875,1.0,0.0,235.92501831054688,267.0749816894531,0.958525,345.39166666666665,2.5666114969135805,332.0,24.0,5.0
164,shmembench,1100,3600,206.0,206.0,24.586212158203125,4.00018310546875,1.0,0.0,286.0863952636719,316.9136047363281,0.964111,345.39166666666665,2.5666114969135805,412.0,24.0,5.0
165,shmembench,1100,3600,246.0,246.0,24.619842529296875,4.000244140625,1.0,0.0,336.1200866699219,366.8799133300781,0.9680489999999999,345.39166666666665,2.5666114969135805,492.0,24.0,5.0
166,shmembench,1100,3600,286.0,286.0,24.7974853515625,4.00018310546875,1.0,0.0,386.29766845703125,416.70233154296875,0.971118,345.39166666666665,2.5666114969135805,572.0,24.0,5.0
167,shmembench,1100,3600,326.0,326.0,24.710601806640625,4.00018310546875,1.0,0.0,436.2107849121094,376.7892150878906,0.975138,345.39166666666665,2.5666114969135805,652.0,24.0,5.0
168,shmembench,1100,3600,646.0,646.0,25.43743896484375,4.000274658203125,1.0,0.0,836.9377136230469,683.0622863769531,0.9833370000000001,345.39166666666665,2.5666114969135805,1292.0,24.0,5.0
169,shmembench,1100,3600,32.0,32.0,48.09295654296875,8.0003662109375,1.0,0.0,96.09332275390625,42.90667724609375,0.8737,345.39166666666665,2.5666114969135805,64.0,48.0,16.0
170,shmembench,1100,3600,52.0,52.0,48.10833740234375,8.0003662109375,1.0,0.0,121.10870361328125,42.89129638671875,0.882882,345.39166666666665,2.5666114969135805,104.0,48.0,16.0
171,shmembench,1100,3600,92.0,92.0,48.22186279296875,8.0003662109375,1.0,0.0,171.22222900390625,42.77777099609375,0.9065200000000001,345.39166666666665,2.5666114969135805,184.0,48.0,16.0
172,shmembench,1100,3600,172.0,172.0,48.50634765625,8.0003662109375,1.0,0.0,271.5067138671875,42.4932861328125,0.940724,345.39166666666665,2.5666114969135805,344.0,48.0,16.0
173,shmembench,1100,3600,252.0,252.0,48.548095703125,8.0003662109375,1.0,0.0,371.5484619140625,42.4515380859375,0.9570000000000001,345.39166666666665,2.5666114969135805,504.0,48.0,16.0
174,shmembench,1100,3600,332.0,332.0,49.1358642578125,8.0003662109375,1.0,0.0,472.13623046875,41.86376953125,0.965333,345.39166666666665,2.5666114969135805,664.0,48.0,16.0
175,shmembench,1100,3600,412.0,412.0,48.48114013671875,8.00042724609375,1.0,0.0,571.4815673828125,42.5184326171875,0.9707379999999999,345.39166666666665,2.5666114969135805,824.0,48.0,16.0
176,shmembench,1100,3600,492.0,492.0,48.74334716796875,8.0003662109375,1.0,0.0,671.7437133789062,42.25628662109375,0.974627,345.39166666666665,2.5666114969135805,984.0,48.0,16.0
177,shmembench,1100,3600,572.0,572.0,48.7607421875,8.00054931640625,1.0,0.0,771.7612915039062,42.23870849609375,0.977147,345.39166666666665,2.5666114969135805,1144.0,48.0,16.0
178,shmembench,1100,3600,652.0,652.0,49.4078369140625,8.00115966796875,1.0,0.0,872.4089965820312,0.0,0.979374,345.39166666666665,2.5666114969135805,1304.0,48.0,16.0
179,shmembench,1100,3600,1292.0,1292.0,50.418212890625,8.0003662109375,1.0,0.0,1673.4185791015625,0.0,0.991084,345.39166666666665,2.5666114969135805,2584.0,48.0,16.0
180,shmembench,1100,3600,64.0,64.0,96.2149658203125,16.000732421875,1.0,0.0,192.2156982421875,0.0,0.44328500000000004,345.39166666666665,2.5666114969135805,128.0,96.0,38.0
181,shmembench,1100,3600,104.0,104.0,96.668701171875,16.000732421875,1.0,0.0,242.66943359375,0.0,0.44160600000000005,345.39166666666665,2.5666114969135805,208.0,96.0,38.0
182,shmembench,1100,3600,184.0,184.0,96.2598876953125,16.000732421875,1.0,0.0,342.2606201171875,0.0,0.46174899999999997,345.39166666666665,2.5666114969135805,368.0,96.0,38.0
183,shmembench,1100,3600,344.0,344.0,97.02197265625,16.000732421875,1.0,0.0,543.022705078125,0.0,0.472423,345.39166666666665,2.5666114969135805,688.0,96.0,38.0
184,shmembench,1100,3600,504.0,504.0,96.822509765625,16.000732421875,1.0,0.0,742.8232421875,0.0,0.47821499999999995,345.39166666666665,2.5666114969135805,1008.0,96.0,38.0
185,shmembench,1100,3600,664.0,664.0,98.48388671875,16.000732421875,1.0,0.0,944.484619140625,0.0,0.481941,345.39166666666665,2.5666114969135805,1328.0,96.0,38.0
186,shmembench,1100,3600,824.0,824.0,97.252685546875,16.000732421875,1.0,0.0,1143.25341796875,0.0,0.484388,345.39166666666665,2.5666114969135805,1648.0,96.0,38.0
187,shmembench,1100,3600,984.0,984.0,97.8389892578125,16.000732421875,1.0,0.0,1343.8397216796875,0.0,0.486467,345.39166666666665,2.5666114969135805,1968.0,96.0,38.0
188,shmembench,1100,3600,1144.0,1144.0,98.1546630859375,16.000732421875,1.0,0.0,1544.1553955078125,0.0,0.487804,345.39166666666665,2.5666114969135805,2288.0,96.0,38.0
189,shmembench,1100,3600,1304.0,1304.0,98.922607421875,16.000732421875,1.0,0.0,1744.92333984375,0.0,0.49145500000000003,345.39166666666665,2.5666114969135805,2608.0,96.0,38.0
190,shmembench,1100,3600,2584.0,2584.0,100.8355712890625,16.000732421875,1.0,0.0,3346.8363037109375,0.0,0.49514300000000006,345.39166666666665,2.5666114969135805,5168.0,96.0,38.0
