appName,coreF,memF,argNo,kernel,time/ms,blocks,warps,achieved_occupancy,sm_activity,warp_execution_efficiency,eligible_warps_per_cycle,branch_efficiency,cf_executed,gld_throughput,gld_transactions,gld_transactions_per_request,gst_throughput,gst_transactions,gst_transactions_per_request,global_hit_rate,dram_read_transactions,dram_read_throughput,dram_write_transactions,dram_write_throughput,l2_read_transactions,l2_read_throughput,l2_write_transactions,l2_write_throughput,shared_load_transactions,shared_load_throughput,shared_load_transactions_per_request,shared_store_transactions,shared_store_throughput,shared_store_transactions_per_request,l2_tex_read_throughput,l2_tex_read_transactions,l2_tex_write_throughput,l2_tex_write_throughput,tex_cache_hit_rate,tex_cache_throughput,tex_cache_transactions,flop_count_dp,flop_count_dp_fma,flop_count_sp,flop_count_sp_fma,flop_count_sp_special,inst_integer,inst_fp_32,inst_fp_64,inst_executed,inst_per_warp,executed_ipc
cusparse,1417,5005,input00,"void csrMm_hyb_core<float, int=7, int=6, int=4, int=1, bool=0>",64.277,(250 1 666) (8 16 1),666000.0,0.984581,0.9998,0.7970999999999999,0.348477,0.9738,114595290,89.933,319561452,8.871792,0.94223,1998000,4.000000,0.3931,129400318,60.005,12671629,5.8729,2442127668,1124.7,12654049,5.8645,72094500,131.84,0.986333,50116500,92.362,0.990132,1116.9,2441865541,5.818,5.7891,0.2286,439.39,953453592,0,0,6943889160,3216200580,0,1.3417e+10,3743672580,0,1112381172,1.6702e+03,0.347028
cusparse,1417,5005,input01,"void csrMm_hyb_core<float, int=7, int=6, int=4, int=1, bool=0>",59.497,(250 1 666) (8 16 1),666000.0,0.983231,0.9998,0.7873,0.357284,0.9734999999999999,112891662,87.609,288459252,8.838142,0.9965,1998000,4.000000,0.3918,115824969,57.808,12669567,6.3255,2255118315,1126.2,12654065,6.319,72094500,143.6,0.986333,50116500,100.12,0.990132,1118.4,2254812392,6.2883,6.319,0.21780000000000002,429.42,859824648,0,0,6302107584,2895309792,0,1.2561e+10,3422781792,0,1058257350,1.5890e+03,0.357798
cusparse,1417,5005,input02,"void csrMm_hyb_core<float, int=7, int=6, int=4, int=1, bool=0>",54.472,(250 1 666) (8 16 1),666000.0,0.981632,0.9998,0.7770999999999999,0.369340,0.9736,111126762,85.159,256342068,8.770405,1.0924,1998000,4.000000,0.39280000000000004,101889235,55.744,12668071,6.929,2059902409,1127.0,12654064,6.9207,72094500,156.78,0.986333,50116500,109.66,0.990132,1126.8,2059935863,6.9216,6.9216,0.20629999999999998,419.45,766787112,0,0,5663107224,2575809612,0,1.1709e+10,3103281612,0,1003638690,1.5070e+03,0.371734
cusparse,1417,5005,input03,"void csrMm_hyb_core<float, int=7, int=6, int=4, int=1, bool=0>",48.914,(250 1 666) (8 16 1),666000.0,0.979733,0.9997,0.7656999999999999,0.386868,0.9738,109349874,83.542,225069372,8.722885,1.2163,1998000,4.000000,0.3907,87094855,53.072,12665464,7.7141,1851605433,1128.0,12654064,7.7076,72094500,175.49,0.986333,50116500,122.14,0.990132,1127.9,1851392117,7.7076,7.7086,0.1948,410.05,673111548,0,0,5020878096,2254695048,0,1.0853e+10,2782167048,0,948760290,1.4246e+03,0.391292
cusparse,1417,5005,input04,"void csrMm_hyb_core<float, int=7, int=6, int=4, int=1, bool=0>",42.947,(125 1 666) (4 32 1),333000.0,0.985165,0.9995,0.7397,0.394019,0.9732,103832064,81.452,192946194,8.618701,1.3858,1998000,4.000000,0.39159999999999995,56824614,39.522,7332789,5.0869,1667666993,1157.0,7326061,5.0822,71012250,196.14,0.993015,49200750,136.56,0.996627,1157.1,1667490875,5.0832,5.0832,0.1602,393.72,575344746,0,0,4378648968,1933580484,0,9447086124,2461052484,0,856673136,2.5726e+03,0.402420
cusparse,1417,5005,input05,"void csrMm_hyb_core<float, int=7, int=6, int=4, int=1, bool=0>",36.686,(125 1 666) (4 32 1),333000.0,0.982949,0.9995999999999999,0.7236,0.430508,0.9734,102059838,80.445,160837002,8.480125,1.6307,1998000,4.000000,0.3883,38057266,31.035,7330235,5.9931,1427019448,1167.0,7326066,5.9903,71012250,229.43,0.993015,49200750,160.91,0.996627,1166.7,1426919479,5.9884,5.2499,0.14859999999999998,345.35,481797054,0,0,3737043216,1612777608,0,8591611788,2140249608,0,801881982,2.4081e+03,0.441134
cusparse,1417,5005,input06,"void csrMm_hyb_core<float, int=7, int=6, int=4, int=1, bool=0>",30.163,(125 1 666) (4 32 1),333000.0,0.980174,0.9995,0.7055,0.486655,0.9739,100260972,77.829,129365838,8.319471,1.9856,1998000,4.000000,0.3895,18742240,18.421,7326717,7.2001,1176550865,1158.7,7326043,7.2867,71012250,282.48,0.993015,49200750,195.72,0.996627,1169.9,1176442495,7.2848,7.2084,0.1356,386.47,388627650,0,0,3099561336,1294036668,0,7741635948,1821508668,0,747126126,2.2436e+03,0.499934
cusparse,1417,5005,input07,"void csrMm_hyb_core<float, int=7, int=6, int=4, int=1, bool=0>",23.369,(125 1 666) (4 32 1),333000.0,0.975159,0.9995,0.7537999999999999,0.366533,0.9562,52964982,98.318,112372182,9.331213,2.5071,1998000,4.000000,0.31120000000000003,6328520,8.1165,7238024,9.2862,884030952,1122.2,7326017,9.4706,28388250,146.33,0.982709,21228750,108.98,0.992218,1134.4,883842511,8.2115,8.7647,0.1597,330.68,295707330,0,0,2140185672,974188836,0,4928004396,1181980836,0,433681218,1.3023e+03,0.374792
cusparse,1417,5005,input08,"void csrMm_hyb_core<float, int=7, int=6, int=4, int=1, bool=0>",16.083,(125 1 666) (4 32 1),333000.0,0.968430,0.9995,0.7273999999999999,0.458929,0.9589,50996286,78.125,76095162,8.964146,3.689,1998000,4.000000,0.3093,3617222,6.7586,6002916,8.936,616817683,1125.3,7326031,10.911,28388250,208.98,0.982709,21228750,158.67,0.992218,1152.5,616788487,12.607,13.18,0.1409,378.34,202491306,0,0,1504398096,656295048,0,4080287628,864087048,0,376628994,1.1310e+03,0.470321
cusparse,1417,5005,input09,"void csrMm_hyb_core<float, int=7, int=6, int=4, int=1, bool=0>",8.2767,(63 1 666) (2 64 1),167832.0,0.968772,0.9987999999999999,0.6754000000000001,0.714284,0.9632,46387566,97.244,39276018,8.200946,6.1886,1998000,4.000000,0.3005,3039624,10.655,4350495,15.252,329446122,1127.2,4683341,13.528,28107864,393.21,0.994064,20853126,302.83,0.997992,1195.9,329424881,17.002,17.002,0.10400000000000001,316.77,106467426,0,0,865829304,336243420,0,2920802940,545569884,0,298332702,1.7776e+03,0.725422
cusparse,1417,5005,input10,"void csrMm_hyb_core<float, int=7, int=6, int=4, int=1, bool=0>",6.9695,(63 1 666) (2 64 1),167832.0,0.963447,0.9987,0.7243,0.493853,0.9389,25029612,133.42,31700934,7.950393,7.4394,1998000,4.000000,0.0158,2777468,11.398,4139102,16.988,270317581,1109.4,4683341,19.22,10653336,183.21,0.984490,8769222,120.55,0.995238,1085.3,270317339,20.173,20.175,0.09269999999999999,377.62,87634278,0,0,609773616,272663064,0,1892043396,353094552,0,173937888,1.0364e+03,0.501740
cusparse,1417,5005,input11,"void csrMm_hyb_core<float, int=7, int=6, int=4, int=1, bool=0>",5.2382,(63 1 666) (2 64 1),167832.0,0.960891,0.9984999999999999,0.7132,0.617674,0.9428,24547428,123.1,24508134,7.592119,10.562,1998000,4.000000,0.05,2565664,14.59,3950800,22.448,206319322,1173.5,4683328,26.646,10653336,242.36,0.984490,8769222,159.25,0.995238,1118.6,206257462,23.496,26.003,0.095,356.86,68741190,0,0,481757760,208655136,0,1721347596,289086624,0,161687484,963.388889,0.615916
cusparse,1417,5005,input12,"void csrMm_hyb_core<float, int=7, int=6, int=4, int=1, bool=0>",3.5073,(63 1 666) (2 64 1),167832.0,0.962075,0.9982,0.7061,0.866023,0.955,23724918,112.77,17110206,7.126491,14.681,1998000,4.000000,0.1783,2340613,18.402,3756072,29.528,138902030,1091.6,4683328,36.805,10546776,344.89,0.984336,8689302,235.35,0.995195,940.4,138880054,31.719,31.726,0.1151,336.86,49710906,0,0,352351296,144335520,0,1543936518,223999776,0,147463056,878.634921,0.839391
cusparse,1417,5005,input13,"void csrMm_hyb_core<float, int=7, int=6, int=4, int=1, bool=0>",1.8378,(63 1 666) (2 64 1),167832.0,0.962597,0.9973000000000001,0.72,1.337395,0.9666,18315000,91.24,10073250,6.584676,25.899,1998000,4.000000,0.3013,2162925,29.876,3555862,49.127,71543065,1131.1,4683331,75.093,7243416,464.43,0.977354,6211782,397.53,0.993291,926.9,71538410,60.706,60.708,0.1634,400.51,30929706,0,0,199520280,79812108,0,1191228912,135692172,0,110217006,656.710317,1.197660
cusparse,1417,5005,input14,"void csrMm_hyb_core<float, int=7, int=6, int=4, int=1, bool=0>",1.051,(63 1 666) (2 64 1),167832.0,0.962079,0.9956999999999999,0.7595000000000001,2.012182,0.9712000000000001,13416570,83.946,5661666,5.509397,47.156,1998000,4.000000,0.3718,2058186,48.577,3422957,80.812,37185447,877.78,4683331,110.42,4046616,382.18,0.960177,3814182,360.2,0.989119,877.67,37178662,110.59,110.59,0.2372,478.26,20256390,0,0,112623264,47872080,0,931688046,80735184,0,79782138,475.369048,1.515638
cusparse,1417,5005,input15,"void csrMm_hyb_core<float, int=7, int=6, int=4, int=1, bool=0>",1668.0,(1750 1 1597) (16 8 1),11179000.0,0.991348,1.0,0.8432999999999999,0.253607,0.9883,1622101071,61.145,6802951011,9.289862,0.36335,20413750,5.000000,0.4851,2946945969,51.227,142906121,2.4959,5.9491e+10,1031.0,167557739,2.5928,1077846000,75.064,0.988764,712439875,49.973,0.991477,1046.0,5.9485e+10,2.6403,2.6599,0.1195,337.5,2.0177e+10,0,0,1.4521e+11,6.8683e+10,0,2.4720e+11,7.6620e+10,0,1.9096e+10,2.3386e+03,0.252552
cusparse,1417,5005,input16,"void csrMm_hyb_core<float, int=7, int=6, int=4, int=1, bool=0>",1564.03,(1750 1 1597) (16 8 1),11179000.0,0.990499,1.0,0.8334,0.258483,0.988,1586314018,59.595,6128263742,9.275332,0.39482,20413750,5.000000,0.4855,2659438772,49.838,142904699,2.6776,5.4535e+10,1034.8,168984922,2.8284,1077846000,81.3,0.988764,712439875,54.523,0.991477,1040.3,5.4530e+10,2.8899,2.8964,0.11349999999999999,340.43,1.8177e+10,0,0,1.3148e+11,6.1823e+10,0,2.2891e+11,6.9759e+10,0,1.7950e+10,2.1983e+03,0.258991
cusparse,1417,5005,input17,"void csrMm_hyb_core<float, int=7, int=6, int=4, int=1, bool=0>",1411.71,(1750 1 1597) (16 8 1),11179000.0,0.989489,1.0,0.8219,0.266034,0.9876999999999999,1550626117,60.904,5450445587,9.248183,0.453,20413750,5.000000,0.48590000000000005,2371925430,48.793,142904040,2.9402,4.9374e+10,1096.9,165566284,3.1274,1077846000,94.908,0.988764,712439875,62.835,0.991477,1085.4,4.9369e+10,3.336,3.3332,0.1076,353.22,1.6175e+10,0,0,1.1776e+11,5.4962e+10,0,2.1061e+11,6.2898e+10,0,1.6809e+10,2.0585e+03,0.268138
cusparse,1417,5005,input18,"void csrMm_hyb_core<float, int=7, int=6, int=4, int=1, bool=0>",1192.58,(875 1 1597) (8 16 1),5589500.0,0.993101,1.0,0.8044,0.267568,0.9869,1455726676,60.678,4769019447,9.226723,0.3109,12248250,4.000000,0.4854,2068950901,47.823,77578387,1.7928,4.4147e+10,1115.0,95633885,1.803,1062535687,106.28,0.994269,699170937,69.964,0.995640,1105.6,4.4142e+10,1.9399,1.9437,0.09609999999999999,328.56,1.4123e+10,0,0,1.0403e+11,4.8095e+10,0,1.8510e+11,5.6032e+10,0,1.5150e+10,3.7107e+03,0.271343
cusparse,1417,5005,input19,"void csrMm_hyb_core<float, int=7, int=6, int=4, int=1, bool=0>",1037.82,(875 1 1597) (8 16 1),5589500.0,0.992160,1.0,0.7885,0.281423,0.9865,1419957120,60.096,4093426974,9.191341,0.35667000000000004,12248250,4.000000,0.4851,1781316231,51.253,77576810,2.2091,3.8528e+10,1103.1,93631316,2.2128,1062535687,121.69,0.994269,699170937,80.054,0.995640,1103.4,3.8525e+10,2.2314,2.2296,0.0908,331.84,1.2124e+10,0,0,9.0322e+10,4.1242e+10,0,1.6682e+11,4.9178e+10,0,1.4006e+10,3.4304e+03,0.287556
cusparse,1417,5005,input20,"void csrMm_hyb_core<float, int=7, int=6, int=4, int=1, bool=0>",877.41,(875 1 1597) (8 16 1),5589500.0,0.990918,1.0,0.7696999999999999,0.302632,0.986,1384418531,59.344,3410921822,9.115399,0.42057,12248250,4.000000,0.4849,1494036027,50.453,77575960,2.549,3.2697e+10,1121.3,95405975,2.4401,1062535687,144.23,0.994269,699170937,95.113,0.995640,1104.2,3.2694e+10,2.6431,2.6263,0.0857,340.08,1.0129e+10,0,0,7.6639e+10,3.4400e+10,0,1.4858e+11,4.2337e+10,0,1.2867e+10,3.1516e+03,0.311283
cusparse,1417,5005,input21,"void csrMm_hyb_core<float, int=7, int=6, int=4, int=1, bool=0>",718.49,(875 1 1597) (8 16 1),5589500.0,0.989271,1.0,0.7473000000000001,0.336033,0.9856,1348550989,58.332,2733794235,9.037258,0.51785,12248250,4.000000,0.4844,1205218363,46.576,77574847,3.3565,2.6631e+10,1111.2,91474110,3.228,1062535687,176.4,0.994269,699170937,116.76,0.995640,1104.0,2.6628e+10,3.2391,3.2457,0.0808,313.76,8124806647,0,0,6.2898e+10,2.7529e+10,0,1.3026e+11,3.5466e+10,0,1.1720e+10,2.8706e+03,0.348059
cusparse,1417,5005,input22,"void csrMm_hyb_core<float, int=7, int=6, int=4, int=1, bool=0>",535.42,(875 1 1597) (8 16 1),5589500.0,0.986000,1.0,0.8009999999999999,0.268568,0.9734,708115659,68.467,2055766110,8.889871,0.6942699999999999,12248250,4.000000,0.39299999999999996,922932243,53.198,77573598,3.9814,1.9981e+10,1113.0,86852678,3.9833,441957687,98.439,0.986333,307226937,68.239,0.990132,1103.2,1.9978e+10,4.2692,4.2757,0.0935,314.42,6126790452,0,0,4.4497e+10,2.0681e+10,0,8.4822e+10,2.3914e+10,0,6986566276,1.7112e+03,0.275677
cusparse,1417,5005,input23,"void csrMm_hyb_core<float, int=7, int=6, int=4, int=1, bool=0>",360.64,(875 1 1597) (8 16 1),5589500.0,0.981384,0.9998999999999999,0.7653,0.322684,0.9734999999999999,670601019,68.024,1379070128,8.706753,0.9909,12248250,4.000000,0.39159999999999995,630809536,53.742,77572424,5.818,1.3678e+10,1135.1,92119111,5.912,441957687,143.35,0.986333,307226937,103.89,0.990132,1105.9,1.3676e+10,6.3162,6.3023,0.0849,342.67,4127691745,0,0,3.0787e+10,1.3826e+10,0,6.6540e+10,1.7059e+10,0,5819764153,1.4255e+03,0.335513
cusparse,1417,5005,input24,"void csrMm_hyb_core<float, int=7, int=6, int=4, int=1, bool=0>",179.21,(438 1 1597) (4 32 1),2797944.0,0.980988,0.9998999999999999,0.6958,0.475855,0.9747,609439091,69.351,697541337,8.234116,1.9567,12248250,3.995434,0.3883,322047670,53.651,44944532,7.4729,7036194764,1146.8,60269468,7.4403,435820731,281.18,0.993015,301957857,197.4,0.996627,1122.3,7035500342,7.242,7.2401,0.0721,343.49,2099245065,0,0,1.7056e+10,6958188831,0,4.4888e+10,1.0195e+10,0,4413193787,2.1594e+03,0.498166
cusparse,1417,5005,input25,"void csrMm_hyb_core<float, int=7, int=6, int=4, int=1, bool=0>",145.55,(438 1 1597) (4 32 1),2797944.0,0.977058,0.9998999999999999,0.7478,0.343683,0.9554,323108835,90.051,645361459,9.250987,2.4186,12248250,3.995434,0.3102,268655924,55.164,44944293,9.2229,5709136961,1158.4,54257969,9.1754,174226107,138.61,0.982709,130286385,105.9,0.992218,1125.4,5708590790,8.963,9.0133,0.07780000000000001,348.06,1700269403,0,0,1.2349e+10,5585698929,0,2.9195e+10,6860860737,0,2595343517,1.2699e+03,0.358680
cusparse,1417,5005,input26,"void csrMm_hyb_core<float, int=7, int=6, int=4, int=1, bool=0>",110.42,(438 1 1597) (4 32 1),2797944.0,0.973860,0.9998999999999999,0.7293999999999999,0.409148,0.9579000000000001,314357752,90.212,485725934,8.948979,3.2494,12248250,3.995434,0.30820000000000003,204632694,55.34,44943358,12.157,4319498795,1161.3,62881388,12.08,174226107,182.35,0.982709,130286385,139.73,0.992218,1132.2,4319072945,11.948,11.839,0.07690000000000001,348.42,1296641739,0,0,9596916816,4209870504,0,2.5526e+10,5485032312,0,2346588558,1.1482e+03,0.427632
cusparse,1417,5005,input27,"void csrMm_hyb_core<float, int=7, int=6, int=4, int=1, bool=0>",73.993,(219 1 1597) (2 64 1),1398972.0,0.973454,0.9997,0.6908,0.516933,0.9592,288322638,92.806,330185990,8.563213,4.9165,12248250,3.995434,0.30519999999999997,124531434,50.297,28590256,11.622,2917539455,1179.7,45001568,11.53,171160545,275.5,0.994065,126965359,204.37,0.997992,1172.2,2917272181,11.511,11.491,0.0692,355.69,882414089,0,0,6861581634,2842202913,0,1.9911e+10,4117364721,0,1968726546,1.9266e+03,0.538889
cusparse,1417,5005,input28,"void csrMm_hyb_core<float, int=7, int=6, int=4, int=1, bool=0>",38.537,(219 1 1597) (2 64 1),1398972.0,0.968759,0.9997,0.7149,0.521805,0.9395,151366206,129.11,172132239,7.696396,9.4436,12248250,3.995434,0.0276,38599706,29.733,28581680,22.092,1528171112,1178.3,41437189,22.053,64887729,200.54,0.984496,53391871,163.76,0.995238,1180.6,1527997157,22.042,22.031,0.054000000000000006,352.1,478263833,0,0,3330278178,1468943121,0,1.1017e+10,1959321057,0,1028990647,1.0070e+03,0.536230
cusparse,1417,5005,input29,"void csrMm_hyb_core<float, int=7, int=6, int=4, int=1, bool=0>",19.756,(219 1 1597) (2 64 1),1398972.0,0.966485,0.9995999999999999,0.7012,0.922391,0.9598,144339210,106.84,92831236,6.851571,18.423,12248250,3.995434,0.2305,20121358,30.257,27192603,41.396,766985516,1151.7,41118684,42.069,64887729,391.71,0.984496,53391871,322.87,0.995238,1155.2,766904876,42.689,42.767,0.099,416.55,275449144,0,0,1958250210,782929137,0,9185912206,1273307073,0,885309342,866.375571,0.901892
groupspgemm,1417,5005,input00,"void sparse_dense_groupcoo_mat_mul_kernel<int=128, int=4>",27.786,(1000 32 1) (128 1 1),128000.0,0.995771,0.9992,1.0,3.390212,1.0,548696988,449.45,766956696,8.023045,2.3367,2000000,4.000000,0.4999,18930111,22.088,2006259,2.3395,383652363,446.65,2000031,2.3209,393209500,1823.6,1.000000,5183424,24.066,0.841587,443.78,383557868,2.3171,2.3134,0.4999,440.55,382256108,0,0,6406840000,0,0,6.3134e+10,6406840000,0,3462819194,2.7053e+04,2.666288
groupspgemm,1417,5005,input01,"void sparse_dense_groupcoo_mat_mul_kernel<int=128, int=4>",23.81,(1000 32 1) (128 1 1),128000.0,0.995675,0.9993000000000001,1.0,3.395387,1.0,494279033,439.94,695090616,8.021216,2.5285,2000000,4.000000,0.4999,17238316,21.831,2004561,2.536,347708984,439.72,2000046,2.5285,354400375,1793.3,1.000000,4591680,23.223,0.849294,439.52,347620988,2.5267,2.5295,0.4999,438.45,346510460,0,0,5764416000,0,0,5.7017e+10,5764416000,0,3125301745,2.4416e+04,2.666316
groupspgemm,1417,5005,input02,"void sparse_dense_groupcoo_mat_mul_kernel<int=128, int=4>",21.14,(1000 32 1) (128 1 1),128000.0,0.995653,0.9992,1.0,3.395841,1.0,440164875,442.24,622888016,8.019969,2.8396,2000000,4.000000,0.5,15585466,22.138,2002728,2.8443,311514048,442.6,2000016,2.8405,315666625,1794.1,1.000000,4159168,23.639,0.843987,442.06,311436344,2.8405,2.8443,0.5,441.24,310548152,0,0,5124776000,0,0,5.0901e+10,5124776000,0,2788758167,2.1787e+04,2.666063
groupspgemm,1417,5005,input03,"void sparse_dense_groupcoo_mat_mul_kernel<int=128, int=4>",18.611,(1000 32 1) (128 1 1),128000.0,0.995575,0.9991,1.0,3.395237,1.0,385625522,443.32,548914312,8.017303,3.2308,2000000,4.000000,0.5001,13981438,22.625,2000740,3.2354,274493186,444.02,2000048,3.2345,276573375,1789.6,1.000000,3732032,24.148,0.836220,443.92,274424500,3.2345,3.2345,0.5001,442.82,273749620,0,0,4481904000,0,0,4.4704e+10,4481904000,0,2448154808,1.9126e+04,2.672522
groupspgemm,1417,5005,input04,"void sparse_dense_groupcoo_mat_mul_kernel<int=128, int=4>",15.996,(1000 32 1) (128 1 1),128000.0,0.995472,0.9992,1.0,3.393286,1.0,330745167,444.39,473676144,8.012478,3.7523,2000000,4.000000,0.5001,12321437,23.104,1998618,3.7234,236852603,446.74,2000050,3.5949,237329375,1783.9,1.000000,3103744,23.46,0.851943,447.11,236792856,3.7784,3.7784,0.5001,446.62,236348088,0,0,3839032000,0,0,3.8453e+10,3839032000,0,2104159803,1.6439e+04,2.675833
groupspgemm,1417,5005,input05,"void sparse_dense_groupcoo_mat_mul_kernel<int=128, int=4>",13.444,(1000 32 1) (128 1 1),128000.0,0.995400,0.9990000000000001,1.0,3.390403,1.0,276167853,445.28,397527616,8.009079,4.4815,2000000,4.000000,0.5002,10813159,24.246,1996395,4.4731,198723539,445.39,2000035,4.0606,197982750,1750.3,1.000000,2790848,25.018,0.826422,445.26,198673520,4.4815,4.4815,0.5002,444.74,198419248,0,0,3196784000,0,0,3.2172e+10,3196784000,0,1760240917,1.3752e+04,2.674603
groupspgemm,1417,5005,input06,"void sparse_dense_groupcoo_mat_mul_kernel<int=128, int=4>",10.737,(1000 32 1) (128 1 1),128000.0,0.995242,0.9989,1.0,3.385294,1.0,221467375,447.01,320654432,8.002464,5.5796,2000000,4.000000,0.5004,9220973,25.745,1993461,5.5609,160251549,447.12,2000027,4.8475,158744375,1756.3,1.000000,2237888,24.977,0.832548,447.01,160211520,5.5796,5.5796,0.5004,446.9,160153440,0,0,2558664000,0,0,2.5876e+10,2558664000,0,1414871832,1.1054e+04,2.673407
groupspgemm,1417,5005,input07,"void sparse_dense_groupcoo_mat_mul_kernel<int=128, int=4>",8.252,(1000 32 1) (128 1 1),128000.0,0.994925,0.9987,1.0,3.375381,1.0,166388351,450.08,242472520,7.991874,7.4329,2000000,4.000000,0.5006,7665418,28.471,1988731,7.3919,121115560,450.25,2000026,7.4338,119241250,1737.3,1.000000,1627488,24.203,0.855578,450.11,121086468,7.4338,7.4338,0.5006,450.75,121244612,0,0,1918328000,0,0,1.9517e+10,1918328000,0,1066053122,8.3285e+03,2.670618
groupspgemm,1417,5005,input08,"void sparse_dense_groupcoo_mat_mul_kernel<int=128, int=4>",6.2409,(1000 32 1) (128 1 1),128000.0,0.994297,0.9982,1.0,3.352643,1.0,111974964,443.32,163566360,7.969050,10.864,2000000,4.000000,0.5011,6227864,33.842,1982773,10.769,81631315,443.37,2000016,9.5712,79831125,1665.6,1.000000,1404928,30.929,0.785178,449.05,81610636,11.005,11.004,0.501,451.18,81978508,0,0,1281904000,0,0,1.3161e+10,1281904000,0,719470380,5.6209e+03,2.663912
groupspgemm,1417,5005,input09,"void sparse_dense_groupcoo_mat_mul_kernel<int=128, int=4>",2.9159,(1000 32 1) (128 1 1),128000.0,0.992554,0.9972,1.0,3.259904,1.0,56476250,431.92,82952952,7.904531,20.929,2000000,4.000000,0.5025,4510768,38.433,1973913,16.867,41284243,352.93,2000016,17.097,40004250,1368.9,1.000000,736000,25.28,0.821429,412.84,41271500,17.173,17.175,0.5024000000000001,359.36,41850988,0,0,641160000,0,0,6701174400,641160000,0,365635365,2.8565e+03,2.636098
groupspgemm,1417,5005,input10,"void sparse_dense_groupcoo_mat_mul_kernel<int=128, int=4>",2.8555,(1000 32 1) (128 1 1),128000.0,0.991924,0.9963,1.0,3.233715,1.0,45602875,411.24,66792584,7.877185,24.787,2000000,4.000000,0.5033,4186634,51.901,1971865,24.445,33188413,411.32,2000013,24.8,32073875,1350.5,1.000000,700064,31.782,0.781321,376.52,33179092,22.696,22.691,0.5031,383.66,33803700,0,0,513872000,0,0,5417322880,513872000,0,295781435,2.3108e+03,2.618855
groupspgemm,1417,5005,input11,"void sparse_dense_groupcoo_mat_mul_kernel<int=128, int=4>",2.0082,(1000 32 1) (128 1 1),128000.0,0.990818,0.9956999999999999,1.0,3.134009,1.0,34618625,401.2,50467592,7.822137,32.07,2000000,4.000000,0.5043,3862673,61.999,1969466,31.613,25023296,339.26,2000013,27.12,24084125,1305.9,1.000000,672256,36.456,0.750286,339.12,25016148,27.12,27.116,0.504,348.16,25680660,0,0,385728000,0,0,4121465120,385728000,0,225315209,1.7603e+03,2.582351
groupspgemm,1417,5005,input12,"void sparse_dense_groupcoo_mat_mul_kernel<int=128, int=4>",1.5615,(1000 32 1) (128 1 1),128000.0,0.988436,0.9954999999999999,1.0,3.194394,1.0,23575750,322.37,34019760,7.728444,38.405,2000000,4.000000,0.5067,3439494,66.059,1966429,37.785,16789516,322.47,2000016,38.438,16050250,1233.3,1.000000,635776,48.843,0.709571,322.34,16783304,37.886,37.877,0.506,331.52,17492360,0,0,256960000,0,0,2817898400,256960000,0,154403320,1.2063e+03,2.350722
groupspgemm,1417,5005,input13,"void sparse_dense_groupcoo_mat_mul_kernel<int=128, int=4>",0.7813,(1000 32 1) (128 1 1),128000.0,0.984371,0.9941,1.0,2.647350,1.0,12506000,324.69,17471752,7.447068,65.574,2000000,4.000000,0.5131,2750073,90.297,1960848,64.415,8511158,279.22,2000013,65.698,7984000,1046.9,1.000000,608000,79.918,0.678571,279.19,8507668,65.662,65.577,0.5106,303.98,9248180,0,0,127784000,0,0,1508831360,127784000,0,83246875,650.366211,2.123906
groupspgemm,1417,5005,input14,"void sparse_dense_groupcoo_mat_mul_kernel<int=128, int=4>",0.5205700000000001,(1000 32 1) (128 1 1),128000.0,0.978637,0.9912000000000001,1.0,2.285748,1.0,7012125,252.05,9282200,6.878888,102.31,2000000,4.000000,0.5232,2031061,104.21,1956123,100.16,4428119,228.18,2000013,104.75,3989875,834.58,1.000000,608000,127.37,0.678571,231.3,4425468,104.64,104.57,0.5162,272.19,5194844,0,0,63840000,0,0,858641600,63840000,0,48022500,375.175781,2.093947
groupspgemm,1417,5005,input15,"void sparse_dense_groupcoo_mat_mul_kernel<int=128, int=4>",1372.0900000000001,(3500 110 1) (128 1 1),1540000.0,0.999645,1.0,0.9989,2.860639,1.0,2.3480e+10,344.31,3.2801e+10,8.024072,0.5312,24500000,3.995434,0.4997,1.0023e+10,214.97,24509792,0.54455,1.6415e+10,347.93,52341792,0.54073,1.6859e+10,1429.7,1.000000,205901960,17.795,0.853937,345.71,1.6410e+10,0.5312,0.52738,0.4997,351.09,1.6332e+10,0,0,2.7438e+11,0,0,2.6972e+12,2.7438e+11,0,1.4809e+11,9.6160e+04,2.337278
groupspgemm,1417,5005,input16,"void sparse_dense_groupcoo_mat_mul_kernel<int=128, int=4>",1275.8899999999999,(3500 110 1) (128 1 1),1540000.0,0.999640,1.0,0.9989,2.885029,1.0,2.1160e+10,343.13,2.9736e+10,8.023484,0.5798300000000001,24500000,3.995434,0.4997,9117745499,212.72,24508231,0.5884199999999999,1.4881e+10,343.76,26631109,0.5874600000000001,1.5200e+10,1408.8,1.000000,185587930,17.318,0.853808,346.06,1.4876e+10,0.58174,0.58079,0.4997,346.1,1.4807e+10,0,0,2.4693e+11,0,0,2.4362e+12,2.4693e+11,0,1.3369e+11,8.6811e+04,2.349515
groupspgemm,1417,5005,input17,"void sparse_dense_groupcoo_mat_mul_kernel<int=128, int=4>",1136.64,(3500 110 1) (128 1 1),1540000.0,0.999634,0.9998999999999999,0.9989,2.860785,1.0,1.8835e+10,346.56,2.6626e+10,8.023114,0.65231,24500000,3.995434,0.4997,8196293928,212.85,24507050,0.65804,1.3324e+10,347.83,28477472,0.6599400000000001,1.3534e+10,1411.8,1.000000,165531190,17.345,0.852969,347.94,1.3320e+10,0.65422,0.65327,0.4997,353.89,1.3258e+10,0,0,2.1949e+11,0,0,2.1734e+12,2.1949e+11,0,1.1921e+11,7.7407e+04,2.350182
groupspgemm,1417,5005,input18,"void sparse_dense_groupcoo_mat_mul_kernel<int=128, int=4>",994.99,(3500 110 1) (128 1 1),1540000.0,0.999594,0.9998999999999999,0.9989,2.850840,1.0,1.6501e+10,349.68,2.3464e+10,8.021639,0.7495900000000001,24500000,3.995434,0.4997,7188875744,215.68,24505562,0.7705700000000001,1.1742e+10,353.71,28397997,0.7705700000000001,1.1862e+10,1422.3,1.000000,145456630,17.731,0.851920,351.8,1.1738e+10,0.7495900000000001,0.74863,0.4997,356.96,1.1686e+10,0,0,1.9202e+11,0,0,1.9085e+12,1.9202e+11,0,1.0462e+11,6.7937e+04,2.288266
groupspgemm,1417,5005,input19,"void sparse_dense_groupcoo_mat_mul_kernel<int=128, int=4>",850.31,(3500 110 1) (128 1 1),1540000.0,0.999579,0.9998999999999999,0.9989,2.796197,1.0,1.4165e+10,348.84,2.0260e+10,8.020008,0.8630800000000001,24500000,3.995434,0.49979999999999997,6244325813,218.11,24504029,0.87929,1.0138e+10,350.41,49279589,0.87833,1.0186e+10,1408.4,1.000000,125290220,17.505,0.851053,352.03,1.0135e+10,0.86594,0.8688,0.49979999999999997,351.05,1.0092e+10,0,0,1.6460e+11,0,0,1.6421e+12,1.6460e+11,0,8.9977e+10,5.8427e+04,2.341367
groupspgemm,1417,5005,input20,"void sparse_dense_groupcoo_mat_mul_kernel<int=128, int=4>",732.66,(3500 110 1) (128 1 1),1540000.0,0.999552,0.9998999999999999,0.9989,2.875332,1.0,1.1827e+10,341.56,1.7016e+10,8.019000,0.9909,24500000,3.995434,0.49979999999999997,5236658838,220.6,24502462,1.004,8514098210,345.14,29572929,1.0161,8507623524,1370.9,1.000000,104686010,17.353,0.851598,348.36,8511389980,1.0002,0.9928,0.49979999999999997,356.12,8476850310,0,0,1.3723e+11,0,0,1.3743e+12,1.3723e+11,0,7.5263e+10,4.8872e+04,2.305100
groupspgemm,1417,5005,input21,"void sparse_dense_groupcoo_mat_mul_kernel<int=128, int=4>",579.17,(3500 110 1) (128 1 1),1540000.0,0.999537,0.9998999999999999,0.9989,2.879763,1.0,9472524346,348.94,1.3709e+10,8.017000,1.247,24500000,3.995434,0.4999,4168091198,204.59,24500181,1.288,6858345969,354.46,27968233,1.2629,6815898894,1414.5,1.000000,84051220,17.648,0.852100,351.52,6856235250,1.2638,1.2647,0.4999,353.41,6830695450,0,0,1.0974e+11,0,0,1.1034e+12,1.0974e+11,0,6.0396e+10,3.9218e+04,2.282667
groupspgemm,1417,5005,input22,"void sparse_dense_groupcoo_mat_mul_kernel<int=128, int=4>",435.02,(3500 110 1) (128 1 1),1540000.0,0.999439,0.9998999999999999,0.9989,2.737222,1.0,7120834798,353.45,1.0365e+10,8.013556,1.6531,24500000,3.995434,0.4999,3209881468,221.2,24498471,1.6866,5184938663,347.55,43374694,1.6764,5123700786,1363.5,1.000000,64199190,17.568,0.848416,342.92,5183324860,1.6382,1.6456,0.4999,356.39,5166415000,0,0,8.2344e+10,0,0,8.3157e+11,8.2344e+10,0,4.5493e+10,2.9541e+04,2.217104
groupspgemm,1417,5005,input23,"void sparse_dense_groupcoo_mat_mul_kernel<int=128, int=4>",295.38,(3500 110 1) (128 1 1),1540000.0,0.999304,0.9998999999999999,0.9989,2.723724,1.0,4761762294,344.39,6968364820,8.007463,2.4112,24500000,3.995434,0.5001,2200839685,223.87,24496870,2.4922,3484875532,347.9,35993000,2.4075,3423590208,1364.4,1.000000,44917400,17.955,0.836454,347.08,3483785420,2.4289,2.4382,0.5001,345.63,3475615940,0,0,5.4918e+10,0,0,5.5750e+11,5.4918e+10,0,3.0488e+10,1.9797e+04,2.149931
groupspgemm,1417,5005,input24,"void sparse_dense_groupcoo_mat_mul_kernel<int=128, int=4>",151.86,(3500 110 1) (128 1 1),1540000.0,0.998974,0.9998999999999999,0.9989,2.476955,1.0,2392017400,340.41,3514135170,7.988743,4.6967,24500000,3.995434,0.5005,1118654236,220.34,24494119,4.828,1755997229,343.76,36158570,4.8233,1714083654,1328.0,1.000000,25498880,20.069,0.808719,338.96,1755433480,4.7414,4.7479,0.5005,343.18,1756155520,0,0,2.7445e+10,0,0,2.8092e+11,2.7445e+10,0,1.5360e+10,9.9738e+03,2.081790
groupspgemm,1417,5005,input25,"void sparse_dense_groupcoo_mat_mul_kernel<int=128, int=4>",122.78,(3500 110 1) (128 1 1),1540000.0,0.998821,0.9998999999999999,0.9989,2.436034,1.0,1913405526,339.17,2817227960,7.979592,5.845,24500000,3.995434,0.5007,897115630,217.96,24493124,5.9512,1407184348,338.98,40845651,5.9567,1371597438,1316.6,1.000000,18546660,18.015,0.853891,337.95,1406725610,5.8897,5.8357,0.5007,342.36,1409212600,0,0,2.1954e+10,0,0,2.2526e+11,2.1954e+10,0,1.2304e+10,7.9898e+03,2.052762
groupspgemm,1417,5005,input26,"void sparse_dense_groupcoo_mat_mul_kernel<int=128, int=4>",93.81,(3500 110 1) (128 1 1),1540000.0,0.998555,0.9998999999999999,0.9989,2.378578,1.0,1440622630,333.15,2117006300,7.963386,7.7114,24500000,3.995434,0.501,677136215,215.17,24492223,7.7877,1056770806,332.72,41204413,7.797,1028099880,1298.2,1.000000,17110390,21.751,0.793958,333.13,1056419420,7.6741,7.6629,0.501,336.96,1060700510,0,0,1.6450e+10,0,0,1.6959e+11,1.6450e+10,0,9272489944,6.0211e+03,2.015548
groupspgemm,1417,5005,input27,"void sparse_dense_groupcoo_mat_mul_kernel<int=128, int=4>",65.645,(3500 110 1) (128 1 1),1540000.0,0.998048,0.9998,0.9989,2.251243,1.0,963242130,318.25,1419193950,7.934409,11.0,24500000,3.995434,0.5017,454207977,206.51,24490427,11.124,707484399,317.66,35306497,11.143,686380602,1235.6,1.000000,9996580,18.131,0.872016,319.96,707239840,11.01,11.008,0.5015999999999999,324.41,713217790,0,0,1.0978e+10,0,0,1.1399e+11,1.0978e+10,0,6220615498,4.0394e+03,1.947038
groupspgemm,1417,5005,input28,"void sparse_dense_groupcoo_mat_mul_kernel<int=128, int=4>",34.642,(3500 110 1) (128 1 1),1540000.0,0.996596,0.9998,0.9989,2.153202,1.0,490336572,301.41,716581290,7.857204,20.924,24500000,3.995434,0.5038,234048401,200.59,24487539,21.076,355706102,301.63,43121575,20.962,343052988,1171.0,1.000000,8168820,28.182,0.757776,303.96,355576890,20.814,20.776,0.5035000000000001,312.84,363493260,0,0,5484612000,0,0,5.8264e+10,5484612000,0,3184703594,2.0680e+03,1.857170
groupspgemm,1417,5005,input29,"void sparse_dense_groupcoo_mat_mul_kernel<int=128, int=4>",18.522,(3500 110 1) (128 1 1),1540000.0,0.993943,0.9997,0.9989,2.108039,1.0,254165220,283.81,364649110,7.712600,39.131,24500000,3.995434,0.5079,122418359,197.27,24482749,39.451,179507505,284.57,36418495,39.579,171421812,1097.8,1.000000,7438750,47.694,0.690051,287.32,179438430,38.786,38.735,0.507,303.43,188255480,0,0,2740164000,0,0,3.0389e+10,2740164000,0,1667215830,1.0826e+03,1.808501
