,appName,n_dm,n_l2,n_shm,tex_trans,n_flop_sp,n_flop_dp,n_int,act_util,c_to_m,inst_per_warp,real_cycle
0,BlackScholes,0.12260951878834356,0.12304430735100788,0.0,0.0736196319018405,0.6220338973530962,0.0,0.147239263803681,0.8726950000000001,0.5238095238095238,163.0,33.967683383654695
1,BlackScholes,0.12196204330083261,0.12349749739811566,0.0,0.0736196319018405,0.6220338973530962,0.0,0.147239263803681,0.8567530000000001,0.4230769230769231,163.0,26.66180044684487
2,BlackScholes,0.12192609621494303,0.12300408085013145,0.0,0.0736196319018405,0.6220338973530962,0.0,0.147239263803681,0.8448969999999999,0.3548387096774194,163.0,22.13219169066608
3,BlackScholes,0.12153709739263803,0.12296727788124451,0.0,0.0736196319018405,0.6220338973530962,0.0,0.147239263803681,0.841159,0.3055555555555556,163.0,19.86056755118317
4,BlackScholes,0.12190512708150746,0.12294844845530235,0.0,0.0736196319018405,0.6220338973530962,0.0,0.147239263803681,0.836894,0.28205128205128205,163.0,18.953045266783523
5,BlackScholes,0.12340591791739702,0.12311448975679229,0.0,0.0736196319018405,0.6220338973530962,0.0,0.147239263803681,0.876647,0.6190476190476191,163.0,40.28246747024539
6,BlackScholes,0.12244219366235758,0.12295101610429447,0.0,0.0736196319018405,0.6220338973530962,0.0,0.147239263803681,0.864242,0.5,163.0,31.519458673093784
7,BlackScholes,0.12227529647787029,0.12332589285714285,0.0,0.0736196319018405,0.6220338973530962,0.0,0.147239263803681,0.85298,0.41935483870967744,163.0,26.001200204206835
8,BlackScholes,0.12213407578330411,0.12282605718667834,0.0,0.0736196319018405,0.6220338973530962,0.0,0.147239263803681,0.84554,0.3611111111111111,163.0,22.62419751884312
9,BlackScholes,0.12191368591148118,0.12368921518952672,0.0,0.0736196319018405,0.6220338973530962,0.0,0.147239263803681,0.8399120000000001,0.3333333333333333,163.0,20.93338957055215
10,BlackScholes,0.1237516946483348,0.12356682392090271,0.0,0.0736196319018405,0.6220338973530962,0.0,0.147239263803681,0.881143,0.7142857142857143,163.0,46.74536979228746
11,BlackScholes,0.12282391747918492,0.12300921614811566,0.0,0.0736196319018405,0.6220338973530962,0.0,0.147239263803681,0.872351,0.5769230769230769,163.0,36.690922504601225
12,BlackScholes,0.12256287316498686,0.12297112935473269,0.0,0.0736196319018405,0.6220338973530962,0.0,0.147239263803681,0.860791,0.4838709677419355,163.0,30.03621181091148
13,BlackScholes,0.12219056406113057,0.12292790726336546,0.0,0.0736196319018405,0.6220338973530962,0.0,0.147239263803681,0.8498469999999999,0.4166666666666667,163.0,25.926105905127077
14,BlackScholes,0.12191496973597721,0.12282990866016652,0.0,0.0736196319018405,0.6220338973530962,0.0,0.147239263803681,0.8455879999999999,0.38461538461538464,163.0,23.878597327782643
15,BlackScholes,0.12238656126752848,0.12344914000876422,0.0,0.0736196319018405,0.6220338973530962,0.0,0.147239263803681,0.8519700000000001,0.3333333333333333,163.0,21.709031889570554
16,BlackScholes,0.12227957589285715,0.12304131176051708,0.0,0.0736196319018405,0.6220338973530962,0.0,0.147239263803681,0.843532,0.2692307692307692,163.0,18.632483370552148
17,BlackScholes,0.12267884531113057,0.12338152525197195,0.0,0.0736196319018405,0.6220338973530962,0.0,0.147239263803681,0.845181,0.22580645161290322,163.0,18.15842860122699
18,BlackScholes,0.12242464806091147,0.1232865222392638,0.0,0.0736196319018405,0.6220338973530962,0.0,0.147239263803681,0.845182,0.19444444444444445,163.0,18.252820100613494
19,BlackScholes,0.12216403168821208,0.12352574153702893,0.0,0.0736196319018405,0.6220338973530962,0.0,0.147239263803681,0.846817,0.1794871794871795,163.0,18.272804253067488
20,BlackScholes,0.12295016022129712,0.12316627067813322,0.0,0.0736196319018405,0.6220338973530962,0.0,0.147239263803681,0.863547,0.42857142857142855,163.0,27.66389086419807
21,BlackScholes,0.12226588176489919,0.1230498705904908,0.0,0.0736196319018405,0.6220338973530962,0.0,0.147239263803681,0.850866,0.34615384615384615,163.0,22.069681770289222
22,BlackScholes,0.1218512064526731,0.12294844845530235,0.0,0.0736196319018405,0.6220338973530962,0.0,0.147239263803681,0.8426819999999999,0.2903225806451613,163.0,19.213592728133214
23,BlackScholes,0.12213193607581069,0.12331005902169151,0.0,0.0736196319018405,0.6220338973530962,0.0,0.147239263803681,0.8397600000000001,0.25,163.0,18.257052147239264
24,BlackScholes,0.12181483142528485,0.12295272787028921,0.0,0.0736196319018405,0.6220338973530962,0.0,0.147239263803681,0.8400129999999999,0.23076923076923078,163.0,18.23770555872042
25,SobolQRNG,0.19000669066076042,0.18972129937246218,0.047849760059062385,0.00018456995201181247,0.04724990771502399,0.0,0.6661129568106312,0.961205,0.5238095238095238,10836.0,56.8028512248062
26,SobolQRNG,0.18938773532668882,0.18976384274640087,0.047849760059062385,0.00018456995201181247,0.04724990771502399,0.0,0.6661129568106312,0.953938,0.4230769230769231,10836.0,45.02385656165965
27,SobolQRNG,0.18911244924326318,0.1895373292727944,0.047849760059062385,0.00018456995201181247,0.04724990771502399,0.0,0.6661129568106312,0.9480120000000001,0.3548387096774194,10836.0,37.3670341638804
28,SobolQRNG,0.1892932355112588,0.18974566260612774,0.047849760059062385,0.00018456995201181247,0.04724990771502399,0.0,0.6661129568106312,0.939311,0.3055555555555556,10836.0,32.51598013675304
29,SobolQRNG,0.18959034699150976,0.19006487633813215,0.047849760059062385,0.00018456995201181247,0.04724990771502399,0.0,0.6661129568106312,0.9334870000000001,0.28205128205128205,10836.0,29.93602458209524
30,SobolQRNG,0.18937389258028792,0.1893602805463271,0.047849760059062385,0.00018456995201181247,0.04724990771502399,0.0,0.6661129568106312,0.9651930000000001,0.6190476190476191,10836.0,67.2135179779402
31,SobolQRNG,0.18915868401624217,0.18995962532299743,0.047849760059062385,0.00018456995201181247,0.04724990771502399,0.0,0.6661129568106312,0.9593020000000001,0.5,10836.0,53.11853975086307
32,SobolQRNG,0.1891202934662237,0.1894810815799188,0.047849760059062385,0.00018456995201181247,0.04724990771502399,0.0,0.6661129568106312,0.95255,0.41935483870967744,10836.0,43.92775501159099
33,SobolQRNG,0.18911060354374307,0.18928746770025842,0.047849760059062385,0.00018456995201181247,0.04724990771502399,0.0,0.6661129568106312,0.947708,0.3611111111111111,10836.0,38.22197531480546
34,SobolQRNG,0.18932521225544482,0.18990983757844226,0.047849760059062385,0.00018456995201181247,0.04724990771502399,0.0,0.6661129568106312,0.943492,0.3333333333333333,10836.0,35.25218789577851
35,SobolQRNG,0.18950992063492064,0.18948066629752677,0.047849760059062385,0.00018456995201181247,0.04724990771502399,0.0,0.6661129568106312,0.969308,0.7142857142857143,10836.0,77.73356381838316
36,SobolQRNG,0.18967063492063493,0.190186877076412,0.047849760059062385,0.00018456995201181247,0.04724990771502399,0.0,0.6661129568106312,0.9626790000000001,0.5769230769230769,10836.0,61.354912174352165
37,SobolQRNG,0.18966279069767444,0.19042681801402733,0.047849760059062385,0.00018456995201181247,0.04724990771502399,0.0,0.6661129568106312,0.957306,0.4838709677419355,10836.0,50.75982017488372
38,SobolQRNG,0.18910455887781472,0.18937670727205613,0.047849760059062385,0.00018456995201181247,0.04724990771502399,0.0,0.6661129568106312,0.9536959999999999,0.4166666666666667,10836.0,44.180859639778504
39,SobolQRNG,0.18907119785898854,0.19021119416758955,0.047849760059062385,0.00018456995201181247,0.04724990771502399,0.0,0.6661129568106312,0.9501809999999999,0.38461538461538464,10836.0,40.29929123083056
40,SobolQRNG,0.18909136212624586,0.1895811646363972,0.047849760059062385,0.00018456995201181247,0.04724990771502399,0.0,0.6661129568106312,0.9476950000000001,0.3333333333333333,10836.0,36.42910194108528
41,SobolQRNG,0.18950452196382428,0.18967898671096345,0.047849760059062385,0.00018456995201181247,0.04724990771502399,0.0,0.6661129568106312,0.934168,0.2692307692307692,10836.0,29.02453699935917
42,SobolQRNG,0.1895296234772979,0.18920376522702104,0.047849760059062385,0.00018456995201181247,0.04724990771502399,0.0,0.6661129568106312,0.928501,0.22580645161290322,10836.0,26.7607903718863
43,SobolQRNG,0.18932248984865266,0.1896840623846438,0.047849760059062385,0.00018456995201181247,0.04724990771502399,0.0,0.6661129568106312,0.931033,0.19444444444444445,10836.0,27.46873572415504
44,SobolQRNG,0.18953511443337023,0.18949312476928754,0.047849760059062385,0.00018456995201181247,0.04724990771502399,0.0,0.6661129568106312,0.930983,0.1794871794871795,10836.0,27.479577429994837
45,SobolQRNG,0.18991855850867478,0.19016016057585827,0.047849760059062385,0.00018456995201181247,0.04724990771502399,0.0,0.6661129568106312,0.955773,0.42857142857142855,10836.0,46.557893804651165
46,SobolQRNG,0.18916445182724254,0.18937795311923222,0.047849760059062385,0.00018456995201181247,0.04724990771502399,0.0,0.6661129568106312,0.947334,0.34615384615384615,10836.0,37.0274274836412
47,SobolQRNG,0.18901771871539313,0.18966657438169068,0.047849760059062385,0.00018456995201181247,0.04724990771502399,0.0,0.6661129568106312,0.936833,0.2903225806451613,10836.0,30.730014740411963
48,SobolQRNG,0.18951038205980064,0.1893478682170543,0.047849760059062385,0.00018456995201181247,0.04724990771502399,0.0,0.6661129568106312,0.9260780000000001,0.25,10836.0,26.88843167298338
49,SobolQRNG,0.18930264857881138,0.18988621262458472,0.047849760059062385,0.00018456995201181247,0.04724990771502399,0.0,0.6661129568106312,0.928377,0.23076923076923078,10836.0,26.92359921073754
50,backpropForward,0.033820226467314904,0.04624874611937676,0.04358013120899719,0.022492970946579195,0.02225866916588566,0.0,0.44681349578256796,0.956125,0.5238095238095238,266.75,21.626167525773198
51,backpropForward,0.033548056576558107,0.046655342080599814,0.04358013120899719,0.022492970946579195,0.02225866916588566,0.0,0.44681349578256796,0.956048,0.4230769230769231,266.75,21.559128804123713
52,backpropForward,0.033487650648723055,0.04608651959348641,0.04358013120899719,0.022492970946579195,0.02225866916588566,0.0,0.44681349578256796,0.955958,0.3548387096774194,266.75,21.523837855670102
53,backpropForward,0.03352426030195642,0.0466898924408388,0.04358013120899719,0.022492970946579195,0.02225866916588566,0.0,0.44681349578256796,0.955938,0.3055555555555556,266.75,21.51106875773196
54,backpropForward,0.03384756930207357,0.04667353250205014,0.04358013120899719,0.022492970946579195,0.02225866916588566,0.0,0.44681349578256796,0.955943,0.28205128205128205,266.75,21.49023922036082
55,backpropForward,0.033507785958001406,0.046666210571403466,0.04358013120899719,0.022492970946579195,0.02225866916588566,0.0,0.44681349578256796,0.9531799999999999,0.6190476190476191,266.75,21.75016954311153
56,backpropForward,0.03348993875205014,0.04635502851891987,0.04358013120899719,0.022492970946579195,0.02225866916588566,0.0,0.44681349578256796,0.952998,0.5,266.75,21.656031051312087
57,backpropForward,0.033460879839796155,0.04619531890668931,0.04358013120899719,0.022492970946579195,0.02225866916588566,0.0,0.44681349578256796,0.9529799999999999,0.41935483870967744,266.75,21.607727403936263
58,backpropForward,0.03386278518919869,0.046188569001874416,0.04358013120899719,0.022492970946579195,0.02225866916588566,0.0,0.44681349578256796,0.9528989999999999,0.3611111111111111,266.75,21.58992730775539
59,backpropForward,0.03357139523049438,0.04600723681320291,0.04358013120899719,0.022492970946579195,0.02225866916588566,0.0,0.44681349578256796,0.95289,0.3333333333333333,266.75,21.585369749297097
60,backpropForward,0.033650792415944236,0.046416578498418466,0.04358013120899719,0.022492970946579195,0.02225866916588566,0.0,0.44681349578256796,0.95015,0.7142857142857143,266.75,22.09132143275539
61,backpropForward,0.033682482647024364,0.04603778299261949,0.04358013120899719,0.022492970946579195,0.02225866916588566,0.0,0.44681349578256796,0.9500200000000001,0.5769230769230769,266.75,21.988132767104034
62,backpropForward,0.033494057338038896,0.04605711746573336,0.04358013120899719,0.022492970946579195,0.02225866916588566,0.0,0.44681349578256796,0.949926,0.4838709677419355,266.75,21.939217580834118
63,backpropForward,0.03363958070964152,0.04608274422299672,0.04358013120899719,0.022492970946579195,0.02225866916588566,0.0,0.44681349578256796,0.949859,0.4166666666666667,266.75,21.920978643978447
64,backpropForward,0.0334177490920806,0.045961360341494846,0.04358013120899719,0.022492970946579195,0.02225866916588566,0.0,0.44681349578256796,0.9498200000000001,0.38461538461538464,266.75,21.90839500937207
65,backpropForward,0.03366944045805998,0.04663326188349344,0.04358013120899719,0.022492970946579195,0.02225866916588566,0.0,0.44681349578256796,0.962299,0.3333333333333333,266.75,21.53008731478445
66,backpropForward,0.033782701572750706,0.046488539348055295,0.04358013120899719,0.022492970946579195,0.02225866916588566,0.0,0.44681349578256796,0.9622649999999999,0.2692307692307692,266.75,21.49539482193064
67,backpropForward,0.03385534885338566,0.046533271768099814,0.04358013120899719,0.022492970946579195,0.02225866916588566,0.0,0.44681349578256796,0.962247,0.22580645161290322,266.75,21.488679958762884
68,backpropForward,0.033608920125058575,0.04636475295805998,0.04358013120899719,0.022492970946579195,0.02225866916588566,0.0,0.44681349578256796,0.962211,0.19444444444444445,266.75,21.498922954779754
69,backpropForward,0.033991491001347234,0.04608297303332943,0.04358013120899719,0.022492970946579195,0.02225866916588566,0.0,0.44681349578256796,0.962201,0.1794871794871795,266.75,21.502644816893156
70,backpropForward,0.0338282348289597,0.04614601027999063,0.04358013120899719,0.022492970946579195,0.02225866916588566,0.0,0.44681349578256796,0.9592280000000001,0.42857142857142855,266.75,21.58970958809747
71,backpropForward,0.03366223293257966,0.04626888142865511,0.04358013120899719,0.022492970946579195,0.02225866916588566,0.0,0.44681349578256796,0.959205,0.34615384615384615,266.75,21.541658680880975
72,backpropForward,0.03378224395208529,0.04644495097967432,0.04358013120899719,0.022492970946579195,0.02225866916588566,0.0,0.44681349578256796,0.959076,0.2903225806451613,266.75,21.511458965791945
73,backpropForward,0.0339075176092432,0.04631258420220244,0.04358013120899719,0.022492970946579195,0.02225866916588566,0.0,0.44681349578256796,0.959108,0.25,266.75,21.50408675960637
74,backpropForward,0.03374380381619025,0.04718080500966495,0.04358013120899719,0.022492970946579195,0.02225866916588566,0.0,0.44681349578256796,0.959083,0.23076923076923078,266.75,21.50655988706654
75,conjugateGradient,0.09449472232740752,0.1360710299744898,0.08163265306122448,0.20408163265306123,0.04081631193355638,0.0,0.36479588430754994,0.9132049999999999,0.5238095238095238,98.0,33.104336451291445
76,conjugateGradient,0.09410593461017219,0.13538025836555326,0.08163265306122448,0.20408163265306123,0.04081631193355638,0.0,0.36479588430754994,0.907666,0.4230769230769231,98.0,28.556891599808676
77,conjugateGradient,0.09367853281449298,0.1351727076939174,0.08163265306122448,0.20408163265306123,0.04081631193355638,0.0,0.36479588430754994,0.9023389999999999,0.3548387096774194,98.0,26.050290986766576
78,conjugateGradient,0.0940160945970185,0.13534273420061385,0.08163265306122448,0.20408163265306123,0.04081631193355638,0.0,0.36479588430754994,0.8995770000000001,0.3055555555555556,98.0,24.49303483761161
79,conjugateGradient,0.09355731886260364,0.1355150183852838,0.08163265306122448,0.20408163265306123,0.04081631193355638,0.0,0.36479588430754994,0.898119,0.28205128205128205,98.0,23.75082282469707
80,conjugateGradient,0.09373699888891103,0.13524635470643334,0.08163265306122448,0.20408163265306123,0.04081631193355638,0.0,0.36479588430754994,0.914041,0.6190476190476191,98.0,37.34226190951849
81,conjugateGradient,0.09401360336615115,0.1360486088966837,0.08163265306122448,0.20408163265306123,0.04081631193355638,0.0,0.36479588430754994,0.9069440000000001,0.5,98.0,31.414721066326532
82,conjugateGradient,0.09399888953384088,0.13536788006218112,0.08163265306122448,0.20408163265306123,0.04081631193355638,0.0,0.36479588430754994,0.8992680000000001,0.41935483870967744,98.0,27.896305610012764
83,conjugateGradient,0.0936585251165896,0.13515441271723533,0.08163265306122448,0.20408163265306123,0.04081631193355638,0.0,0.36479588430754994,0.896164,0.3611111111111111,98.0,26.178433568558678
84,conjugateGradient,0.09391909229512117,0.13541739327566965,0.08163265306122448,0.20408163265306123,0.04081631193355638,0.0,0.36479588430754994,0.8938780000000001,0.3333333333333333,98.0,25.26958331409439
85,conjugateGradient,0.09348188127790179,0.1367445186692841,0.08163265306122448,0.20408163265306123,0.04081631193355638,0.0,0.36479588430754994,0.9146610000000001,0.7142857142857143,98.0,42.06645813257334
86,conjugateGradient,0.0940247360540896,0.13534608179209184,0.08163265306122448,0.20408163265306123,0.04081631193355638,0.0,0.36479588430754994,0.9069940000000001,0.5769230769230769,98.0,35.122879897959194
87,conjugateGradient,0.09395482588787468,0.13537535375478316,0.08163265306122448,0.20408163265306123,0.04081631193355638,0.0,0.36479588430754994,0.89845,0.4838709677419355,98.0,30.578384765624996
88,conjugateGradient,0.09371878176319356,0.13522619130660077,0.08163265306122448,0.20408163265306123,0.04081631193355638,0.0,0.36479588430754994,0.894993,0.4166666666666667,98.0,28.443354146603962
89,conjugateGradient,0.09379476430464764,0.13542253143933355,0.08163265306122448,0.20408163265306123,0.04081631193355638,0.0,0.36479588430754994,0.8931549999999999,0.38461538461538464,98.0,27.50809173309949
90,conjugateGradient,0.09417140727140466,0.13519769785355548,0.08163265306122448,0.20408163265306123,0.04081631193355638,0.0,0.36479588430754994,0.9170889999999999,0.3333333333333333,98.0,25.86375216629464
91,conjugateGradient,0.09386428521603954,0.13551587474589444,0.08163265306122448,0.20408163265306123,0.04081631193355638,0.0,0.36479588430754994,0.910897,0.2692307692307692,98.0,23.960860929687502
92,conjugateGradient,0.09392049361248406,0.13527562666912468,0.08163265306122448,0.20408163265306123,0.04081631193355638,0.0,0.36479588430754994,0.9098879999999999,0.22580645161290322,98.0,22.844687999999998
93,conjugateGradient,0.09372921379245057,0.1354542946328922,0.08163265306122448,0.20408163265306123,0.04081631193355638,0.0,0.36479588430754994,0.909399,0.19444444444444445,98.0,23.26173625111607
94,conjugateGradient,0.0938161733199139,0.13612513639489,0.08163265306122448,0.20408163265306123,0.04081631193355638,0.0,0.36479588430754994,0.9090799999999999,0.1794871794871795,98.0,23.14450716517857
95,conjugateGradient,0.09409558043187978,0.13602751128527582,0.08163265306122448,0.20408163265306123,0.04081631193355638,0.0,0.36479588430754994,0.9138709999999999,0.42857142857142855,98.0,29.842579898437496
96,conjugateGradient,0.09368265891561703,0.13534250064772002,0.08163265306122448,0.20408163265306123,0.04081631193355638,0.0,0.36479588430754994,0.9094,0.34615384615384615,98.0,25.54294649234694
97,conjugateGradient,0.09407962098413584,0.13630785260881698,0.08163265306122448,0.20408163265306123,0.04081631193355638,0.0,0.36479588430754994,0.905774,0.2903225806451613,98.0,23.98864165800383
98,conjugateGradient,0.09377794849629305,0.13579598251654176,0.08163265306122448,0.20408163265306123,0.04081631193355638,0.0,0.36479588430754994,0.90371,0.25,98.0,23.56245157844388
99,conjugateGradient,0.09362699547592475,0.1363322199607382,0.08163265306122448,0.20408163265306123,0.04081631193355638,0.0,0.36479588430754994,0.902958,0.23076923076923078,98.0,23.46769414285714
100,convolutionSeparable,0.19559733072916663,0.21915847240747796,0.8475609756097561,0.12093495934959349,0.8292682926829268,0.0,0.06402439024390244,0.900703,0.5238095238095238,328.0,56.836052694867895
101,convolutionSeparable,0.19569938680343832,0.21888952074335197,0.8475609756097561,0.12093495934959349,0.8292682926829268,0.0,0.06402439024390244,0.9523940000000001,0.4230769230769231,328.0,54.420509391260175
102,convolutionSeparable,0.19647175445143128,0.22005084278137702,0.8475609756097561,0.12093495934959349,0.8292682926829268,0.0,0.06402439024390244,0.959484,0.3548387096774194,328.0,54.78899036483739
103,convolutionSeparable,0.19548898919164973,0.21880466698954099,0.8475609756097561,0.12093495934959349,0.8292682926829268,0.0,0.06402439024390244,0.9593079999999999,0.3055555555555556,328.0,54.53765095494579
104,convolutionSeparable,0.19676493823043703,0.21897371286945289,0.8475609756097561,0.12093495934959349,0.8292682926829268,0.0,0.06402439024390244,0.960094,0.28205128205128205,328.0,54.63242207164635
105,convolutionSeparable,0.19610215267191733,0.21911910555873135,0.8475609756097561,0.12093495934959349,0.8292682926829268,0.0,0.06402439024390244,0.90445,0.6190476190476191,328.0,67.24817071053523
106,convolutionSeparable,0.19592111478976115,0.21900117041941902,0.8475609756097561,0.12093495934959349,0.8292682926829268,0.0,0.06402439024390244,0.9003469999999999,0.5,328.0,53.014258283621274
107,convolutionSeparable,0.1955236419429624,0.21975832063008127,0.8475609756097561,0.12093495934959349,0.8292682926829268,0.0,0.06402439024390244,0.9528719999999999,0.41935483870967744,328.0,54.535540477642286
108,convolutionSeparable,0.19526535902566053,0.2195157513708926,0.8475609756097561,0.12093495934959349,0.8292682926829268,0.0,0.06402439024390244,0.956406,0.3611111111111111,328.0,54.720953961890245
109,convolutionSeparable,0.1953907374767107,0.21898793786521847,0.8475609756097561,0.12093495934959349,0.8292682926829268,0.0,0.06402439024390244,0.957266,0.3333333333333333,328.0,54.77437463025067
110,convolutionSeparable,0.1968318453326135,0.21852446765434452,0.8475609756097561,0.12093495934959349,0.8292682926829268,0.0,0.06402439024390244,0.905588,0.7142857142857143,328.0,77.49150567581302
111,convolutionSeparable,0.19577142152036756,0.2197605536236026,0.8475609756097561,0.12093495934959349,0.8292682926829268,0.0,0.06402439024390244,0.901849,0.5769230769230769,328.0,61.327335898119934
112,convolutionSeparable,0.19541091712186656,0.22044451126884312,0.8475609756097561,0.12093495934959349,0.8292682926829268,0.0,0.06402439024390244,0.9505450000000001,0.4838709677419355,328.0,55.48951337652439
113,convolutionSeparable,0.19622223810128728,0.21896792362699016,0.8475609756097561,0.12093495934959349,0.8292682926829268,0.0,0.06402439024390244,0.954976,0.4166666666666667,328.0,55.62322735772357
114,convolutionSeparable,0.19569186078823675,0.2189659387438601,0.8475609756097561,0.12093495934959349,0.8292682926829268,0.0,0.06402439024390244,0.9561860000000001,0.38461538461538464,328.0,55.681557959857734
115,convolutionSeparable,0.1954927935509824,0.21870558823996442,0.8475609756097561,0.12093495934959349,0.8292682926829268,0.0,0.06402439024390244,0.961615,0.3333333333333333,328.0,54.51684375550474
116,convolutionSeparable,0.1977636652587229,0.22135251259739158,0.8475609756097561,0.12093495934959349,0.8292682926829268,0.0,0.06402439024390244,0.9613940000000001,0.2692307692307692,328.0,54.48379704657861
117,convolutionSeparable,0.19672019565654641,0.2207536568163533,0.8475609756097561,0.12093495934959349,0.8292682926829268,0.0,0.06402439024390244,0.9623709999999999,0.22580645161290322,328.0,54.53574219402099
118,convolutionSeparable,0.19676791555513215,0.21921528968707657,0.8475609756097561,0.12093495934959349,0.8292682926829268,0.0,0.06402439024390244,0.961866,0.19444444444444445,328.0,54.57555022713416
119,convolutionSeparable,0.19676659229971202,0.22048594570418362,0.8475609756097561,0.12093495934959349,0.8292682926829268,0.0,0.06402439024390244,0.961757,0.1794871794871795,328.0,54.56936564947494
120,convolutionSeparable,0.19635481175368397,0.22092344702743902,0.8475609756097561,0.12093495934959349,0.8292682926829268,0.0,0.06402439024390244,0.9577120000000001,0.42857142857142855,328.0,54.75455573170733
121,convolutionSeparable,0.19637813413046237,0.2198349040375169,0.8475609756097561,0.12093495934959349,0.8292682926829268,0.0,0.06402439024390244,0.9599690000000001,0.34615384615384615,328.0,54.759938970274405
122,convolutionSeparable,0.19589828863376524,0.2186633267699864,0.8475609756097561,0.12093495934959349,0.8292682926829268,0.0,0.06402439024390244,0.960297,0.2903225806451613,328.0,54.744980270579276
123,convolutionSeparable,0.19619709624830622,0.22002446037643972,0.8475609756097561,0.12093495934959349,0.8292682926829268,0.0,0.06402439024390244,0.959987,0.25,328.0,54.7134054207317
124,convolutionSeparable,0.19575190350292176,0.2189909151899136,0.8475609756097561,0.12093495934959349,0.8292682926829268,0.0,0.06402439024390244,0.9593959999999999,0.23076923076923078,328.0,54.65924710975611
125,convolutionTexture,0.08477051495111478,0.12654750890899125,0.0,1.431578947368421,0.5578947368421052,0.0,0.22105263157894736,0.8308,0.5238095238095238,95.0,43.071939327485374
126,convolutionTexture,0.08472529182657164,0.12645410013477704,0.0,1.431578947368421,0.5578947368421052,0.0,0.22105263157894736,0.833526,0.4230769230769231,95.0,41.95657921052632
127,convolutionTexture,0.08472215083607455,0.12656499851516811,0.0,1.431578947368421,0.5578947368421052,0.0,0.22105263157894736,0.8349700000000001,0.3548387096774194,95.0,41.88155808479534
128,convolutionTexture,0.08487174050849781,0.12666772318165204,0.0,1.431578947368421,0.5578947368421052,0.0,0.22105263157894736,0.834802,0.3055555555555556,95.0,41.88320019663743
129,convolutionTexture,0.08492256744563231,0.12691825286686767,0.0,1.431578947368421,0.5578947368421052,0.0,0.22105263157894736,0.836159,0.28205128205128205,95.0,41.958006311769005
130,convolutionTexture,0.08494890893411916,0.12684140567891083,0.0,1.431578947368421,0.5578947368421052,0.0,0.22105263157894736,0.8273370000000001,0.6190476190476191,95.0,45.51381623464912
131,convolutionTexture,0.08496443542123537,0.12667186357821636,0.0,1.431578947368421,0.5578947368421052,0.0,0.22105263157894736,0.8290930000000001,0.5,95.0,42.39980389875731
132,convolutionTexture,0.08490643417626098,0.12676680715460525,0.0,1.431578947368421,0.5578947368421052,0.0,0.22105263157894736,0.8304,0.41935483870967744,95.0,41.92214912280702
133,convolutionTexture,0.08452694541529605,0.1261171932108918,0.0,1.431578947368421,0.5578947368421052,0.0,0.22105263157894736,0.831075,0.3611111111111111,95.0,41.944379550438605
134,convolutionTexture,0.08484643411915205,0.12659069752832602,0.0,1.431578947368421,0.5578947368421052,0.0,0.22105263157894736,0.830523,0.3333333333333333,95.0,41.93230488815789
135,convolutionTexture,0.08535138403463087,0.12655471890990497,0.0,1.431578947368421,0.5578947368421052,0.0,0.22105263157894736,0.8244459999999999,0.7142857142857143,95.0,50.221598168859636
136,convolutionTexture,0.0848197356999269,0.1269324587102522,0.0,1.431578947368421,0.5578947368421052,0.0,0.22105263157894736,0.823793,0.5769230769230769,95.0,44.728256444627185
137,convolutionTexture,0.08478268628929093,0.12638506972998903,0.0,1.431578947368421,0.5578947368421052,0.0,0.22105263157894736,0.8256319999999999,0.4838709677419355,95.0,42.81608052631579
138,convolutionTexture,0.0848768803111294,0.12676223844115497,0.0,1.431578947368421,0.5578947368421052,0.0,0.22105263157894736,0.825731,0.4166666666666667,95.0,42.563173585526314
139,convolutionTexture,0.08478479218064691,0.12619750262701024,0.0,1.431578947368421,0.5578947368421052,0.0,0.22105263157894736,0.8270780000000001,0.38461538461538464,95.0,42.545091834429826
140,convolutionTexture,0.08541605988441155,0.12791823002330044,0.0,1.431578947368421,0.5578947368421052,0.0,0.22105263157894736,0.8416819999999999,0.3333333333333333,95.0,42.06287337061403
141,convolutionTexture,0.08542084275630484,0.12722489206414472,0.0,1.431578947368421,0.5578947368421052,0.0,0.22105263157894736,0.843925,0.2692307692307692,95.0,42.1836034630848
142,convolutionTexture,0.08526700560809575,0.1274201688710709,0.0,1.431578947368421,0.5578947368421052,0.0,0.22105263157894736,0.846873,0.22580645161290322,95.0,42.35912648026315
143,convolutionTexture,0.08544829073008041,0.1271896273072003,0.0,1.431578947368421,0.5578947368421052,0.0,0.22105263157894736,0.8462850000000001,0.19444444444444445,95.0,42.36435898026316
144,convolutionTexture,0.08510160390396564,0.12650410613121346,0.0,1.431578947368421,0.5578947368421052,0.0,0.22105263157894736,0.845965,0.1794871794871795,95.0,42.35916195358187
145,convolutionTexture,0.08528777897706506,0.12746549907483554,0.0,1.431578947368421,0.5578947368421052,0.0,0.22105263157894736,0.8367129999999999,0.42857142857142855,95.0,42.1273986118421
146,convolutionTexture,0.08524116382264256,0.12711217333698832,0.0,1.431578947368421,0.5578947368421052,0.0,0.22105263157894736,0.838512,0.34615384615384615,95.0,42.091095789473684
147,convolutionTexture,0.08505955746299342,0.12679793151498536,0.0,1.431578947368421,0.5578947368421052,0.0,0.22105263157894736,0.8407979999999999,0.2903225806451613,95.0,42.21137853947368
148,convolutionTexture,0.0852257444147478,0.12682045384457236,0.0,1.431578947368421,0.5578947368421052,0.0,0.22105263157894736,0.8410299999999999,0.25,95.0,42.23685858552631
149,convolutionTexture,0.08527903417397661,0.12689733672560308,0.0,1.431578947368421,0.5578947368421052,0.0,0.22105263157894736,0.841799,0.23076923076923078,95.0,42.28101622039473
150,fastWalshTransform,0.4943322988656851,0.49369213397686296,0.0,0.24615384615384617,0.12307692307692308,0.0,0.5692307692307692,0.8304469999999999,0.5238095238095238,65.0,130.748989296274
151,fastWalshTransform,0.49391315166766825,0.4936270493727464,0.0,0.24615384615384617,0.12307692307692308,0.0,0.5692307692307692,0.829148,0.4230769230769231,65.0,103.44019928846156
152,fastWalshTransform,0.49370123056265025,0.49397090031550484,0.0,0.24615384615384617,0.12307692307692308,0.0,0.5692307692307692,0.82836,0.3548387096774194,65.0,85.4848603125
153,fastWalshTransform,0.4934734637920673,0.4937596247746394,0.0,0.24615384615384617,0.12307692307692308,0.0,0.5692307692307692,0.8265809999999999,0.3055555555555556,65.0,73.97949624338942
154,fastWalshTransform,0.4931938758263221,0.49381766686072714,0.0,0.24615384615384617,0.12307692307692308,0.0,0.5692307692307692,0.82511,0.28205128205128205,65.0,67.837033515625
155,fastWalshTransform,0.4946136474609375,0.4952439528245192,0.0,0.24615384615384617,0.12307692307692308,0.0,0.5692307692307692,0.8301719999999999,0.6190476190476191,65.0,154.50927778124998
156,fastWalshTransform,0.4935614952674279,0.49448306743915266,0.0,0.24615384615384617,0.12307692307692308,0.0,0.5692307692307692,0.8291280000000001,0.5,65.0,122.192739
157,fastWalshTransform,0.493479978121244,0.49399519700270433,0.0,0.24615384615384617,0.12307692307692308,0.0,0.5692307692307692,0.8277909999999999,0.41935483870967744,65.0,100.9064294765625
158,fastWalshTransform,0.4935019273024339,0.4935908390925481,0.0,0.24615384615384617,0.12307692307692308,0.0,0.5692307692307692,0.826642,0.3611111111111111,65.0,87.26885426562498
159,fastWalshTransform,0.4934603764460637,0.4933727557842548,0.0,0.24615384615384617,0.12307692307692308,0.0,0.5692307692307692,0.825664,0.3333333333333333,65.0,80.11520999999999
160,fastWalshTransform,0.4938917893629808,0.4942820622370793,0.0,0.24615384615384617,0.12307692307692308,0.0,0.5692307692307692,0.829944,0.7142857142857143,65.0,177.9915658413462
161,fastWalshTransform,0.4937579815204327,0.4938632671649639,0.0,0.24615384615384617,0.12307692307692308,0.0,0.5692307692307692,0.8288209999999999,0.5769230769230769,65.0,140.93941716346154
162,fastWalshTransform,0.4938255896935096,0.49423704880934494,0.0,0.24615384615384617,0.12307692307692308,0.0,0.5692307692307692,0.827536,0.4838709677419355,65.0,116.38716951923078
163,fastWalshTransform,0.49315701998197115,0.4932184659517728,0.0,0.24615384615384617,0.12307692307692308,0.0,0.5692307692307692,0.826471,0.4166666666666667,65.0,100.7187029657452
164,fastWalshTransform,0.49341641939603365,0.49366419865534855,0.0,0.24615384615384617,0.12307692307692308,0.0,0.5692307692307692,0.825324,0.38461538461538464,65.0,92.38768117788462
165,fastWalshTransform,0.4943855285644531,0.49368644127478967,0.0,0.24615384615384617,0.12307692307692308,0.0,0.5692307692307692,0.8307620000000001,0.3333333333333333,65.0,83.31234809254808
166,fastWalshTransform,0.4939874502328726,0.4944743229792668,0.0,0.24615384615384617,0.12307692307692308,0.0,0.5692307692307692,0.828801,0.2692307692307692,65.0,65.96887382632211
167,fastWalshTransform,0.49352381779597354,0.49401515080378605,0.0,0.24615384615384617,0.12307692307692308,0.0,0.5692307692307692,0.827785,0.22580645161290322,65.0,60.65415499399038
168,fastWalshTransform,0.4938008821927584,0.49349781916691704,0.0,0.24615384615384617,0.12307692307692308,0.0,0.5692307692307692,0.827736,0.19444444444444445,65.0,61.890178875
169,fastWalshTransform,0.4937854473407452,0.4934381338266226,0.0,0.24615384615384617,0.12307692307692308,0.0,0.5692307692307692,0.827732,0.1794871794871795,65.0,61.88987979326924
170,fastWalshTransform,0.4938961909367488,0.49533644456129805,0.0,0.24615384615384617,0.12307692307692308,0.0,0.5692307692307692,0.831046,0.42857142857142855,65.0,107.08057675600958
171,fastWalshTransform,0.4940788855919471,0.4940007136418269,0.0,0.24615384615384617,0.12307692307692308,0.0,0.5692307692307692,0.8292780000000001,0.34615384615384615,65.0,84.69549775600962
172,fastWalshTransform,0.49362933819110577,0.49366273146409256,0.0,0.24615384615384617,0.12307692307692308,0.0,0.5692307692307692,0.8277479999999999,0.2903225806451613,65.0,69.98002457451923
173,fastWalshTransform,0.49333607600285456,0.49370357806865983,0.0,0.24615384615384617,0.12307692307692308,0.0,0.5692307692307692,0.8255870000000001,0.25,65.0,60.630037604567306
174,fastWalshTransform,0.4935648991511418,0.4939530005821815,0.0,0.24615384615384617,0.12307692307692308,0.0,0.5692307692307692,0.82539,0.23076923076923078,65.0,60.570927692307706
175,gaussian,0.16375559583516677,0.7516237798445908,0.0,0.23992886096920116,0.039935441435096725,0.0,0.6990676407512657,0.23227399999999998,0.5238095238095238,49.970943,38.89234925859814
176,gaussian,0.1622131039724613,0.7513538475855328,0.0,0.23992886096920116,0.039935441435096725,0.0,0.6990676407512657,0.21309,0.4230769230769231,49.970943,35.66622249666671
177,gaussian,0.1647776131101297,0.751812488143344,0.0,0.23992886096920116,0.039935441435096725,0.0,0.6990676407512657,0.197552,0.3548387096774194,49.970943,33.061112437381865
178,gaussian,0.16230028232083357,0.7513707946900324,0.0,0.23992886096920116,0.039935441435096725,0.0,0.6990676407512657,0.190175,0.3055555555555556,49.970943,31.825233951614894
179,gaussian,0.16279434385381533,0.7536331568024317,0.0,0.23992886096920116,0.039935441435096725,0.0,0.6990676407512657,0.188943,0.28205128205128205,49.970943,31.617762591083434
180,gaussian,0.16349772502886079,0.7519596684022422,0.0,0.23992886096920116,0.039935441435096725,0.0,0.6990676407512657,0.208511,0.6190476190476191,49.970943,41.24903965518647
181,gaussian,0.16275495328659986,0.7513779704910368,0.0,0.23992886096920116,0.039935441435096725,0.0,0.6990676407512657,0.174065,0.5,49.970943,34.42267335254835
182,gaussian,0.16228852622131576,0.7520140212779348,0.0,0.23992886096920116,0.039935441435096725,0.0,0.6990676407512657,0.158668,0.41935483870967744,49.970943,31.373285131546357
183,gaussian,0.16180469402168063,0.7499266265687485,0.0,0.23992886096920116,0.039935441435096725,0.0,0.6990676407512657,0.148133,0.3611111111111111,49.970943,29.289305567662588
184,gaussian,0.16284060486880095,0.754889532684665,0.0,0.23992886096920116,0.039935441435096725,0.0,0.6990676407512657,0.142407,0.3333333333333333,49.970943,28.156275201989637
185,gaussian,0.16139536801119728,0.7522892972185918,0.0,0.23992886096920116,0.039935441435096725,0.0,0.6990676407512657,0.196772,0.7142857142857143,49.970943,44.90763863136423
186,gaussian,0.16216287336543073,0.7534383414389939,0.0,0.23992886096920116,0.039935441435096725,0.0,0.6990676407512657,0.15797,0.5769230769230769,49.970943,36.04106684308519
187,gaussian,0.1621937140420878,0.7530989413191489,0.0,0.23992886096920116,0.039935441435096725,0.0,0.6990676407512657,0.136573,0.4838709677419355,49.970943,31.155469317564208
188,gaussian,0.1622644033158117,0.7520483735167856,0.0,0.23992886096920116,0.039935441435096725,0.0,0.6990676407512657,0.13356600000000002,0.4166666666666667,49.970943,30.468563183621033
189,gaussian,0.16121627833932226,0.7525928183334151,0.0,0.23992886096920116,0.039935441435096725,0.0,0.6990676407512657,0.12552,0.38461538461538464,49.970943,28.631963116545542
190,gaussian,0.1611782618616608,0.7514445374960986,0.0,0.23992886096920116,0.039935441435096725,0.0,0.6990676407512657,0.317578,0.3333333333333333,49.970943,33.90865254058744
191,gaussian,0.1639366703030643,0.7527509913087455,0.0,0.23992886096920116,0.039935441435096725,0.0,0.6990676407512657,0.30837600000000004,0.2692307692307692,49.970943,32.89676941983065
192,gaussian,0.16215111726591291,0.7523164736564383,0.0,0.23992886096920116,0.039935441435096725,0.0,0.6990676407512657,0.303569,0.22580645161290322,49.970943,32.37765864223084
193,gaussian,0.16328565720768906,0.7502409877233869,0.0,0.23992886096920116,0.039935441435096725,0.0,0.6990676407512657,0.30532,0.19444444444444445,49.970943,32.565751023049536
194,gaussian,0.16243494309712836,0.7505353482411832,0.0,0.23992886096920116,0.039935441435096725,0.0,0.6990676407512657,0.304492,0.1794871794871795,49.970943,32.47676921215996
195,gaussian,0.16375864936750906,0.7522888391887406,0.0,0.23992886096920116,0.039935441435096725,0.0,0.6990676407512657,0.257524,0.42857142857142855,49.970943,35.295787170631336
196,gaussian,0.16385162942733167,0.7508689466495778,0.0,0.23992886096920116,0.039935441435096725,0.0,0.6990676407512657,0.248565,0.34615384615384615,49.970943,34.05389245327905
197,gaussian,0.16114177215017048,0.7509181085202886,0.0,0.23992886096920116,0.039935441435096725,0.0,0.6990676407512657,0.24306,0.2903225806451613,49.970943,33.29456662945104
198,gaussian,0.16265617151532694,0.7505477150471694,0.0,0.23992886096920116,0.039935441435096725,0.0,0.6990676407512657,0.24269899999999997,0.25,49.970943,33.243409071153856
199,gaussian,0.1612286451453085,0.7500890744893581,0.0,0.23992886096920116,0.039935441435096725,0.0,0.6990676407512657,0.240796,0.23076923076923078,49.970943,32.98139262713634
200,histogram,0.043717012417135194,0.042824013173921094,0.5277402632835414,0.04257229254159887,0.0,0.0,0.36246390650933313,0.893107,0.5238095238095238,34209.0,40.88028820194815
201,histogram,0.04381914197368464,0.04371877852157165,0.5277402632835414,0.04257229254159887,0.0,0.0,0.36246390650933313,0.882807,0.4230769230769231,34209.0,40.39873200900349
202,histogram,0.04380921524874871,0.04371843342070475,0.5277402632835414,0.04257229254159887,0.0,0.0,0.36246390650933313,0.881281,0.3548387096774194,34209.0,40.34300563035718
203,histogram,0.04377906967302302,0.04396737294604085,0.5277402632835414,0.04257229254159887,0.0,0.0,0.36246390650933313,0.890473,0.3055555555555556,34209.0,40.784155663259504
204,histogram,0.043696813866396435,0.043264179179618105,0.5277402632835414,0.04257229254159887,0.0,0.0,0.36246390650933313,0.889441,0.28205128205128205,34209.0,40.74502466789442
205,histogram,0.04369539286282687,0.04347842591780591,0.5277402632835414,0.04257229254159887,0.0,0.0,0.36246390650933313,0.8677239999999999,0.6190476190476191,34209.0,39.97799028855954
206,histogram,0.04378607319061585,0.04321992506845177,0.5277402632835414,0.04257229254159887,0.0,0.0,0.36246390650933313,0.878149,0.5,34209.0,40.43930893653067
207,histogram,0.04391162900601206,0.04320411132872766,0.5277402632835414,0.04257229254159887,0.0,0.0,0.36246390650933313,0.884309,0.41935483870967744,34209.0,40.725370483063266
208,histogram,0.043704791786436964,0.04369326135747253,0.5277402632835414,0.04257229254159887,0.0,0.0,0.36246390650933313,0.8703489999999999,0.3611111111111111,34209.0,40.10363388701479
209,histogram,0.043939460375924465,0.043204354929339585,0.5277402632835414,0.04257229254159887,0.0,0.0,0.36246390650933313,0.8850319999999999,0.3333333333333333,34209.0,40.7945419352542
210,histogram,0.04334645528629568,0.04318334437656108,0.5277402632835414,0.04257229254159887,0.0,0.0,0.36246390650933313,0.8879229999999999,0.7142857142857143,34209.0,41.631767549670165
211,histogram,0.04360128182641995,0.04295679580747107,0.5277402632835414,0.04257229254159887,0.0,0.0,0.36246390650933313,0.888023,0.5769230769230769,34209.0,41.64199408576691
212,histogram,0.043703654983581315,0.043176239358713266,0.5277402632835414,0.04257229254159887,0.0,0.0,0.36246390650933313,0.892436,0.4838709677419355,34209.0,41.86562871758893
213,histogram,0.04349631026273138,0.043152914600121474,0.5277402632835414,0.04257229254159887,0.0,0.0,0.36246390650933313,0.8874540000000001,0.4166666666666667,34209.0,41.65128508638078
214,histogram,0.04349196605181873,0.04348382573137024,0.5277402632835414,0.04257229254159887,0.0,0.0,0.36246390650933313,0.889134,0.38461538461538464,34209.0,41.74122288754421
215,histogram,0.044592655116749653,0.04326424007977108,0.5277402632835414,0.04257229254159887,0.0,0.0,0.36246390650933313,0.912934,0.3333333333333333,34209.0,41.44528984889617
216,histogram,0.044029044500959784,0.04476441384820758,0.5277402632835414,0.04257229254159887,0.0,0.0,0.36246390650933313,0.909566,0.2692307692307692,34209.0,41.31753652165608
217,histogram,0.04439901293032049,0.043211480247238386,0.5277402632835414,0.04257229254159887,0.0,0.0,0.36246390650933313,0.9112309999999999,0.22580645161290322,34209.0,41.409081334151836
218,histogram,0.04434038638305059,0.0432758517089395,0.5277402632835414,0.04257229254159887,0.0,0.0,0.36246390650933313,0.918007,0.19444444444444445,34209.0,41.750398159288814
219,histogram,0.044095872268831146,0.043715916214381534,0.5277402632835414,0.04257229254159887,0.0,0.0,0.36246390650933313,0.918601,0.1794871794871795,34209.0,41.776076253461554
220,histogram,0.044181112182953806,0.043563401931265656,0.5277402632835414,0.04257229254159887,0.0,0.0,0.36246390650933313,0.881458,0.42857142857142855,34209.0,40.32490626256248
221,histogram,0.04406296588617031,0.043235454607461976,0.5277402632835414,0.04257229254159887,0.0,0.0,0.36246390650933313,0.886871,0.34615384615384615,34209.0,40.59908725586834
222,histogram,0.043979167275668196,0.04360635683916838,0.5277402632835414,0.04257229254159887,0.0,0.0,0.36246390650933313,0.890864,0.2903225806451613,34209.0,40.78354506474904
223,histogram,0.04426878810319571,0.04367097190148141,0.5277402632835414,0.04257229254159887,0.0,0.0,0.36246390650933313,0.8881879999999999,0.25,34209.0,40.692610121546956
224,histogram,0.0440429297358395,0.04399327581110884,0.5277402632835414,0.04257229254159887,0.0,0.0,0.36246390650933313,0.910178,0.23076923076923078,34209.0,41.49064332403754
225,matrixMulShared,0.00890879460968461,0.08754384533417273,0.5284015852047557,0.0845442536327609,0.6763540290620872,0.0,0.15653896961690886,0.9796799999999999,0.5238095238095238,1514.0,39.188413276089825
226,matrixMulShared,0.009676289526915455,0.08848880178232331,0.5284015852047557,0.0845442536327609,0.6763540290620872,0.0,0.15653896961690886,0.978409,0.4230769230769231,1514.0,39.11091425734808
227,matrixMulShared,0.010060722320838838,0.08780806225231176,0.5284015852047557,0.0845442536327609,0.6763540290620872,0.0,0.15653896961690886,0.9779969999999999,0.3548387096774194,1514.0,38.92390916785006
228,matrixMulShared,0.0093670017338177,0.08745410672267173,0.5284015852047557,0.0845442536327609,0.6763540290620872,0.0,0.15653896961690886,0.9782379999999999,0.3055555555555556,1514.0,38.9317240239432
229,matrixMulShared,0.0096043696334214,0.08755214998555153,0.5284015852047557,0.0845442536327609,0.6763540290620872,0.0,0.15653896961690886,0.9774149999999999,0.28205128205128205,1514.0,38.91228561261559
230,matrixMulShared,0.009176156007471929,0.0874332241526998,0.5284015852047557,0.0845442536327609,0.6763540290620872,0.0,0.15653896961690886,0.979474,0.6190476190476191,1514.0,39.24236056274769
231,matrixMulShared,0.009067066751981505,0.0884693705106506,0.5284015852047557,0.0845442536327609,0.6763540290620872,0.0,0.15653896961690886,0.9775790000000001,0.5,1514.0,39.02373977741084
232,matrixMulShared,0.009154064022250661,0.087360820493106,0.5284015852047557,0.0845442536327609,0.6763540290620872,0.0,0.15653896961690886,0.9760559999999999,0.41935483870967744,1514.0,38.91370554491414
233,matrixMulShared,0.00890774644980185,0.08862885206819683,0.5284015852047557,0.0845442536327609,0.6763540290620872,0.0,0.15653896961690886,0.9768180000000001,0.3611111111111111,1514.0,38.951424237780714
234,matrixMulShared,0.009073758849694517,0.08749329177675033,0.5284015852047557,0.0845442536327609,0.6763540290620872,0.0,0.15653896961690886,0.976965,0.3333333333333333,1514.0,38.94365428954756
235,matrixMulShared,0.008936288649686262,0.087199726381894,0.5284015852047557,0.0845442536327609,0.6763540290620872,0.0,0.15653896961690886,0.981351,0.7142857142857143,1514.0,40.25102844575627
236,matrixMulShared,0.00923130534284181,0.08747942381522457,0.5284015852047557,0.0845442536327609,0.6763540290620872,0.0,0.15653896961690886,0.979503,0.5769230769230769,1514.0,40.00661609147953
237,matrixMulShared,0.009106493689109974,0.0873804130201453,0.5284015852047557,0.0845442536327609,0.6763540290620872,0.0,0.15653896961690886,0.977066,0.4838709677419355,1514.0,39.823587094616904
238,matrixMulShared,0.009245253932050859,0.08750087077897953,0.5284015852047557,0.0845442536327609,0.6763540290620872,0.0,0.15653896961690886,0.977165,0.4166666666666667,1514.0,39.82278152452113
239,matrixMulShared,0.0091183459585535,0.08750998170719121,0.5284015852047557,0.0845442536327609,0.6763540290620872,0.0,0.15653896961690886,0.977326,0.38461538461538464,1514.0,39.816028850726546
240,matrixMulShared,0.009926315972795575,0.08814516659614433,0.5284015852047557,0.0845442536327609,0.6763540290620872,0.0,0.15653896961690886,0.978666,0.3333333333333333,1514.0,38.98859255151915
241,matrixMulShared,0.010102729343832563,0.08820982999814234,0.5284015852047557,0.0845442536327609,0.6763540290620872,0.0,0.15653896961690886,0.9785780000000001,0.2692307692307692,1514.0,39.01788916281374
242,matrixMulShared,0.0102471335246037,0.08782821917313408,0.5284015852047557,0.0845442536327609,0.6763540290620872,0.0,0.15653896961690886,0.9768600000000001,0.22580645161290322,1514.0,38.964067727873186
243,matrixMulShared,0.009996623312623845,0.08871907444579756,0.5284015852047557,0.0845442536327609,0.6763540290620872,0.0,0.15653896961690886,0.976987,0.19444444444444445,1514.0,38.97308585757926
244,matrixMulShared,0.00898700346247523,0.08874858417788144,0.5284015852047557,0.0845442536327609,0.6763540290620872,0.0,0.15653896961690886,0.978341,0.1794871794871795,1514.0,39.059892862202766
245,matrixMulShared,0.009078757766058454,0.08853693650924703,0.5284015852047557,0.0845442536327609,0.6763540290620872,0.0,0.15653896961690886,0.978708,0.42857142857142855,1514.0,39.075514855680325
246,matrixMulShared,0.009446016863441216,0.08752304339188408,0.5284015852047557,0.0845442536327609,0.6763540290620872,0.0,0.15653896961690886,0.9781790000000001,0.34615384615384615,1514.0,39.03840350057795
247,matrixMulShared,0.009306047205250991,0.08918010353884577,0.5284015852047557,0.0845442536327609,0.6763540290620872,0.0,0.15653896961690886,0.977884,0.2903225806451613,1514.0,39.01791069451783
248,matrixMulShared,0.00911270202072325,0.08767567159635073,0.5284015852047557,0.0845442536327609,0.6763540290620872,0.0,0.15653896961690886,0.9778049999999999,0.25,1514.0,39.019844573976215
249,matrixMulShared,0.009282342666363937,0.08887670156662814,0.5284015852047557,0.0845442536327609,0.6763540290620872,0.0,0.15653896961690886,0.9778629999999999,0.23076923076923078,1514.0,39.15367650222919
250,mergeSort,0.021218407233029802,0.0213905991307947,0.2108851552799048,0.010596026490066225,0.0,0.0,0.6324503311258278,0.976979,0.5238095238095238,1510.0,25.028940318377494
251,mergeSort,0.02123914301790149,0.02127402602442053,0.2108851552799048,0.010596026490066225,0.0,0.0,0.6324503311258278,0.977341,0.4230769230769231,1510.0,24.99149124225994
252,mergeSort,0.021228835756415564,0.021353492989445364,0.2108851552799048,0.010596026490066225,0.0,0.0,0.6324503311258278,0.97706,0.3548387096774194,1510.0,24.90111821854305
253,mergeSort,0.02126165731063742,0.021382959631105133,0.2108851552799048,0.010596026490066225,0.0,0.0,0.6324503311258278,0.977201,0.3055555555555556,1510.0,24.887359921647352
254,mergeSort,0.021548967171978475,0.02134241773592715,0.2108851552799048,0.010596026490066225,0.0,0.0,0.6324503311258278,0.97767,0.28205128205128205,1510.0,24.909987564983446
255,mergeSort,0.02115652324348096,0.021324713498551324,0.2108851552799048,0.010596026490066225,0.0,0.0,0.6324503311258278,0.976201,0.6190476190476191,1510.0,25.122791331291392
256,mergeSort,0.021320105546357614,0.021308626086506622,0.2108851552799048,0.010596026490066225,0.0,0.0,0.6324503311258278,0.975736,0.5,1510.0,25.048346635430466
257,mergeSort,0.021285909690604305,0.021397349376552154,0.2108851552799048,0.010596026490066225,0.0,0.0,0.6324503311258278,0.9766540000000001,0.41935483870967744,1510.0,25.061402478394047
258,mergeSort,0.021533728593232614,0.02180260664579884,0.2108851552799048,0.010596026490066225,0.0,0.0,0.6324503311258278,0.9764879999999999,0.3611111111111111,1510.0,25.059769980794695
259,mergeSort,0.02127160078642384,0.021809680256622516,0.2108851552799048,0.010596026490066225,0.0,0.0,0.6324503311258278,0.976299,0.3333333333333333,1510.0,25.053343663783117
260,mergeSort,0.021213273812603475,0.021199005329056293,0.2108851552799048,0.010596026490066225,0.0,0.0,0.6324503311258278,0.976398,0.7142857142857143,1510.0,25.620748182119204
261,mergeSort,0.02130603916597682,0.021353897195778147,0.2108851552799048,0.010596026490066225,0.0,0.0,0.6324503311258278,0.9759329999999999,0.5769230769230769,1510.0,25.56370856995033
262,mergeSort,0.02119156793253311,0.021304786126345197,0.2108851552799048,0.010596026490066225,0.0,0.0,0.6324503311258278,0.976138,0.4838709677419355,1510.0,25.52180678145695
263,mergeSort,0.02141117323313328,0.021335465387003313,0.2108851552799048,0.010596026490066225,0.0,0.0,0.6324503311258278,0.9759469999999999,0.4166666666666667,1510.0,25.510147752690404
264,mergeSort,0.021409313884002485,0.021651029271005796,0.2108851552799048,0.010596026490066225,0.0,0.0,0.6324503311258278,0.9758,0.38461538461538464,1510.0,25.50933451986755
265,mergeSort,0.021338658617032286,0.021814975359581955,0.2108851552799048,0.010596026490066225,0.0,0.0,0.6324503311258278,0.977548,0.3333333333333333,1510.0,24.797066830960265
266,mergeSort,0.021763560314052154,0.021322975411320364,0.2108851552799048,0.010596026490066225,0.0,0.0,0.6324503311258278,0.977883,0.2692307692307692,1510.0,24.77949855459437
267,mergeSort,0.021314931705298013,0.022813284160285597,0.2108851552799048,0.010596026490066225,0.0,0.0,0.6324503311258278,0.977765,0.22580645161290322,1510.0,24.7821742982202
268,mergeSort,0.021650786747206125,0.021397026011485926,0.2108851552799048,0.010596026490066225,0.0,0.0,0.6324503311258278,0.977884,0.19444444444444445,1510.0,24.803040061920534
269,mergeSort,0.02189613999120447,0.02154351038648593,0.2108851552799048,0.010596026490066225,0.0,0.0,0.6324503311258278,0.977492,0.1794871794871795,1510.0,24.80867413360927
270,mergeSort,0.021167315552566224,0.021766106813948676,0.2108851552799048,0.010596026490066225,0.0,0.0,0.6324503311258278,0.977342,0.42857142857142855,1510.0,24.96433246614238
271,mergeSort,0.021511295141763247,0.021543429545219372,0.2108851552799048,0.010596026490066225,0.0,0.0,0.6324503311258278,0.977094,0.34615384615384615,1510.0,24.923419329635763
272,mergeSort,0.021332029633174668,0.021365417076262418,0.2108851552799048,0.010596026490066225,0.0,0.0,0.6324503311258278,0.9771049999999999,0.2903225806451613,1510.0,24.904044573675492
273,mergeSort,0.021419055256622518,0.02150393858650662,0.2108851552799048,0.010596026490066225,0.0,0.0,0.6324503311258278,0.977632,0.25,1510.0,24.913470504635757
274,mergeSort,0.021219458169495033,0.021985752535182118,0.2108851552799048,0.010596026490066225,0.0,0.0,0.6324503311258278,0.977468,0.23076923076923078,1510.0,24.925312625662247
275,nn,0.2942765398723323,0.4883608934355945,0.0,0.1951219512195122,0.2926829268292683,0.0,0.4146341463414634,0.8860049999999999,0.5238095238095238,41.0,80.6798043864329
276,nn,0.2925802091272866,0.4901279356421494,0.0,0.1951219512195122,0.2926829268292683,0.0,0.4146341463414634,0.8737969999999999,0.4230769230769231,41.0,63.338028029878046
277,nn,0.29411502000762196,0.4881130311547256,0.0,0.1951219512195122,0.2926829268292683,0.0,0.4146341463414634,0.861592,0.3548387096774194,41.0,51.898769027439016
278,nn,0.2940547291825457,0.4885291122808689,0.0,0.1951219512195122,0.2926829268292683,0.0,0.4146341463414634,0.853749,0.3055555555555556,41.0,44.48741578422258
279,nn,0.2923457448075457,0.4902753132145579,0.0,0.1951219512195122,0.2926829268292683,0.0,0.4146341463414634,0.847922,0.28205128205128205,41.0,40.63420597835366
280,nn,0.2924983326981707,0.48931214867568595,0.0,0.1951219512195122,0.2926829268292683,0.0,0.4146341463414634,0.8890389999999999,0.6190476190476191,41.0,95.54323241006097
281,nn,0.2928169064405488,0.4882864603182165,0.0,0.1951219512195122,0.2926829268292683,0.0,0.4146341463414634,0.8769809999999999,0.5,41.0,74.89651690724085
282,nn,0.29493825028582316,0.4885075266768293,0.0,0.1951219512195122,0.2926829268292683,0.0,0.4146341463414634,0.865289,0.41935483870967744,41.0,61.35373863719511
283,nn,0.29493601729230184,0.4882589200647866,0.0,0.1951219512195122,0.2926829268292683,0.0,0.4146341463414634,0.8558709999999999,0.3611111111111111,41.0,52.53795445853658
284,nn,0.29180015005716464,0.4888424757050305,0.0,0.1951219512195122,0.2926829268292683,0.0,0.4146341463414634,0.8483120000000001,0.3333333333333333,41.0,47.87874221158537
285,nn,0.2937726276676829,0.4881279177782012,0.0,0.1951219512195122,0.2926829268292683,0.0,0.4146341463414634,0.889956,0.7142857142857143,41.0,110.21345341463415
286,nn,0.29183066763528964,0.4879961711604421,0.0,0.1951219512195122,0.2926829268292683,0.0,0.4146341463414634,0.878692,0.5769230769230769,41.0,86.46309187957316
287,nn,0.2939683867663872,0.4882730623570884,0.0,0.1951219512195122,0.2926829268292683,0.0,0.4146341463414634,0.867613,0.4838709677419355,41.0,70.84304822446647
288,nn,0.2923837056974085,0.4882819943311738,0.0,0.1951219512195122,0.2926829268292683,0.0,0.4146341463414634,0.858828,0.4166666666666667,41.0,60.68483884756099
289,nn,0.2924067799637957,0.4880222227515244,0.0,0.1951219512195122,0.2926829268292683,0.0,0.4146341463414634,0.852374,0.38461538461538464,41.0,55.40983224009146
290,nn,0.29236733041158536,0.4894096560594512,0.0,0.1951219512195122,0.2926829268292683,0.0,0.4146341463414634,0.875016,0.3333333333333333,41.0,51.24645916463415
291,nn,0.29310719559832316,0.4881323837652439,0.0,0.1951219512195122,0.2926829268292683,0.0,0.4146341463414634,0.8640180000000001,0.2692307692307692,41.0,40.27120725868902
292,nn,0.29229736328125,0.4883839677019817,0.0,0.1951219512195122,0.2926829268292683,0.0,0.4146341463414634,0.862087,0.22580645161290322,41.0,37.07006953925305
293,nn,0.2949494152534299,0.488128662109375,0.0,0.1951219512195122,0.2926829268292683,0.0,0.4146341463414634,0.862258,0.19444444444444445,41.0,37.566451703353664
294,nn,0.2937398770960366,0.4881011218559451,0.0,0.1951219512195122,0.2926829268292683,0.0,0.4146341463414634,0.861402,0.1794871794871795,41.0,37.51169349695122
295,nn,0.2920956495331555,0.4889146758288872,0.0,0.1951219512195122,0.2926829268292683,0.0,0.4146341463414634,0.879862,0.42857142857142855,41.0,65.80656895884147
296,nn,0.2921574290205793,0.4917222930163872,0.0,0.1951219512195122,0.2926829268292683,0.0,0.4146341463414634,0.87045,0.34615384615384615,41.0,51.88087670350609
297,nn,0.2921782702934451,0.4885707948266006,0.0,0.1951219512195122,0.2926829268292683,0.0,0.4146341463414634,0.8598319999999999,0.2903225806451613,41.0,42.54221981524389
298,nn,0.2921596620141006,0.4883809903772866,0.0,0.1951219512195122,0.2926829268292683,0.0,0.4146341463414634,0.850124,0.25,41.0,36.56265395213415
299,nn,0.293365478515625,0.488037109375,0.0,0.1951219512195122,0.2926829268292683,0.0,0.4146341463414634,0.851733,0.23076923076923078,41.0,36.57576507599085
300,pathfinder,0.02749695259581291,0.09553103180490634,0.1296687990917319,0.07852851041179443,0.0,0.0,0.4476435203875939,0.9777290000000001,0.5238095238095238,3347.8,26.890418570239802
301,pathfinder,0.027446139659390058,0.09556291443168145,0.1296687990917319,0.07852851041179443,0.0,0.0,0.4476435203875939,0.977402,0.4230769230769231,3347.8,25.92657617474021
302,pathfinder,0.0273987077187369,0.09550285684015884,0.1296687990917319,0.07852851041179443,0.0,0.0,0.4476435203875939,0.977453,0.3548387096774194,3347.8,25.424404232235766
303,pathfinder,0.027446874658470424,0.09554122379215411,0.1296687990917319,0.07852851041179443,0.0,0.0,0.4476435203875939,0.977525,0.3055555555555556,3347.8,25.32196777272726
304,pathfinder,0.02729097318686768,0.09547412654277286,0.1296687990917319,0.07852851041179443,0.0,0.0,0.4476435203875939,0.97775,0.28205128205128205,3347.8,25.19827906988656
305,pathfinder,0.028266463966333616,0.09576301384798375,0.1296687990917319,0.07852851041179443,0.0,0.0,0.4476435203875939,0.977166,0.6190476190476191,3347.8,28.05165969387347
306,pathfinder,0.027445731326567628,0.09543139859623406,0.1296687990917319,0.07852851041179443,0.0,0.0,0.4476435203875939,0.977775,0.5,3347.8,26.47041516668054
307,pathfinder,0.027476552288004445,0.09566749663416153,0.1296687990917319,0.07852851041179443,0.0,0.0,0.4476435203875939,0.977748,0.41935483870967744,3347.8,25.827659914145837
308,pathfinder,0.027376135080313117,0.09545980222736213,0.1296687990917319,0.07852851041179443,0.0,0.0,0.4476435203875939,0.9778629999999999,0.3611111111111111,3347.8,25.68399276609331
309,pathfinder,0.027426997016674663,0.09599176189510751,0.1296687990917319,0.07852851041179443,0.0,0.0,0.4476435203875939,0.9776440000000001,0.3333333333333333,3347.8,25.527317202584875
310,pathfinder,0.027473056959044468,0.095490133189412,0.1296687990917319,0.07852851041179443,0.0,0.0,0.4476435203875939,0.9787520000000001,0.7142857142857143,3347.8,29.343104846227213
311,pathfinder,0.02745118665307526,0.09582851043270108,0.1296687990917319,0.07852851041179443,0.0,0.0,0.4476435203875939,0.9798,0.5769230769230769,3347.8,27.82836706018713
312,pathfinder,0.027439737000734397,0.09542716826819372,0.1296687990917319,0.07852851041179443,0.0,0.0,0.4476435203875939,0.9786,0.4838709677419355,3347.8,26.97427827794302
313,pathfinder,0.02725053190413448,0.09561728803031587,0.1296687990917319,0.07852851041179443,0.0,0.0,0.4476435203875939,0.9780530000000001,0.4166666666666667,3347.8,26.713827057656385
314,pathfinder,0.027321451148733654,0.0953930316442388,0.1296687990917319,0.07852851041179443,0.0,0.0,0.4476435203875939,0.977893,0.38461538461538464,3347.8,26.464123445349543
315,pathfinder,0.027661004390551306,0.09560469504607222,0.1296687990917319,0.07852851041179443,0.0,0.0,0.4476435203875939,0.9778610000000001,0.3333333333333333,3347.8,25.29321855144473
316,pathfinder,0.027851646818686165,0.09590826599957758,0.1296687990917319,0.07852851041179443,0.0,0.0,0.4476435203875939,0.97819,0.2692307692307692,3347.8,24.95014055879373
317,pathfinder,0.028093804515698456,0.09587120571261407,0.1296687990917319,0.07852851041179443,0.0,0.0,0.4476435203875939,0.978367,0.22580645161290322,3347.8,24.82178362891925
318,pathfinder,0.02761362144983684,0.09563770467143724,0.1296687990917319,0.07852851041179443,0.0,0.0,0.4476435203875939,0.978466,0.19444444444444445,3347.8,24.855225453542126
319,pathfinder,0.02753087688670017,0.09601345253463485,0.1296687990917319,0.07852851041179443,0.0,0.0,0.4476435203875939,0.9783649999999999,0.1794871794871795,3347.8,24.83891452095281
320,pathfinder,0.027707407332491944,0.09596686992625235,0.1296687990917319,0.07852851041179443,0.0,0.0,0.4476435203875939,0.9779190000000001,0.42857142857142855,3347.8,25.919681561424987
321,pathfinder,0.027552877859172556,0.09543541659120676,0.1296687990917319,0.07852851041179443,0.0,0.0,0.4476435203875939,0.978038,0.34615384615384615,3347.8,25.462031039775557
322,pathfinder,0.027484245278378974,0.09608515577825309,0.1296687990917319,0.07852851041179443,0.0,0.0,0.4476435203875939,0.977798,0.2903225806451613,3347.8,25.164355060862626
323,pathfinder,0.02753886387670685,0.09554333078951784,0.1296687990917319,0.07852851041179443,0.0,0.0,0.4476435203875939,0.977952,0.25,3347.8,25.07852089039082
324,pathfinder,0.02773306696705328,0.09556704675984443,0.1296687990917319,0.07852851041179443,0.0,0.0,0.4476435203875939,0.9782770000000001,0.23076923076923078,3347.8,25.039732637016765
325,quasirandomGenerator,0.054794618468330086,0.054896519281115594,0.0,0.0,0.013677770950765368,0.0,0.94422034034141,0.717162,0.5238095238095238,37433.0,14.520265001469294
326,quasirandomGenerator,0.055083798330795464,0.0549495828380039,0.0,0.0,0.013677770950765368,0.0,0.94422034034141,0.7167680000000001,0.4230769230769231,37433.0,14.467353715349203
327,quasirandomGenerator,0.054702283357376286,0.05492189447924736,0.0,0.0,0.013677770950765368,0.0,0.94422034034141,0.719029,0.3548387096774194,37433.0,14.412978211382116
328,quasirandomGenerator,0.054814462951584604,0.05496587931548811,0.0,0.0,0.013677770950765368,0.0,0.94422034034141,0.719696,0.3055555555555556,37433.0,14.433397888137922
329,quasirandomGenerator,0.0551512278326165,0.054968001162076244,0.0,0.0,0.013677770950765368,0.0,0.94422034034141,0.718229,0.28205128205128205,37433.0,14.409605620530904
330,quasirandomGenerator,0.054750511886793286,0.05509659897906482,0.0,0.0,0.013677770950765368,0.0,0.94422034034141,0.7143390000000001,0.6190476190476191,37433.0,14.586652386557319
331,quasirandomGenerator,0.054842794821191636,0.05503177830501607,0.0,0.0,0.013677770950765368,0.0,0.94422034034141,0.716647,0.5,37433.0,14.478810552061903
332,quasirandomGenerator,0.0551799423302968,0.05528937395925164,0.0,0.0,0.013677770950765368,0.0,0.94422034034141,0.721061,0.41935483870967744,37433.0,14.531428381232244
333,quasirandomGenerator,0.0548987454808146,0.05498454113015254,0.0,0.0,0.013677770950765368,0.0,0.94422034034141,0.713267,0.3611111111111111,37433.0,14.38476088650834
334,quasirandomGenerator,0.05483545531905893,0.05484300352741342,0.0,0.0,0.013677770950765368,0.0,0.94422034034141,0.7164470000000001,0.3333333333333333,37433.0,14.455694191898415
335,quasirandomGenerator,0.054879944528669,0.05503791774637352,0.0,0.0,0.013677770950765368,0.0,0.94422034034141,0.713033,0.7142857142857143,37433.0,16.43901743541795
336,quasirandomGenerator,0.05495326998125539,0.05504003959296165,0.0,0.0,0.013677770950765368,0.0,0.94422034034141,0.71912,0.5769230769230769,37433.0,14.811762647930971
337,quasirandomGenerator,0.054861143576523386,0.054977201628019834,0.0,0.0,0.013677770950765368,0.0,0.94422034034141,0.707403,0.4838709677419355,37433.0,14.535276826596851
338,quasirandomGenerator,0.05492674689890382,0.05538485705571732,0.0,0.0,0.013677770950765368,0.0,0.94422034034141,0.713195,0.4166666666666667,37433.0,14.639426232201533
339,quasirandomGenerator,0.05481274112525491,0.05480839307896775,0.0,0.0,0.013677770950765368,0.0,0.94422034034141,0.715116,0.38461538461538464,37433.0,14.677520444527556
340,quasirandomGenerator,0.05506329294450529,0.055279773473049625,0.0,0.0,0.013677770950765368,0.0,0.94422034034141,0.722796,0.3333333333333333,37433.0,14.552594021318088
341,quasirandomGenerator,0.05516190663429772,0.05504037004447947,0.0,0.0,0.013677770950765368,0.0,0.94422034034141,0.720209,0.2692307692307692,37433.0,14.504099466958744
342,quasirandomGenerator,0.05496735765122575,0.055242693334312865,0.0,0.0,0.013677770950765368,0.0,0.94422034034141,0.721834,0.22580645161290322,37433.0,14.540424474661394
343,quasirandomGenerator,0.055091103048557875,0.05512393949411838,0.0,0.0,0.013677770950765368,0.0,0.94422034034141,0.7186319999999999,0.19444444444444445,37433.0,14.479507865252586
344,quasirandomGenerator,0.05497718423583469,0.05560071146559631,0.0,0.0,0.013677770950765368,0.0,0.94422034034141,0.718223,0.1794871794871795,37433.0,14.471267042805367
345,quasirandomGenerator,0.0549874978016278,0.05537188248559649,0.0,0.0,0.013677770950765368,0.0,0.94422034034141,0.7194560000000001,0.42857142857142855,37433.0,14.472534074212593
346,quasirandomGenerator,0.054905180589319584,0.05485714337393921,0.0,0.0,0.013677770950765368,0.0,0.94422034034141,0.7178180000000001,0.34615384615384615,37433.0,14.431530212379453
347,quasirandomGenerator,0.055033395778234885,0.05488787536509675,0.0,0.0,0.013677770950765368,0.0,0.94422034034141,0.7178,0.2903225806451613,37433.0,14.453028504260947
348,quasirandomGenerator,0.05498393240367234,0.05496104428801682,0.0,0.0,0.013677770950765368,0.0,0.94422034034141,0.722755,0.25,37433.0,14.562066118131064
349,quasirandomGenerator,0.05494676530400983,0.055147331983143213,0.0,0.0,0.013677770950765368,0.0,0.94422034034141,0.720953,0.23076923076923078,37433.0,14.532692962893705
350,scalarProd,0.3702643933216756,0.3701097756770108,0.05065792428257062,0.36789868415143484,0.10346027754075537,0.0,0.37080657475187495,0.9965290000000001,0.5238095238095238,44534.0,112.76392240265866
351,scalarProd,0.3698246397766313,0.36898699413650243,0.05065792428257062,0.36789868415143484,0.10346027754075537,0.0,0.37080657475187495,0.996282,0.4230769230769231,44534.0,89.61638692549515
352,scalarProd,0.36973429447865674,0.3690066201174945,0.05065792428257062,0.36789868415143484,0.10346027754075537,0.0,0.37080657475187495,0.996008,0.3548387096774194,44534.0,74.38547553958773
353,scalarProd,0.3691850959379351,0.36958811929508917,0.05065792428257062,0.36789868415143484,0.10346027754075537,0.0,0.37080657475187495,0.995559,0.3055555555555556,44534.0,64.2083467775183
354,scalarProd,0.36969784936088157,0.36922629953378316,0.05065792428257062,0.36789868415143484,0.10346027754075537,0.0,0.37080657475187495,0.9959180000000001,0.28205128205128205,44534.0,59.08776529393273
355,scalarProd,0.37000796178902634,0.3695692388820901,0.05065792428257062,0.36789868415143484,0.10346027754075537,0.0,0.37080657475187495,0.9968290000000001,0.6190476190476191,44534.0,133.0737840220955
356,scalarProd,0.36983518737088517,0.3688761895756613,0.05065792428257062,0.36789868415143484,0.10346027754075537,0.0,0.37080657475187495,0.996469,0.5,44534.0,105.70326736493469
357,scalarProd,0.3697206768985494,0.3695370040306283,0.05065792428257062,0.36789868415143484,0.10346027754075537,0.0,0.37080657475187495,0.996195,0.41935483870967744,44534.0,87.65325952530651
358,scalarProd,0.3697963301213679,0.36912913448151974,0.05065792428257062,0.36789868415143484,0.10346027754075537,0.0,0.37080657475187495,0.995942,0.3611111111111111,44534.0,75.61814983158935
359,scalarProd,0.3695121590736853,0.3695443281397359,0.05065792428257062,0.36789868415143484,0.10346027754075537,0.0,0.37080657475187495,0.996059,0.3333333333333333,44534.0,69.55302811492344
360,scalarProd,0.3702834053054969,0.3702827255229151,0.05065792428257062,0.36789868415143484,0.10346027754075537,0.0,0.37080657475187495,0.996901,0.7142857142857143,44534.0,153.38651787735216
361,scalarProd,0.370301255080388,0.3695747648566264,0.05065792428257062,0.36789868415143484,0.10346027754075537,0.0,0.37080657475187495,0.9967450000000001,0.5769230769230769,44534.0,121.8648002256703
362,scalarProd,0.369934040915368,0.3694475577999394,0.05065792428257062,0.36789868415143484,0.10346027754075537,0.0,0.37080657475187495,0.996315,0.4838709677419355,44534.0,100.97270187384918
363,scalarProd,0.3695385609520254,0.3690357191976916,0.05065792428257062,0.36789868415143484,0.10346027754075537,0.0,0.37080657475187495,0.996129,0.4166666666666667,44534.0,87.11040068374724
364,scalarProd,0.3689020213137715,0.3684706005874725,0.05065792428257062,0.36789868415143484,0.10346027754075537,0.0,0.37080657475187495,0.9961700000000001,0.38461538461538464,44534.0,80.10138234831815
365,scalarProd,0.3701315945050411,0.3698572035551489,0.05065792428257062,0.36789868415143484,0.10346027754075537,0.0,0.37080657475187495,0.9962270000000001,0.3333333333333333,44534.0,72.25542669129206
366,scalarProd,0.3696361426452261,0.3691659085263507,0.05065792428257062,0.36789868415143484,0.10346027754075537,0.0,0.37080657475187495,0.995655,0.2692307692307692,44534.0,57.52482055171329
367,scalarProd,0.36953408754406747,0.36924055303953157,0.05065792428257062,0.36789868415143484,0.10346027754075537,0.0,0.37080657475187495,0.994922,0.22580645161290322,44534.0,53.0176762716127
368,scalarProd,0.37048196760480756,0.36981687709811606,0.05065792428257062,0.36789868415143484,0.10346027754075537,0.0,0.37080657475187495,0.994755,0.19444444444444445,44534.0,53.64672123546054
369,scalarProd,0.3692680294129205,0.3692763622316657,0.05065792428257062,0.36789868415143484,0.10346027754075537,0.0,0.37080657475187495,0.9947879999999999,0.1794871794871795,44534.0,53.64693727129832
370,scalarProd,0.37014260259717296,0.36998487110971395,0.05065792428257062,0.36789868415143484,0.10346027754075537,0.0,0.37080657475187495,0.996343,0.42857142857142855,44534.0,92.47371391790541
371,scalarProd,0.36993401898689765,0.3693471911910001,0.05065792428257062,0.36789868415143484,0.10346027754075537,0.0,0.37080657475187495,0.9960129999999999,0.34615384615384615,44534.0,73.59658011204921
372,scalarProd,0.3694070120582027,0.36919838459098664,0.05065792428257062,0.36789868415143484,0.10346027754075537,0.0,0.37080657475187495,0.9955940000000001,0.2903225806451613,44534.0,61.133325743027825
373,scalarProd,0.3692267819601316,0.36933570067251986,0.05065792428257062,0.36789868415143484,0.10346027754075537,0.0,0.37080657475187495,0.99434,0.25,44534.0,52.791295473121664
374,scalarProd,0.3696766006730812,0.3697101073758252,0.05065792428257062,0.36789868415143484,0.10346027754075537,0.0,0.37080657475187495,0.994654,0.23076923076923078,44534.0,52.7516828261553
375,scanScanExclusiveShared,0.262680178782979,0.2635711920065958,0.22131147540983606,0.13114754098360656,0.0,0.0,0.5,0.9505540000000001,0.5238095238095238,122.0,78.90279949795081
376,scanScanExclusiveShared,0.2627475926133453,0.26274821797355274,0.22131147540983606,0.13114754098360656,0.0,0.0,0.5,0.947155,0.4230769230769231,122.0,62.270043145811975
377,scanScanExclusiveShared,0.2620581955206199,0.26242309320168417,0.22131147540983606,0.13114754098360656,0.0,0.0,0.5,0.944533,0.3548387096774194,122.0,51.35184465074283
378,scanScanExclusiveShared,0.2623621205814549,0.26261088887199024,0.22131147540983606,0.13114754098360656,0.0,0.0,0.5,0.9421200000000001,0.3055555555555556,122.0,44.26510036629099
379,scanScanExclusiveShared,0.2624827525654777,0.2637130862376729,0.22131147540983606,0.13114754098360656,0.0,0.0,0.5,0.940609,0.28205128205128205,122.0,40.57713499987192
380,scanScanExclusiveShared,0.2625425995373335,0.2627999977987321,0.22131147540983606,0.13114754098360656,0.0,0.0,0.5,0.95036,0.6190476190476191,122.0,93.22973176229507
381,scanScanExclusiveShared,0.2627883035628522,0.26352103811795596,0.22131147540983606,0.13114754098360656,0.0,0.0,0.5,0.9472010000000001,0.5,122.0,73.5891350681993
382,scanScanExclusiveShared,0.2632009787637679,0.2623101531482134,0.22131147540983606,0.13114754098360656,0.0,0.0,0.5,0.944469,0.41935483870967744,122.0,60.669492751728995
383,scanScanExclusiveShared,0.26293001018586704,0.2635081556976819,0.22131147540983606,0.13114754098360656,0.0,0.0,0.5,0.942111,0.3611111111111111,122.0,52.271233418545094
384,scanScanExclusiveShared,0.2630340701243917,0.2627202643722784,0.22131147540983606,0.13114754098360656,0.0,0.0,0.5,0.940673,0.3333333333333333,122.0,47.94474625544313
385,scanScanExclusiveShared,0.263198727467021,0.26398680640048666,0.22131147540983606,0.13114754098360656,0.0,0.0,0.5,0.950559,0.7142857142857143,122.0,107.59529254610656
386,scanScanExclusiveShared,0.2623337917640561,0.2640134467453253,0.22131147540983606,0.13114754098360656,0.0,0.0,0.5,0.947282,0.5769230769230769,122.0,84.89778347143952
387,scanScanExclusiveShared,0.26301793583103866,0.2630742807857326,0.22131147540983606,0.13114754098360656,0.0,0.0,0.5,0.94465,0.4838709677419355,122.0,69.99762131787908
388,scanScanExclusiveShared,0.26285577992923925,0.2628743531274014,0.22131147540983606,0.13114754098360656,0.0,0.0,0.5,0.9419860000000001,0.4166666666666667,122.0,60.27871926293547
389,scanScanExclusiveShared,0.262115978803791,0.26231615660620516,0.22131147540983606,0.13114754098360656,0.0,0.0,0.5,0.940527,0.38461538461538464,122.0,55.09003195408555
390,scanScanExclusiveShared,0.26371852687147795,0.26321511190445696,0.22131147540983606,0.13114754098360656,0.0,0.0,0.5,0.94962,0.3333333333333333,122.0,50.19133320952869
391,scanScanExclusiveShared,0.2626613554407339,0.26249025688796745,0.22131147540983606,0.13114754098360656,0.0,0.0,0.5,0.946742,0.2692307692307692,122.0,39.67277002446208
392,scanScanExclusiveShared,0.2631866580150167,0.2629054960657339,0.22131147540983606,0.13114754098360656,0.0,0.0,0.5,0.945932,0.22580645161290322,122.0,36.45527189421106
393,scanScanExclusiveShared,0.26300280211401766,0.2626782401663358,0.22131147540983606,0.13114754098360656,0.0,0.0,0.5,0.946031,0.19444444444444445,122.0,37.05235579905225
394,scanScanExclusiveShared,0.26295177272108733,0.2626148911773181,0.22131147540983606,0.13114754098360656,0.0,0.0,0.5,0.946212,0.1794871794871795,122.0,37.067927810963106
395,scanScanExclusiveShared,0.26384484963338883,0.26381445712730534,0.22131147540983606,0.13114754098360656,0.0,0.0,0.5,0.9498139999999999,0.42857142857142855,122.0,64.50657888319672
396,scanScanExclusiveShared,0.2631757767474065,0.26367950439453125,0.22131147540983606,0.13114754098360656,0.0,0.0,0.5,0.9467620000000001,0.34615384615384615,122.0,50.937990322361685
397,scanScanExclusiveShared,0.26388793695168417,0.26245667504482584,0.22131147540983606,0.13114754098360656,0.0,0.0,0.5,0.9442790000000001,0.2903225806451613,122.0,42.04901718846056
398,scanScanExclusiveShared,0.26232866381035475,0.26260319694143824,0.22131147540983606,0.13114754098360656,0.0,0.0,0.5,0.941782,0.25,122.0,36.243529803534834
399,scanScanExclusiveShared,0.2635730055511975,0.26255829607854125,0.22131147540983606,0.13114754098360656,0.0,0.0,0.5,0.942008,0.23076923076923078,122.0,36.21639517008197
400,sortingNetworks,0.04092265384948197,0.04202660150521319,0.8107638729281146,0.020107924837687922,0.0,0.0,0.19227932259227007,0.989022,0.5238095238095238,795.7061769999999,58.27875962938516
401,sortingNetworks,0.040213471800353076,0.041898618135036175,0.8107638729281146,0.020107924837687922,0.0,0.0,0.19227932259227007,0.989082,0.4230769230769231,795.7061769999999,58.25238489932572
402,sortingNetworks,0.04059703838265463,0.040261144359277266,0.8107638729281146,0.020107924837687922,0.0,0.0,0.19227932259227007,0.989015,0.3548387096774194,795.7061769999999,58.25271151329142
403,sortingNetworks,0.04144463576980235,0.0411523489061167,0.8107638729281146,0.020107924837687922,0.0,0.0,0.19227932259227007,0.989078,0.3055555555555556,795.7061769999999,58.16241887424735
404,sortingNetworks,0.04114452493023534,0.04306254960585785,0.8107638729281146,0.020107924837687922,0.0,0.0,0.19227932259227007,0.9890260000000001,0.28205128205128205,795.7061769999999,58.12517980176495
405,sortingNetworks,0.04082704026187295,0.041270820776202644,0.8107638729281146,0.020107924837687922,0.0,0.0,0.19227932259227007,0.9882559999999999,0.6190476190476191,795.7061769999999,58.397409500064754
406,sortingNetworks,0.04051515510566095,0.04091045765178455,0.8107638729281146,0.020107924837687922,0.0,0.0,0.19227932259227007,0.988166,0.5,795.7061769999999,58.33154996828686
407,sortingNetworks,0.04095816856353168,0.04091110964977466,0.8107638729281146,0.020107924837687922,0.0,0.0,0.19227932259227007,0.988252,0.41935483870967744,795.7061769999999,58.291216625493156
408,sortingNetworks,0.040388820906870695,0.04074672945062013,0.8107638729281146,0.020107924837687922,0.0,0.0,0.19227932259227007,0.9881469999999999,0.3611111111111111,795.7061769999999,58.26988825251383
409,sortingNetworks,0.040486735663856584,0.040486658958210686,0.8107638729281146,0.020107924837687922,0.0,0.0,0.19227932259227007,0.988247,0.3333333333333333,795.7061769999999,58.28587618215763
410,sortingNetworks,0.04057441021711539,0.04087471282079714,0.8107638729281146,0.020107924837687922,0.0,0.0,0.19227932259227007,0.9880200000000001,0.7142857142857143,795.7061769999999,59.414842270352274
411,sortingNetworks,0.04069487643399462,0.04110793633714308,0.8107638729281146,0.020107924837687922,0.0,0.0,0.19227932259227007,0.98798,0.5769230769230769,795.7061769999999,59.354235021226934
412,sortingNetworks,0.040584765479311315,0.041061222598792586,0.8107638729281146,0.020107924837687922,0.0,0.0,0.19227932259227007,0.9879530000000001,0.4838709677419355,795.7061769999999,59.340972910092184
413,sortingNetworks,0.040938071684307006,0.04117547565835426,0.8107638729281146,0.020107924837687922,0.0,0.0,0.19227932259227007,0.987999,0.4166666666666667,795.7061769999999,59.33209528876764
414,sortingNetworks,0.04031863524087611,0.040562405783532714,0.8107638729281146,0.020107924837687922,0.0,0.0,0.19227932259227007,0.987899,0.38461538461538464,795.7061769999999,59.34354912996045
415,sortingNetworks,0.041004191951069115,0.041046533467603556,0.8107638729281146,0.020107924837687922,0.0,0.0,0.19227932259227007,0.989816,0.3333333333333333,795.7061769999999,57.80231154973176
416,sortingNetworks,0.04117144861194474,0.04131400605484194,0.8107638729281146,0.020107924837687922,0.0,0.0,0.19227932259227007,0.989869,0.2692307692307692,795.7061769999999,57.827176823430655
417,sortingNetworks,0.04171268364938495,0.041400913551641785,0.8107638729281146,0.020107924837687922,0.0,0.0,0.19227932259227007,0.989816,0.22580645161290322,795.7061769999999,57.82952288178605
418,sortingNetworks,0.0412769572278743,0.04139588933183562,0.8107638729281146,0.020107924837687922,0.0,0.0,0.19227932259227007,0.989786,0.19444444444444445,795.7061769999999,57.9393332262331
419,sortingNetworks,0.04144743552587754,0.04217188199853968,0.8107638729281146,0.020107924837687922,0.0,0.0,0.19227932259227007,0.9898129999999999,0.1794871794871795,795.7061769999999,57.87288560756013
420,sortingNetworks,0.04088545161122254,0.04087114600826299,0.8107638729281146,0.020107924837687922,0.0,0.0,0.19227932259227007,0.989402,0.42857142857142855,795.7061769999999,58.27278571179799
421,sortingNetworks,0.04124846108042404,0.04111334408517873,0.8107638729281146,0.020107924837687922,0.0,0.0,0.19227932259227007,0.989403,0.34615384615384615,795.7061769999999,58.23087892820582
422,sortingNetworks,0.04174509178477589,0.041282134858972266,0.8107638729281146,0.020107924837687922,0.0,0.0,0.19227932259227007,0.9894790000000001,0.2903225806451613,795.7061769999999,58.24234669217292
423,sortingNetworks,0.040684904700028175,0.042049536493336,0.8107638729281146,0.020107924837687922,0.0,0.0,0.19227932259227007,0.989441,0.25,795.7061769999999,58.26109359640866
424,sortingNetworks,0.04102348342101189,0.04097627109596307,0.8107638729281146,0.020107924837687922,0.0,0.0,0.19227932259227007,0.989208,0.23076923076923078,795.7061769999999,57.929196872377695
425,srad,0.08127513569186502,0.10785756032566048,0.04782239079257128,0.06780015694480775,0.2678524718807219,0.05357049437614439,0.3125425058854303,0.9718,0.5238095238095238,298.671875,38.50005708605806
426,srad,0.0806599243068271,0.10792816505362281,0.04782239079257128,0.06780015694480775,0.2678524718807219,0.05357049437614439,0.3125425058854303,0.970348,0.4230769230769231,298.671875,37.09008649835208
427,srad,0.08067290086319644,0.10773525372743918,0.04782239079257128,0.06780015694480775,0.2678524718807219,0.05357049437614439,0.3125425058854303,0.969975,0.3548387096774194,298.671875,36.251946630918134
428,srad,0.08132990289040021,0.10916625114438923,0.04782239079257128,0.06780015694480775,0.2678524718807219,0.05357049437614439,0.3125425058854303,0.9694709999999999,0.3055555555555556,298.671875,35.87494088537797
429,srad,0.08140868182709914,0.10862746861103845,0.04782239079257128,0.06780015694480775,0.2678524718807219,0.05357049437614439,0.3125425058854303,0.969627,0.28205128205128205,298.671875,35.64747558158515
430,srad,0.08085590096128695,0.10852937810619932,0.04782239079257128,0.06780015694480775,0.2678524718807219,0.05357049437614439,0.3125425058854303,0.971298,0.6190476190476191,298.671875,39.95020066816636
431,srad,0.0805843128760136,0.10774271269291133,0.04782239079257128,0.06780015694480775,0.2678524718807219,0.05357049437614439,0.3125425058854303,0.9707690000000001,0.5,298.671875,38.391463539105416
432,srad,0.08069497122678525,0.10781771105806957,0.04782239079257128,0.06780015694480775,0.2678524718807219,0.05357049437614439,0.3125425058854303,0.968226,0.41935483870967744,298.671875,37.16751914580173
433,srad,0.08124795644781585,0.1076736406290871,0.04782239079257128,0.06780015694480775,0.2678524718807219,0.05357049437614439,0.3125425058854303,0.9684780000000001,0.3611111111111111,298.671875,36.629190738582274
434,srad,0.08065481542636672,0.10791518849725347,0.04782239079257128,0.06780015694480775,0.2678524718807219,0.05357049437614439,0.3125425058854303,0.967909,0.3333333333333333,298.671875,36.3127657330892
435,srad,0.08069170154329061,0.10881251226131311,0.04782239079257128,0.06780015694480775,0.2678524718807219,0.05357049437614439,0.3125425058854303,0.9712049999999999,0.7142857142857143,298.671875,42.099945749411454
436,srad,0.08063223417473189,0.1079541181663615,0.04782239079257128,0.06780015694480775,0.2678524718807219,0.05357049437614439,0.3125425058854303,0.968666,0.5769230769230769,298.671875,39.83262024483391
437,srad,0.08112432154067487,0.1096555797148836,0.04782239079257128,0.06780015694480775,0.2678524718807219,0.05357049437614439,0.3125425058854303,0.968433,0.4838709677419355,298.671875,38.77734417316245
438,srad,0.08064991090112478,0.10907878711090767,0.04782239079257128,0.06780015694480775,0.2678524718807219,0.05357049437614439,0.3125425058854303,0.966916,0.4166666666666667,298.671875,37.92900628407009
439,srad,0.08051227766152236,0.10841943499869212,0.04782239079257128,0.06780015694480775,0.2678524718807219,0.05357049437614439,0.3125425058854303,0.9678129999999999,0.38461538461538464,298.671875,37.61028149568401
440,srad,0.0812058592728224,0.10790098580957364,0.04782239079257128,0.06780015694480775,0.2678524718807219,0.05357049437614439,0.3125425058854303,0.972765,0.3333333333333333,298.671875,35.91235659220508
441,srad,0.08202889991498823,0.10822836286947424,0.04782239079257128,0.06780015694480775,0.2678524718807219,0.05357049437614439,0.3125425058854303,0.972719,0.2692307692307692,298.671875,35.33929091624379
442,srad,0.08091567486267329,0.10783794222469265,0.04782239079257128,0.06780015694480775,0.2678524718807219,0.05357049437614439,0.3125425058854303,0.9722430000000001,0.22580645161290322,298.671875,35.11050998765368
443,srad,0.08211759007978028,0.10788586352341094,0.04782239079257128,0.06780015694480775,0.2678524718807219,0.05357049437614439,0.3125425058854303,0.9725389999999999,0.19444444444444445,298.671875,35.18530608223907
444,srad,0.0817850019618101,0.1085635054276746,0.04782239079257128,0.06780015694480775,0.2678524718807219,0.05357049437614439,0.3125425058854303,0.972352,0.1794871794871795,298.671875,35.16572177410409
445,srad,0.0815483586188857,0.10818003286031912,0.04782239079257128,0.06780015694480775,0.2678524718807219,0.05357049437614439,0.3125425058854303,0.9720190000000001,0.42857142857142855,298.671875,37.234302705623854
446,srad,0.080774158873921,0.10806784184540937,0.04782239079257128,0.06780015694480775,0.2678524718807219,0.05357049437614439,0.3125425058854303,0.971102,0.34615384615384615,298.671875,36.15029436317028
447,srad,0.08090290266152236,0.10779114487967564,0.04782239079257128,0.06780015694480775,0.2678524718807219,0.05357049437614439,0.3125425058854303,0.9710559999999999,0.2903225806451613,298.671875,35.638339408422695
448,srad,0.08124203014648182,0.10838622727569971,0.04782239079257128,0.06780015694480775,0.2678524718807219,0.05357049437614439,0.3125425058854303,0.9709030000000001,0.25,298.671875,35.346557985561084
449,srad,0.08143003694742348,0.10809430584619409,0.04782239079257128,0.06780015694480775,0.2678524718807219,0.05357049437614439,0.3125425058854303,0.970784,0.23076923076923078,298.671875,35.20875875908972
450,transpose,0.24225685813210227,0.24306696111505682,0.2727272727272727,0.12121212121212122,0.0,0.0,0.6666666666666666,0.91051,0.5238095238095238,33.0,70.10168241666666
451,transpose,0.2429781827059659,0.24309747869318182,0.2727272727272727,0.12121212121212122,0.0,0.0,0.6666666666666666,0.8868969999999999,0.4230769230769231,33.0,54.69105781562499
452,transpose,0.24529012044270834,0.24286536014441287,0.2727272727272727,0.12121212121212122,0.0,0.0,0.6666666666666666,0.862807,0.3548387096774194,33.0,46.532260018749994
453,transpose,0.24281449751420456,0.2426175204190341,0.2727272727272727,0.12121212121212122,0.0,0.0,0.6666666666666666,0.8453450000000001,0.3055555555555556,33.0,41.59449627083334
454,transpose,0.24503580729166666,0.24304846561316287,0.2727272727272727,0.12121212121212122,0.0,0.0,0.6666666666666666,0.8367959999999999,0.28205128205128205,33.0,38.96767206249999
455,transpose,0.24292639530066287,0.24710822827888257,0.2727272727272727,0.12121212121212122,0.0,0.0,0.6666666666666666,0.9137120000000001,0.6190476190476191,33.0,82.76647298636367
456,transpose,0.24260549834280304,0.24599202473958334,0.2727272727272727,0.12121212121212122,0.0,0.0,0.6666666666666666,0.892832,0.5,33.0,64.39804445454546
457,transpose,0.2425870028409091,0.2429476651278409,0.2727272727272727,0.12121212121212122,0.0,0.0,0.6666666666666666,0.872725,0.41935483870967744,33.0,52.79920134469697
458,transpose,0.24501638701467804,0.24259810014204544,0.2727272727272727,0.12121212121212122,0.0,0.0,0.6666666666666666,0.8531350000000001,0.3611111111111111,33.0,46.7177049157197
459,transpose,0.24222264145359848,0.24286258581912878,0.2727272727272727,0.12121212121212122,0.0,0.0,0.6666666666666666,0.8416600000000001,0.3333333333333333,33.0,43.887547732954545
460,transpose,0.24159749348958334,0.24335826526988635,0.2727272727272727,0.12121212121212122,0.0,0.0,0.6666666666666666,0.9175639999999999,0.7142857142857143,33.0,95.56741865909089
461,transpose,0.24186937736742425,0.24321769945549243,0.2727272727272727,0.12121212121212122,0.0,0.0,0.6666666666666666,0.896695,0.5769230769230769,33.0,74.3658204190341
462,transpose,0.24284963896780304,0.24270167495265152,0.2727272727272727,0.12121212121212122,0.0,0.0,0.6666666666666666,0.877217,0.4838709677419355,33.0,60.53295718749999
463,transpose,0.24393902402935605,0.24290882457386365,0.2727272727272727,0.12121212121212122,0.0,0.0,0.6666666666666666,0.856828,0.4166666666666667,33.0,52.16914118181818
464,transpose,0.24363754734848486,0.24253614021070075,0.2727272727272727,0.12121212121212122,0.0,0.0,0.6666666666666666,0.847266,0.38461538461538464,33.0,48.57457816193181
465,transpose,0.24350900361032196,0.24306881066524622,0.2727272727272727,0.12121212121212122,0.0,0.0,0.6666666666666666,0.8854,0.3333333333333333,33.0,46.093789848484846
466,transpose,0.24376331676136365,0.24280987363873105,0.2727272727272727,0.12121212121212122,0.0,0.0,0.6666666666666666,0.859557,0.2692307692307692,33.0,38.397615872159086
467,transpose,0.24323157108191287,0.2431649872750947,0.2727272727272727,0.12121212121212122,0.0,0.0,0.6666666666666666,0.852485,0.22580645161290322,33.0,36.99389334043561
468,transpose,0.24328150893702652,0.2426138213186553,0.2727272727272727,0.12121212121212122,0.0,0.0,0.6666666666666666,0.85488,0.19444444444444445,33.0,37.35679881818182
469,transpose,0.24375406901041666,0.243194580078125,0.2727272727272727,0.12121212121212122,0.0,0.0,0.6666666666666666,0.853512,0.1794871794871795,33.0,37.251757549999994
470,transpose,0.24232159238873105,0.24292732007575757,0.2727272727272727,0.12121212121212122,0.0,0.0,0.6666666666666666,0.900352,0.42857142857142855,33.0,57.10277934545456
471,transpose,0.24359963156960227,0.24267578125,0.2727272727272727,0.12121212121212122,0.0,0.0,0.6666666666666666,0.8745149999999999,0.34615384615384615,33.0,46.661089410511366
472,transpose,0.24303829308712122,0.24276363488399622,0.2727272727272727,0.12121212121212122,0.0,0.0,0.6666666666666666,0.851497,0.2903225806451613,33.0,40.76227414176137
473,transpose,0.24328058416193182,0.24286813446969696,0.2727272727272727,0.12121212121212122,0.0,0.0,0.6666666666666666,0.840046,0.25,33.0,37.63310620227272
474,transpose,0.24333052201704544,0.2427950772372159,0.2727272727272727,0.12121212121212122,0.0,0.0,0.6666666666666666,0.8382879999999999,0.23076923076923078,33.0,37.44361005
475,vectorAdd,0.5733994983491444,0.5742330097016835,0.0,0.38095238095238093,0.047619047619047616,0.0,0.5714285714285714,0.8729450000000001,0.5238095238095238,21.0,155.27087004278272
476,vectorAdd,0.5725485483805338,0.5732528141566685,0.0,0.38095238095238093,0.047619047619047616,0.0,0.5714285714285714,0.8631540000000001,0.4230769230769231,21.0,121.62427498325894
477,vectorAdd,0.5727491832914806,0.5736565362839472,0.0,0.38095238095238093,0.047619047619047616,0.0,0.5714285714285714,0.8534649999999999,0.3548387096774194,21.0,99.42565616164435
478,vectorAdd,0.5726880573091053,0.5740747905912853,0.0,0.38095238095238093,0.047619047619047616,0.0,0.5714285714285714,0.844289,0.3055555555555556,21.0,84.85175121512277
479,vectorAdd,0.5718154907226562,0.5736658913748605,0.0,0.38095238095238093,0.047619047619047616,0.0,0.5714285714285714,0.838045,0.28205128205128205,21.0,77.32664286179315
480,vectorAdd,0.5733950478690011,0.5736679803757441,0.0,0.38095238095238093,0.047619047619047616,0.0,0.5714285714285714,0.875709,0.6190476190476191,21.0,184.08295829799104
481,vectorAdd,0.5729364667619977,0.5736703418550038,0.0,0.38095238095238093,0.047619047619047616,0.0,0.5714285714285714,0.8658399999999999,0.5,21.0,144.15366294642854
482,vectorAdd,0.5721788860502697,0.5731268383207775,0.0,0.38095238095238093,0.047619047619047616,0.0,0.5714285714285714,0.857454,0.41935483870967744,21.0,118.05224430245536
483,vectorAdd,0.573078609648205,0.5718921479724702,0.0,0.38095238095238093,0.047619047619047616,0.0,0.5714285714285714,0.8458969999999999,0.3611111111111111,21.0,100.44373885314359
484,vectorAdd,0.5730889638264974,0.5736148470924014,0.0,0.38095238095238093,0.047619047619047616,0.0,0.5714285714285714,0.8406110000000001,0.3333333333333333,21.0,91.64755172953868
485,vectorAdd,0.5738002232142857,0.5736662546793619,0.0,0.38095238095238093,0.047619047619047616,0.0,0.5714285714285714,0.8769530000000001,0.7142857142857143,21.0,212.71738017578122
486,vectorAdd,0.5728897821335566,0.5723436446416945,0.0,0.38095238095238093,0.047619047619047616,0.0,0.5714285714285714,0.867956,0.5769230769230769,21.0,166.74974994419642
487,vectorAdd,0.5736700693766276,0.5733535403297061,0.0,0.38095238095238093,0.047619047619047616,0.0,0.5714285714285714,0.8568950000000001,0.4838709677419355,21.0,136.11337151227679
488,vectorAdd,0.5725519089471727,0.5732306525820777,0.0,0.38095238095238093,0.047619047619047616,0.0,0.5714285714285714,0.8484450000000001,0.4166666666666667,21.0,116.23980577566965
489,vectorAdd,0.5720302945091611,0.5721510024297805,0.0,0.38095238095238093,0.047619047619047616,0.0,0.5714285714285714,0.8419770000000001,0.38461538461538464,21.0,105.65119878348216
490,vectorAdd,0.573635010492234,0.5742777869814918,0.0,0.38095238095238093,0.047619047619047616,0.0,0.5714285714285714,0.864649,0.3333333333333333,21.0,97.92037340494792
491,vectorAdd,0.573481695992606,0.5731862386067709,0.0,0.38095238095238093,0.047619047619047616,0.0,0.5714285714285714,0.853375,0.2692307692307692,21.0,76.5704052734375
492,vectorAdd,0.5723866053989956,0.572454361688523,0.0,0.38095238095238093,0.047619047619047616,0.0,0.5714285714285714,0.848874,0.22580645161290322,21.0,70.043158046875
493,vectorAdd,0.573408944266183,0.5739664350237165,0.0,0.38095238095238093,0.047619047619047616,0.0,0.5714285714285714,0.8501059999999999,0.19444444444444445,21.0,71.24065385416667
494,vectorAdd,0.572035380772182,0.5731027693975539,0.0,0.38095238095238093,0.047619047619047616,0.0,0.5714285714285714,0.849247,0.1794871794871795,21.0,71.1631389127604
495,vectorAdd,0.5735121227446056,0.573908215477353,0.0,0.38095238095238093,0.047619047619047616,0.0,0.5714285714285714,0.870199,0.42857142857142855,21.0,126.66202910993304
496,vectorAdd,0.5729641687302363,0.5724585396902901,0.0,0.38095238095238093,0.047619047619047616,0.0,0.5714285714285714,0.8595940000000001,0.34615384615384615,21.0,99.10034733816966
497,vectorAdd,0.5730497269403367,0.5761160169328962,0.0,0.38095238095238093,0.047619047619047616,0.0,0.5714285714285714,0.8487129999999999,0.2903225806451613,21.0,80.9237426032366
498,vectorAdd,0.5726336524600074,0.5716819763183594,0.0,0.38095238095238093,0.047619047619047616,0.0,0.5714285714285714,0.839627,0.25,21.0,69.09563274358258
499,vectorAdd,0.5722882407052177,0.5740185692196801,0.0,0.38095238095238093,0.047619047619047616,0.0,0.5714285714285714,0.8393149999999999,0.23076923076923078,21.0,69.01305056919642
