appName,coreF,memF,argNo,kernel,time/ms,blocks,warps,achieved_occupancy,warp_execution_efficiency,sm_activity,eligible_warps_per_cycle,branch_efficiency,cf_executed,gld_throughput,gld_transactions,gld_transactions_per_request,gst_throughput,gst_transactions,gst_transactions_per_request,global_hit_rate,dram_read_transactions,dram_read_throughput,dram_write_transactions,dram_write_throughput,l2_read_transactions,l2_read_throughput,l2_write_transactions,l2_write_throughput,shared_load_transactions,shared_load_throughput,shared_load_transactions_per_request,shared_store_transactions,shared_store_throughput,shared_store_transactions_per_request,l2_tex_read_throughput,l2_tex_read_transactions,l2_tex_write_throughput,l2_tex_write_throughput,tex_cache_hit_rate,tex_cache_throughput,tex_cache_transactions,flop_count_dp,flop_count_dp_fma,flop_count_sp,flop_count_sp_fma,flop_count_sp_special,inst_integer,inst_fp_32,inst_fp_64,inst_executed,inst_per_warp,executed_ipc
cachebench-l2-only,1328,715,input00,benchmark_func,3.2153,(448 1 1) (256 1 1),3584.0,0.366047,1.0,0.8923000000000001,1.183757,1.0,15608320,540.52,117440512,8.000000,540.65,58720256,4.000000,0.5,15322,0.14305,9451501,87.067,58725500,540.61,58720269,540.56,0,0.0,0.000000,0,0.0,0.000000,540.68,58720256,540.68,540.82,0.5,540.82,58720256,0,0,0,0,114688,4034953216,114688,0,203997696,5.6919e+04,0.953988
cachebench-l2-only,1328,715,input01,benchmark_func,3.2261,(448 1 1) (256 1 1),3584.0,0.367380,1.0,0.8906000000000001,1.186105,1.0,15608320,539.15,117440512,8.000000,539.33,58720256,4.000000,0.5,29662,0.27752,6417345,58.888,58725521,538.91,58720269,538.86,0,0.0,0.000000,0,0.0,0.000000,539.08,58720256,539.08,538.83,0.5,538.83,58720256,0,0,0,0,114688,4031283200,114688,0,203997696,5.6919e+04,0.952917
cachebench-l2-only,1328,715,input02,benchmark_func,3.2345,(448 1 1) (256 1 1),3584.0,0.368052,1.0,0.8895000000000001,1.185349,1.0,15608320,537.41,117440512,8.000000,537.15,58720256,4.000000,0.5,43995,0.41103,9772765,89.482,58725440,537.84,58720269,537.8,0,0.0,0.000000,0,0.0,0.000000,537.55,58720256,537.55,537.49,0.5,537.49,58720256,0,0,0,0,114688,4030136320,114688,0,203997696,5.6919e+04,0.951248
cachebench-l2-only,1328,715,input03,benchmark_func,3.233,(448 1 1) (256 1 1),3584.0,0.366403,1.0,0.8957999999999999,1.177305,1.0,15608320,538.12,117440512,8.000000,538.34,58720256,4.000000,0.5,58340,0.5464600000000001,10967694,100.52,58725522,538.05,58720269,538.0,0,0.0,0.000000,0,0.0,0.000000,537.81,58720256,537.81,538.11,0.5,538.11,58720256,0,0,0,0,114688,4029448192,114688,0,203997696,5.6919e+04,0.947595
cachebench-l2-only,1328,715,input04,benchmark_func,3.2489,(448 1 1) (256 1 1),3584.0,0.369777,1.0,0.8862000000000001,1.182565,1.0,15608320,536.47,117440512,8.000000,536.32,58720256,4.000000,0.5,72644,0.67806,11485953,104.89,58725503,536.22,58720269,536.17,0,0.0,0.000000,0,0.0,0.000000,536.05,58720256,536.05,536.36,0.5,536.36,58720256,0,0,0,0,114688,4029218816,114688,0,203997696,5.6919e+04,0.948397
cachebench-l2-only,1328,715,input05,benchmark_func,3.2557,(448 1 1) (256 1 1),3584.0,0.369481,1.0,0.8872,1.186579,1.0,15608320,536.41,117440512,8.000000,536.58,58720256,4.000000,0.5,87064,0.81348,10661104,97.426,58725495,536.55,58720269,536.5,0,0.0,0.000000,0,0.0,0.000000,536.3,58720256,536.3,536.53,0.5,536.53,58720256,0,0,0,0,114688,4028989440,114688,0,203997696,5.6919e+04,0.948712
cachebench-l2-only,1328,715,input06,benchmark_func,3.2561,(448 1 1) (256 1 1),3584.0,0.368855,1.0,0.8902,1.182779,1.0,15608320,536.99,117440512,8.000000,537.2,58720256,4.000000,0.5,101359,0.9479500000000001,10260852,93.731,58725472,537.04,58720269,536.99,0,0.0,0.000000,0,0.0,0.000000,536.88,58720256,536.88,537.03,0.5,537.03,58720256,0,0,0,0,114688,4028760064,114688,0,203997696,5.6919e+04,0.945239
cachebench-l2-only,1328,715,input07,benchmark_func,3.2658,(448 1 1) (256 1 1),3584.0,0.371022,1.0,0.8826,1.188793,1.0,15608320,534.6,117440512,8.000000,534.82,58720256,4.000000,0.5,115708,1.0524,9757397,88.819,58725568,534.89,58720269,534.84,0,0.0,0.000000,0,0.0,0.000000,534.69,58720256,534.69,534.9,0.5,534.9,58720256,0,0,0,0,114688,4028530688,114688,0,203997696,5.6919e+04,0.948715
cachebench-l2-only,1328,715,input08,benchmark_func,3.2598,(448 1 1) (256 1 1),3584.0,0.369542,1.0,0.8874,1.185081,1.0,15608320,536.05,117440512,8.000000,536.15,58720256,4.000000,0.5,130263,1.1884,7836368,71.509,58725487,536.13,58720269,536.09,0,0.0,0.000000,0,0.0,0.000000,535.8,58720256,535.8,536.02,0.5,536.02,58720256,0,0,0,0,114688,4028530688,114688,0,203997696,5.6919e+04,0.948117
cachebench-l2-only,1328,715,input09,benchmark_func,3.2653,(448 1 1) (256 1 1),3584.0,0.370529,1.0,0.8841,1.186508,1.0,15608320,535.03,117440512,8.000000,535.18,58720256,4.000000,0.5,145816,1.3281,6646202,60.557,58725503,535.11,58720269,535.06,0,0.0,0.000000,0,0.0,0.000000,535.12,58720256,535.12,535.16,0.5,535.16,58720256,0,0,0,0,114688,4028530688,114688,0,203997696,5.6919e+04,0.946896
cachebench-l2-only,1328,715,input10,benchmark_func,3.2641,(448 1 1) (256 1 1),3584.0,0.371678,1.0,0.8824,1.188615,1.0,15608320,534.92,117440512,8.000000,534.66,58720256,4.000000,0.5,164633,1.4985,4391868,40.008,58725452,534.7,58720269,534.65,0,0.0,0.000000,0,0.0,0.000000,534.75,58720256,534.75,534.99,0.5,534.99,58720256,0,0,0,0,114688,4028301312,114688,0,203997696,5.6919e+04,0.948866
cachebench-l2-only,1328,715,input11,benchmark_func,3.6439,(448 1 1) (256 1 1),3584.0,0.372235,1.0,0.8753,1.053729,1.0,15608320,466.21,117440512,8.000000,465.65,58720256,4.000000,0.5,1977826,15.71,11364614,90.343,58725507,464.95,58720269,464.9,0,0.0,0.000000,0,0.0,0.000000,467.26,58720256,467.26,466.45,0.5,466.45,58720256,0,0,0,0,114688,4028301312,114688,0,203997696,5.6919e+04,0.835838
cachebench-l2-only,1328,715,input12,benchmark_func,5.0026,(448 1 1) (256 1 1),3584.0,0.372796,1.0,0.8916,0.735757,1.0,15608320,335.48,117440512,8.000000,334.29,58720256,4.000000,0.5,12131867,69.248,17799187,101.53,58725598,334.39,58720269,334.36,0,0.0,0.000000,0,0.0,0.000000,335.05,58720256,335.05,334.95,0.5,334.95,58720256,0,0,0,0,114688,4028301312,114688,0,203997696,5.6919e+04,0.587401
cachebench-l2-only,1328,715,input13,benchmark_func,6.1226,(448 1 1) (256 1 1),3584.0,0.373156,1.0,0.9092,0.607593,1.0,15608320,282.65,117440512,8.000000,282.79,58720256,4.000000,0.5,21514071,103.79,26673166,128.68,58725733,282.49,58720269,282.46,0,0.0,0.000000,0,0.0,0.000000,283.12,58720256,283.12,282.7,0.5,282.7,58720256,0,0,0,0,114688,4028301312,114688,0,203997696,5.6919e+04,0.487901
cachebench-l2-only,1328,715,input14,benchmark_func,6.9909,(448 1 1) (256 1 1),3584.0,0.372349,1.0,0.9431,0.511532,1.0,15608320,249.89,117440512,8.000000,249.89,58720256,4.000000,0.5,33926087,144.46,36585888,155.71,58725701,249.95,58720269,249.93,0,0.0,0.000000,0,0.0,0.000000,249.89,58720256,249.89,249.98,0.5,249.98,58720256,0,0,0,0,114688,4028301312,114688,0,203997696,5.6919e+04,0.415474
cachebench-l2-only,1328,715,input15,benchmark_func,7.4662,(448 1 1) (256 1 1),3584.0,0.371662,1.0,0.9523,0.473782,1.0,15608320,234.93,117440512,8.000000,234.93,58720256,4.000000,0.5,42890447,171.56,43158857,172.66,58725627,234.86,58720285,234.84,0,0.0,0.000000,0,0.0,0.000000,234.88,58720256,234.88,234.97,0.5,234.97,58720256,0,0,0,0,114688,4028071936,114688,0,203997696,5.6919e+04,0.386159
cachebench-l2-only,1328,715,input16,benchmark_func,9.2317,(448 1 1) (256 1 1),3584.0,0.368678,1.0,0.9085,0.397778,1.0,15608320,189.48,117440512,8.000000,189.43,58720256,4.000000,0.5,58620706,189.13,58646104,189.09,58725745,189.33,58720297,189.31,0,0.0,0.000000,0,0.0,0.000000,189.35,58720256,189.35,189.31,0.5,189.31,58720256,0,0,0,0,114688,4027842560,114688,0,203997696,5.6919e+04,0.326047
cachebench-l2-only,1328,715,input17,benchmark_func,4.7957,(448 1 1) (256 1 1),3584.0,0.367080,1.0,0.8858,0.843820,1.0,15608320,723.58,117440512,8.000000,726.66,117440512,8.000000,0.0,29745,0.18787,11017703,68.282,117445838,725.83,117440525,725.8,0,0.0,0.000000,0,0.0,0.000000,728.82,117440512,728.82,727.84,0.0,727.84,117440512,0,0,0,0,114688,4034953216,114688,0,203997696,5.6919e+04,0.644603
cachebench-l2-only,1328,715,input18,benchmark_func,4.7668,(448 1 1) (256 1 1),3584.0,0.366424,1.0,0.8891,0.850830,1.0,15608320,725.0,117440512,8.000000,724.04,117440512,8.000000,0.0,58421,0.36716000000000004,27315143,167.95,117445892,723.56,117440525,723.53,0,0.0,0.000000,0,0.0,0.000000,723.07,117440512,723.07,722.19,0.0,722.19,117440512,0,0,0,0,114688,4031283200,114688,0,203997696,5.6919e+04,0.640974
cachebench-l2-only,1328,715,input19,benchmark_func,4.8304,(448 1 1) (256 1 1),3584.0,0.366111,1.0,0.8870999999999999,0.840026,1.0,15608320,724.01,117440512,8.000000,723.43,117440512,8.000000,0.0,89009,0.5598099999999999,30556741,187.69,117445878,723.46,117440525,723.43,0,0.0,0.000000,0,0.0,0.000000,722.21,117440512,722.21,723.24,0.0,723.24,117440512,0,0,0,0,114688,4030136320,114688,0,203997696,5.6919e+04,0.637988
cachebench-l2-only,1328,715,input20,benchmark_func,4.8045,(448 1 1) (256 1 1),3584.0,0.364175,1.0,0.8869,0.843272,1.0,15608320,720.13,117440512,8.000000,719.64,117440512,8.000000,0.0,137153,0.8573500000000001,31210595,190.62,117445888,720.08,117440525,720.04,0,0.0,0.000000,0,0.0,0.000000,720.56,117440512,720.56,719.86,0.0,719.86,117440512,0,0,0,0,114688,4029448192,114688,0,203997696,5.6919e+04,0.635560
cachebench-l2-only,1328,715,input21,benchmark_func,4.8355,(448 1 1) (256 1 1),3584.0,0.365712,1.0,0.8931,0.838226,1.0,15608320,722.16,117440512,8.000000,722.24,117440512,8.000000,0.0,186999,1.1474,19289394,118.41,117445793,722.56,117440525,722.53,0,0.0,0.000000,0,0.0,0.000000,722.56,117440512,722.56,722.14,0.0,722.14,117440512,0,0,0,0,114688,4029218816,114688,0,203997696,5.6919e+04,0.634678
cachebench-l2-only,1328,715,input22,benchmark_func,5.1271,(448 1 1) (256 1 1),3584.0,0.373251,1.0,0.8759999999999999,0.805699,1.0,15608320,662.74,117440512,8.000000,661.45,117440512,8.000000,0.0,5543276,31.02,29728460,166.83,117445863,660.76,117440525,660.73,0,0.0,0.000000,0,0.0,0.000000,661.88,117440512,661.88,662.45,0.0,662.45,117440512,0,0,0,0,114688,4028989440,114688,0,203997696,5.6919e+04,0.591839
cachebench-l2-only,1328,715,input23,benchmark_func,8.0508,(448 1 1) (256 1 1),3584.0,0.373701,1.0,0.8996,0.524163,1.0,15608320,429.19,117440512,8.000000,430.04,117440512,8.000000,0.0,42386373,154.57,52253656,190.83,117445988,429.94,117440555,429.92,0,0.0,0.000000,0,0.0,0.000000,429.87,117440512,429.87,430.43,0.0,430.43,117440512,0,0,0,0,114688,4028760064,114688,0,203997696,5.6919e+04,0.374558
cachebench-l2-only,1328,715,input24,benchmark_func,10.479,(448 1 1) (256 1 1),3584.0,0.373480,1.0,0.9409000000000001,0.386839,1.0,15608320,337.83,117440512,8.000000,338.04,117440512,8.000000,0.0,77611061,222.21,67494857,194.62,117446058,339.52,117440525,339.5,0,0.0,0.000000,0,0.0,0.000000,339.39,117440512,339.39,339.37,0.0,339.37,117440512,0,0,0,0,114688,4028530688,114688,0,203997696,5.6919e+04,0.281375
cachebench-l2-only,1328,715,input25,benchmark_func,14.396,(448 1 1) (256 1 1),3584.0,0.371258,1.0,0.9197,0.285829,1.0,15608320,243.23,117440512,8.000000,243.27,117440512,8.000000,0.0,117238578,242.62,117807804,244.53,117446350,244.14,117440525,244.13,0,0.0,0.000000,0,0.0,0.000000,244.09,117440512,244.09,244.1,0.0,244.1,117440512,0,0,0,0,114688,4028071936,114688,0,203997696,5.6919e+04,0.207001
cachebench-l2-only,1328,715,input26,benchmark_func,8.7515,(448 1 1) (256 1 1),3584.0,0.249768,1.0,0.9640000000000001,0.446714,1.0,15608320,795.03,234881024,16.000000,792.32,234881024,16.000000,0.0,58554,0.20123,29735395,100.44,234886651,793.22,235445501,795.1,0,0.0,0.000000,0,0.0,0.000000,793.19,234881024,793.19,792.59,0.0,792.59,234881024,0,0,0,0,114688,4050550784,114688,0,276889088,7.7257e+04,0.438051
cachebench-l2-only,1328,715,input27,benchmark_func,8.615,(448 1 1) (256 1 1),3584.0,0.249763,1.0,0.9856,0.455535,1.0,15608320,811.89,234881024,16.000000,811.95,234881024,16.000000,0.0,116175,0.41008,59771003,206.54,234886627,811.9,235429543,813.78,0,0.0,0.000000,0,0.0,0.000000,812.06,234881024,812.06,811.99,0.0,811.99,234881024,0,0,0,0,114688,4046880768,114688,0,276889088,7.7257e+04,0.438027
cachebench-l2-only,1328,715,input28,benchmark_func,8.6738,(448 1 1) (256 1 1),3584.0,0.249805,1.0,0.9847,0.446230,1.0,15608320,807.7,234881024,16.000000,807.54,234881024,16.000000,0.0,335906,1.1539,23869775,82.024,234886725,807.4,235191234,808.45,0,0.0,0.000000,0,0.0,0.000000,807.66,234881024,807.66,807.69,0.0,807.69,234881024,0,0,0,0,114688,4045045760,114688,0,276889088,7.7257e+04,0.436083
cachebench-l2-only,1328,715,input29,benchmark_func,27.61,(448 1 1) (256 1 1),3584.0,0.249813,1.0,0.9889,0.154257,1.0,15608320,253.53,234881024,16.000000,253.5,234881024,16.000000,0.0,232413498,250.33,232129024,250.62,234887478,254.0,235549083,254.72,0,0.0,0.000000,0,0.0,0.000000,254.16,234881024,254.16,254.17,0.0,254.17,234881024,0,0,0,0,114688,4044128256,114688,0,276889088,7.7257e+04,0.136259
cachebench-tex-loads,1328,715,input00,benchmark_func,3.4104,(448 1 1) (256 1 1),3584.0,0.344817,1.0,0.9051,0.660193,1.0,15149568,0.0,0,0.000000,509.81,58720256,4.000000,0.0,15299,0.13541999999999998,24266397,210.74,19099,0.16785,58720269,509.97,0,0.0,0.000000,0,0.0,0.000000,0.12684,14336,509.91,509.84,0.7498999999999999,1019.7,117440512,0,0,0,0,114688,3503718400,114688,0,156563456,4.3684e+04,0.680656
cachebench-tex-loads,1328,715,input01,benchmark_func,3.4115,(448 1 1) (256 1 1),3584.0,0.344620,1.0,0.9056000000000001,0.659909,1.0,15149568,0.0,0,0.000000,509.56,58720256,4.000000,0.0,29663,0.26226,11872396,103.04,33424,0.29564,58720269,509.61,0,0.0,0.000000,0,0.0,0.000000,0.25463,28672,509.65,509.6,0.7498999999999999,1019.2,117440512,0,0,0,0,114688,3500048384,114688,0,156563456,4.3684e+04,0.680176
cachebench-tex-loads,1328,715,input02,benchmark_func,3.4122,(448 1 1) (256 1 1),3584.0,0.344320,1.0,0.9057999999999999,0.659840,1.0,15149568,0.0,0,0.000000,509.36,58720256,4.000000,0.0,43943,0.38910000000000006,10202620,88.495,47745,0.42343000000000003,58720269,509.37,0,0.0,0.000000,0,0.0,0.000000,0.38147000000000003,43008,509.18,509.35,0.7498,1018.7,117440512,0,0,0,0,114688,3498901504,114688,0,156563456,4.3684e+04,0.680061
cachebench-tex-loads,1328,715,input03,benchmark_func,3.4131,(448 1 1) (256 1 1),3584.0,0.344276,1.0,0.9059999999999999,0.659289,1.0,15149568,0.0,0,0.000000,509.08,58720256,4.000000,0.0,58241,0.5159400000000001,8560053,74.197,62070,0.55027,58720269,509.0,0,0.0,0.000000,0,0.0,0.000000,0.50831,57344,508.9,509.0,0.7498,1018.0,117440512,0,0,0,0,114688,3498213376,114688,0,156563456,4.3684e+04,0.680028
cachebench-tex-loads,1328,715,input04,benchmark_func,3.4345,(448 1 1) (256 1 1),3584.0,0.345924,1.0,0.9055,0.659503,1.0,15149568,0.0,0,0.000000,508.71,58720256,4.000000,0.0,72587,0.64278,8856515,76.703,76363,0.67616,58720269,508.73,0,0.0,0.000000,0,0.0,0.000000,0.63515,71680,508.73,508.73,0.7497,1017.5,117440512,0,0,0,0,114688,3497984000,114688,0,156563456,4.3684e+04,0.675721
cachebench-tex-loads,1328,715,input05,benchmark_func,3.4392,(448 1 1) (256 1 1),3584.0,0.346873,1.0,0.9052,0.658974,1.0,15149568,0.0,0,0.000000,508.32,58720256,4.000000,0.0,86878,0.76962,8182283,70.84,90759,0.80395,58720269,508.39,0,0.0,0.000000,0,0.0,0.000000,0.7619900000000001,86019,508.38,508.39,0.7495999999999999,1016.8,117440512,0,0,0,0,114688,3497754624,114688,0,156563456,4.3684e+04,0.675371
cachebench-tex-loads,1328,715,input06,benchmark_func,3.441,(448 1 1) (256 1 1),3584.0,0.346955,1.0,0.9051,0.658833,1.0,15149568,0.0,0,0.000000,507.99,58720256,4.000000,0.0,101285,0.8964500000000001,7859394,68.004,105066,0.92983,58720269,508.11,0,0.0,0.000000,0,0.0,0.000000,0.88882,100356,508.08,508.12,0.7495999999999999,1016.2,117440512,0,0,0,0,114688,3497525248,114688,0,156563456,4.3684e+04,0.675062
cachebench-tex-loads,1328,715,input07,benchmark_func,3.4435,(448 1 1) (256 1 1),3584.0,0.347849,1.0,0.9043000000000001,0.658478,1.0,15149568,0.0,0,0.000000,507.82,58720256,4.000000,0.0,115600,0.9984,6832751,59.089,119509,1.0328,58720269,507.77,0,0.0,0.000000,0,0.0,0.000000,0.9909,114739,507.82,507.67,0.7495,1015.3,117440512,0,0,0,0,114688,3497295872,114688,0,156563456,4.3684e+04,0.675011
cachebench-tex-loads,1328,715,input08,benchmark_func,3.73,(448 1 1) (256 1 1),3584.0,0.371912,1.0,0.8843000000000001,0.615393,1.0,15149568,0.0,0,0.000000,468.83,58720256,4.000000,0.0,130169,1.0384,7591326,60.585,27652569,221.59,58720269,468.76,0,0.0,0.000000,0,0.0,0.000000,221.27,27719295,468.74,468.89,0.6322,937.78,117440512,0,0,0,0,114688,3497295872,114688,0,156563456,4.3684e+04,0.637267
cachebench-tex-loads,1328,715,input09,benchmark_func,3.769,(448 1 1) (256 1 1),3584.0,0.369640,1.0,0.8853,0.600460,1.0,15149568,0.0,0,0.000000,463.98,58720256,4.000000,0.0,145443,1.1483,6788302,53.635,37163969,291.4,58720269,463.88,0,0.0,0.000000,0,0.0,0.000000,292.74,37065507,463.77,463.79,0.5929,927.58,117440512,0,0,0,0,114688,3497295872,114688,0,156563456,4.3684e+04,0.630028
cachebench-tex-loads,1328,715,input10,benchmark_func,3.7667,(448 1 1) (256 1 1),3584.0,0.371008,1.0,0.8856,0.599910,1.0,15149568,0.0,0,0.000000,464.21,58720256,4.000000,0.0,163718,1.2936,4398011,34.77,41270012,326.01,58720269,464.08,0,0.0,0.000000,0,0.0,0.000000,325.69,41203628,464.14,464.14,0.5722999999999999,928.28,117440512,0,0,0,0,114688,3497066496,114688,0,156563456,4.3684e+04,0.630275
cachebench-tex-loads,1328,715,input11,benchmark_func,3.8742,(448 1 1) (256 1 1),3584.0,0.373868,1.0,0.8884000000000001,0.577986,1.0,15149568,0.0,0,0.000000,442.05,58720256,4.000000,0.0,1041914,7.8445,9073116,68.26,37937760,285.54,58720269,441.99,0,0.0,0.000000,0,0.0,0.000000,285.74,37980314,441.78,441.96,0.5892000000000001,883.91,117440512,0,0,0,0,114688,3497066496,114688,0,156563456,4.3684e+04,0.597811
cachebench-tex-loads,1328,715,input12,benchmark_func,5.362,(448 1 1) (256 1 1),3584.0,0.374136,1.0,0.8826999999999999,0.437107,1.0,15149568,0.0,0,0.000000,322.05,58720256,4.000000,0.0,11448593,62.883,18477869,101.35,47609642,261.55,58720269,322.59,0,0.0,0.000000,0,0.0,0.000000,261.59,47596539,322.73,322.4,0.5473,644.8,117440512,0,0,0,0,114688,3497066496,114688,0,156563456,4.3684e+04,0.439795
cachebench-tex-loads,1328,715,input13,benchmark_func,6.3599,(448 1 1) (256 1 1),3584.0,0.374272,1.0,0.8981,0.365118,1.0,15149568,0.0,0,0.000000,272.66,58720256,4.000000,0.0,21998397,102.08,27683490,128.57,51302532,238.08,58720269,272.47,0,0.0,0.000000,0,0.0,0.000000,237.95,51304453,272.34,272.74,0.5316,545.48,117440512,0,0,0,0,114688,3497066496,114688,0,156563456,4.3684e+04,0.365177
cachebench-tex-loads,1328,715,input14,benchmark_func,7.1448,(448 1 1) (256 1 1),3584.0,0.374039,1.0,0.9349,0.313344,1.0,15149568,0.0,0,0.000000,245.34,58720256,4.000000,0.0,35196988,147.06,37648861,157.29,54890567,229.3,58720269,245.25,0,0.0,0.000000,0,0.0,0.000000,229.35,54896556,245.32,245.32,0.5164,490.63,117440512,0,0,0,0,114688,3497066496,114688,0,156563456,4.3684e+04,0.315274
cachebench-tex-loads,1328,715,input15,benchmark_func,7.5375,(448 1 1) (256 1 1),3584.0,0.373687,1.0,0.9412999999999999,0.294000,1.0,15149568,0.0,0,0.000000,232.27,58720256,4.000000,0.0,43350883,171.5,43572423,172.38,58498283,231.43,58720269,232.27,0,0.0,0.000000,0,0.0,0.000000,231.36,58488099,232.28,232.22,0.5012,464.45,117440512,0,0,0,0,114688,3496837120,114688,0,156563456,4.3684e+04,0.296659
cachebench-tex-loads,1328,715,input16,benchmark_func,9.1191,(448 1 1) (256 1 1),3584.0,0.370742,1.0,0.9037999999999999,0.255757,1.0,15149568,0.0,0,0.000000,191.69,58720256,4.000000,0.0,58612294,191.34,58637622,191.34,58725347,191.6,58720269,191.58,0,0.0,0.000000,0,0.0,0.000000,191.58,58720255,191.58,191.62,0.5,383.25,117440512,0,0,0,0,114688,3496607744,114688,0,156563456,4.3684e+04,0.254902
cachebench-tex-loads,1328,715,input17,benchmark_func,3.9534,(448 1 1) (256 1 1),3584.0,0.249565,1.0,0.9834999999999999,0.688455,1.0,15149568,0.0,0,0.000000,877.58,117440512,8.000000,0.0,29642,0.22602000000000003,14177117,105.9,33637,0.25558000000000003,117440525,876.02,0,0.0,0.000000,0,0.0,0.000000,0.21839,28672,877.39,880.62,0.4999,880.62,117440512,0,0,0,0,114688,3977265152,114688,0,193858560,5.4090e+04,0.669612
cachebench-tex-loads,1328,715,input18,benchmark_func,3.9196,(448 1 1) (256 1 1),3584.0,0.249577,1.0,0.9887,0.687898,1.0,15149568,0.0,0,0.000000,882.2,117440512,8.000000,0.0,58304,0.44823,27299860,205.95,62253,0.48064999999999997,117440525,886.53,0,0.0,0.000000,0,0.0,0.000000,0.44060000000000005,57344,883.86,886.03,0.49979999999999997,886.03,117440512,0,0,0,0,114688,3973595136,114688,0,193858560,5.4090e+04,0.670161
cachebench-tex-loads,1328,715,input19,benchmark_func,3.9144,(448 1 1) (256 1 1),3584.0,0.249601,1.0,0.997,0.687261,1.0,15149568,0.0,0,0.000000,893.12,117440512,8.000000,0.0,86977,0.67616,25950811,197.14,90939,0.70667,117440525,892.29,0,0.0,0.000000,0,0.0,0.000000,0.66853,86016,892.64,892.73,0.4996,892.73,117440512,0,0,0,0,114688,3972448256,114688,0,193858560,5.4090e+04,0.666988
cachebench-tex-loads,1328,715,input20,benchmark_func,3.9143,(448 1 1) (256 1 1),3584.0,0.249638,1.0,0.9974,0.686412,1.0,15149568,0.0,0,0.000000,892.8,117440512,8.000000,0.0,115648,0.89836,25699857,195.11,119649,0.92983,117440525,892.47,0,0.0,0.000000,0,0.0,0.000000,0.8916900000000001,114688,892.75,892.74,0.49950000000000006,892.74,117440512,0,0,0,0,114688,3971760128,114688,0,193858560,5.4090e+04,0.666668
cachebench-tex-loads,1328,715,input21,benchmark_func,3.9185,(448 1 1) (256 1 1),3584.0,0.249654,1.0,0.9964,0.684937,1.0,15149568,0.0,0,0.000000,891.96,117440512,8.000000,0.0,144362,1.0878,26336265,199.69,148343,1.126,117440525,891.73,0,0.0,0.000000,0,0.0,0.000000,1.0878,143360,891.66,891.68,0.49939999999999996,891.68,117440512,0,0,0,0,114688,3971530752,114688,0,193858560,5.4090e+04,0.666210
cachebench-tex-loads,1328,715,input22,benchmark_func,3.9224,(448 1 1) (256 1 1),3584.0,0.249668,1.0,0.9971,0.683089,1.0,15149568,0.0,0,0.000000,890.97,117440512,8.000000,0.0,173086,1.3076,24604939,186.68,179312,1.3569,117440525,890.98,0,0.0,0.000000,0,0.0,0.000000,1.3215,174375,890.78,890.96,0.4993,890.96,117440512,0,0,0,0,114688,3971301376,114688,0,193858560,5.4090e+04,0.665515
cachebench-tex-loads,1328,715,input23,benchmark_func,4.6849,(448 1 1) (256 1 1),3584.0,0.249692,1.0,0.9721,0.591008,1.0,15149568,0.0,0,0.000000,746.96,117440512,8.000000,0.0,226777,1.4361,17847042,113.07,53743486,343.01,117440525,746.93,0,0.0,0.000000,0,0.0,0.000000,342.19,53850580,746.27,747.03,0.2709,747.03,117440512,0,0,0,0,114688,3971072000,114688,0,193858560,5.4090e+04,0.572100
cachebench-tex-loads,1328,715,input24,benchmark_func,5.3267,(448 1 1) (256 1 1),3584.0,0.249781,1.0,0.9689,0.504128,1.0,15149568,0.0,0,0.000000,654.53,117440512,8.000000,0.0,264121,1.4706,9904444,55.145,108468577,604.65,117440525,654.6,0,0.0,0.000000,0,0.0,0.000000,604.37,108331580,655.19,654.01,0.0371,654.01,117440512,0,0,0,0,114688,3970842624,114688,0,193858560,5.4090e+04,0.502290
cachebench-tex-loads,1328,715,input25,benchmark_func,14.464,(448 1 1) (256 1 1),3584.0,0.249787,1.0,0.9926999999999999,0.185014,1.0,15149568,0.0,0,0.000000,241.66,117440512,8.000000,0.0,116872236,240.18,117394422,241.53,117445893,241.94,117440613,241.93,0,0.0,0.000000,0,0.0,0.000000,241.95,117440396,241.95,241.93,0.0,241.93,117440512,0,0,0,0,114688,3970383872,114688,0,193858560,5.4090e+04,0.181154
cachebench-tex-loads,1328,715,input26,benchmark_func,7.1256,(448 1 1) (256 1 1),3584.0,0.249601,1.0,0.9649,0.610369,1.0,15149568,0.0,0,0.000000,979.72,234881024,16.000000,0.0,58531,0.24891,47354611,197.21,62731,0.26798000000000005,235608642,984.14,0,0.0,0.000000,0,0.0,0.000000,0.24319,57344,978.69,982.74,0.4999,982.74,234881024,0,0,0,0,114688,4454711296,114688,0,273907200,7.6425e+04,0.536981
cachebench-tex-loads,1328,715,input27,benchmark_func,6.9998,(448 1 1) (256 1 1),3584.0,0.249611,1.0,0.9839,0.609498,1.0,15149568,0.0,0,0.000000,998.64,234881024,16.000000,0.0,115867,0.50163,48408093,205.41,120038,0.52166,235277730,999.69,0,0.0,0.000000,0,0.0,0.000000,0.49877,114689,999.06,999.04,0.49979999999999997,999.04,234881024,0,0,0,0,114688,4451041280,114688,0,273907200,7.6425e+04,0.534010
cachebench-tex-loads,1328,715,input28,benchmark_func,8.5694,(448 1 1) (256 1 1),3584.0,0.249724,1.0,0.9623,0.475955,1.0,15149568,0.0,0,0.000000,816.71,234881024,16.000000,0.0,428812,1.4901,24989253,86.854,204681917,713.72,235305621,818.34,0,0.0,0.000000,0,0.0,0.000000,709.75,203966002,817.33,817.09,0.0652,817.09,234881024,0,0,0,0,114688,4449206272,114688,0,273907200,7.6425e+04,0.446404
cachebench-tex-loads,1328,715,input29,benchmark_func,27.377,(448 1 1) (256 1 1),3584.0,0.249833,1.0,0.988,0.153119,1.0,15149568,0.0,0,0.000000,255.36,234881024,16.000000,0.0,231958509,252.26,228194151,248.73,234885442,256.17,235516829,256.86,0,0.0,0.000000,0,0.0,0.000000,256.36,234879219,256.37,256.37,0.0,256.37,234881024,0,0,0,0,114688,4448288768,114688,0,273907200,7.6425e+04,0.136050
cachebench,1328,715,input00,benchmark_func,2.0623,(448 1 1) (256 1 1),3584.0,0.342030,1.0,0.9359000000000001,2.121950,1.0,15608320,1661.9,117440512,8.000000,836.11,58720256,4.000000,0.9998999999999999,15256,0.22316,20973693,298.51,19523,0.28706,58720269,845.49,0,0.0,0.000000,0,0.0,0.000000,0.20599,14336,827.26,833.2,0.7498999999999999,833.2,58720256,0,0,0,0,114688,4034953216,114688,0,203997696,5.6919e+04,1.407439
cachebench,1328,715,input01,benchmark_func,1.9547,(448 1 1) (256 1 1),3584.0,0.337713,1.0,0.9892,2.120639,1.0,15608320,1774.5,117440512,8.000000,885.22,58720256,4.000000,0.9998,29597,0.45586000000000004,11150734,168.52,33901,0.52261,58720272,887.32,0,0.0,0.000000,0,0.0,0.000000,0.4425,28672,887.84,885.83,0.7498999999999999,885.83,58720256,0,0,0,0,114688,4031283200,114688,0,203997696,5.6919e+04,1.412064
cachebench,1328,715,input02,benchmark_func,1.9516,(448 1 1) (256 1 1),3584.0,0.337782,1.0,0.9942,2.118859,1.0,15608320,1778.7,117440512,8.000000,888.67,58720256,4.000000,0.9995999999999999,43942,0.6799700000000001,8932639,135.19,48186,0.74577,58720269,888.24,0,0.0,0.000000,0,0.0,0.000000,0.66471,43008,887.99,889.13,0.7498,889.13,58720256,0,0,0,0,114688,4030136320,114688,0,203997696,5.6919e+04,1.412138
cachebench,1328,715,input03,benchmark_func,1.9478,(448 1 1) (256 1 1),3584.0,0.337756,1.0,0.9954999999999999,2.116805,1.0,15608320,1778.0,117440512,8.000000,889.09,58720256,4.000000,0.9995,58264,0.90218,7727941,117.0,62509,0.9679800000000001,58720269,888.76,0,0.0,0.000000,0,0.0,0.000000,0.8869199999999999,57344,888.27,888.55,0.7498,888.55,58720256,0,0,0,0,114688,4029448192,114688,0,203997696,5.6919e+04,1.411887
cachebench,1328,715,input04,benchmark_func,2.188,(448 1 1) (256 1 1),3584.0,0.352878,1.0,0.8998999999999999,2.125315,1.0,15608320,1596.4,117440512,8.000000,798.11,58720256,4.000000,0.9994,72608,0.9863,8289839,112.65,77038,1.0459,58720269,798.14,0,0.0,0.000000,0,0.0,0.000000,0.9994500000000001,71891,797.72,798.17,0.7497,798.17,58720256,0,0,0,0,114688,4029218816,114688,0,203997696,5.6919e+04,1.391349
cachebench,1328,715,input05,benchmark_func,1.9699,(448 1 1) (256 1 1),3584.0,0.338542,1.0,0.9937999999999999,2.111898,1.0,15608320,1773.8,117440512,8.000000,886.9,58720256,4.000000,0.9993000000000001,86955,1.3113,7823887,118.22,93191,1.4072,58720269,887.19,0,0.0,0.000000,0,0.0,0.000000,1.3281,88011,886.48,886.46,0.7495999999999999,886.46,58720256,0,0,0,0,114688,4028989440,114688,0,203997696,5.6919e+04,1.397258
cachebench,1328,715,input06,benchmark_func,1.9724,(448 1 1) (256 1 1),3584.0,0.338528,1.0,0.9954000000000001,2.109291,1.0,15608320,1770.9,117440512,8.000000,886.45,58720256,4.000000,0.9991,101287,1.5264,7690099,115.95,112236,1.695,58720269,886.24,0,0.0,0.000000,0,0.0,0.000000,1.6205,107437,886.33,886.39,0.7495,886.39,58720256,0,0,0,0,114688,4028760064,114688,0,203997696,5.6919e+04,1.395662
cachebench,1328,715,input07,benchmark_func,1.9766,(448 1 1) (256 1 1),3584.0,0.338595,1.0,0.9954000000000001,2.103902,1.0,15608320,1768.7,117440512,8.000000,884.35,58720256,4.000000,0.9987,116051,1.7472,6848988,103.13,157803,2.3739,58720269,884.13,0,0.0,0.000000,0,0.0,0.000000,2.2966,152598,883.95,884.06,0.7494,884.06,58720256,0,0,0,0,114688,4028530688,114688,0,203997696,5.6919e+04,1.392496
cachebench,1328,715,input08,benchmark_func,3.0995,(448 1 1) (256 1 1),3584.0,0.371199,1.0,0.8748999999999999,1.356492,1.0,15608320,1127.8,117440512,8.000000,563.81,58720256,4.000000,0.8540000000000001,130289,1.2498,6485084,62.294,17168008,164.62,58720269,563.7,0,0.0,0.000000,0,0.0,0.000000,163.22,16999163,563.83,564.05,0.6775,564.05,58720256,0,0,0,0,114688,4028530688,114688,0,203997696,5.6919e+04,1.009296
cachebench,1328,715,input09,benchmark_func,3.1904,(448 1 1) (256 1 1),3584.0,0.372188,1.0,0.8759999999999999,1.259571,1.0,15608320,1094.6,117440512,8.000000,547.21,58720256,4.000000,0.6701999999999999,145942,1.3597,6407185,59.734,38684395,361.69,58720269,547.24,0,0.0,0.000000,0,0.0,0.000000,360.29,38660294,547.23,547.71,0.5851,547.71,58720256,0,0,0,0,114688,4028530688,114688,0,203997696,5.6919e+04,0.978914
cachebench,1328,715,input10,benchmark_func,3.2307,(448 1 1) (256 1 1),3584.0,0.372562,1.0,0.8775,1.222651,1.0,15608320,1082.2,117440512,8.000000,541.6,58720256,4.000000,0.5783,165521,1.5236,4264218,39.298,49932494,458.9,58720269,541.06,0,0.0,0.000000,0,0.0,0.000000,458.96,49757710,541.63,540.95,0.5390999999999999,540.95,58720256,0,0,0,0,114688,4028301312,114688,0,203997696,5.6919e+04,0.966831
cachebench,1328,715,input11,benchmark_func,3.4405,(448 1 1) (256 1 1),3584.0,0.373147,1.0,0.8774,1.145225,1.0,15608320,991.1,117440512,8.000000,495.68,58720256,4.000000,0.7055,1278687,10.795,8833030,74.727,34547416,292.24,58720269,496.69,0,0.0,0.000000,0,0.0,0.000000,291.99,34583764,495.78,494.86,0.6028,494.86,58720256,0,0,0,0,114688,4028301312,114688,0,203997696,5.6919e+04,0.886355
cachebench,1328,715,input12,benchmark_func,4.8696,(448 1 1) (256 1 1),3584.0,0.373401,1.0,0.8917,0.762492,1.0,15608320,689.36,117440512,8.000000,344.38,58720256,4.000000,0.5959,11408312,66.93,16589846,97.234,47453635,278.49,58720269,344.73,0,0.0,0.000000,0,0.0,0.000000,277.99,47468402,343.88,344.45,0.5478999999999999,344.45,58720256,0,0,0,0,114688,4028301312,114688,0,203997696,5.6919e+04,0.606130
cachebench,1328,715,input13,benchmark_func,6.0551,(448 1 1) (256 1 1),3584.0,0.373723,1.0,0.9083,0.618760,1.0,15608320,575.35,117440512,8.000000,288.02,58720256,4.000000,0.5639,21334424,104.57,25812032,126.34,51230271,251.18,58720286,287.9,0,0.0,0.000000,0,0.0,0.000000,250.55,51224640,287.21,287.94,0.5318999999999999,287.94,58720256,0,0,0,0,114688,4028301312,114688,0,203997696,5.6919e+04,0.496765
cachebench,1328,715,input14,benchmark_func,6.973,(448 1 1) (256 1 1),3584.0,0.373281,1.0,0.9381999999999999,0.516338,1.0,15608320,501.15,117440512,8.000000,250.68,58720256,4.000000,0.5327000000000001,33672428,143.69,36227835,154.6,54888240,234.42,58720269,250.68,0,0.0,0.000000,0,0.0,0.000000,234.11,54905421,250.37,250.56,0.5162,250.56,58720256,0,0,0,0,114688,4028301312,114688,0,203997696,5.6919e+04,0.418073
cachebench,1328,715,input15,benchmark_func,7.4632,(448 1 1) (256 1 1),3584.0,0.372713,1.0,0.9492,0.475719,1.0,15608320,470.05,117440512,8.000000,235.07,58720256,4.000000,0.5022,42856874,171.5,43142553,172.71,58450225,234.05,58720271,235.06,0,0.0,0.000000,0,0.0,0.000000,233.85,58442378,234.96,234.94,0.5011,234.94,58720256,0,0,0,0,114688,4028071936,114688,0,203997696,5.6919e+04,0.387857
cachebench,1328,715,input16,benchmark_func,9.2319,(448 1 1) (256 1 1),3584.0,0.368417,1.0,0.9092,0.397199,1.0,15608320,378.81,117440512,8.000000,189.48,58720256,4.000000,0.5,58621133,189.08,58647132,189.07,58725653,189.3,58720273,189.28,0,0.0,0.000000,0,0.0,0.000000,189.33,58720159,189.33,189.35,0.5,189.35,58720256,0,0,0,0,114688,4027842560,114688,0,203997696,5.6919e+04,0.326046
cachebench,1328,715,input17,benchmark_func,3.8725,(448 1 1) (256 1 1),3584.0,0.367652,1.0,0.8818,1.057032,1.0,15608320,896.38,117440512,8.000000,897.52,117440512,8.000000,0.9998,29665,0.23079,28741570,219.72,33949,0.26512,117440525,898.37,0,0.0,0.000000,0,0.0,0.000000,0.22316,28672,897.81,897.91,0.4999,897.91,117440512,0,0,0,0,114688,4034953216,114688,0,203997696,5.6919e+04,0.801579
cachebench,1328,715,input18,benchmark_func,3.8768,(448 1 1) (256 1 1),3584.0,0.368402,1.0,0.8826999999999999,1.053769,1.0,15608320,892.62,117440512,8.000000,894.91,117440512,8.000000,0.9995,58345,0.45395,24526144,187.04,62589,0.48637,117440525,893.21,0,0.0,0.000000,0,0.0,0.000000,0.44632,57344,893.78,894.87,0.49979999999999997,894.87,117440512,0,0,0,0,114688,4031283200,114688,0,203997696,5.6919e+04,0.797397
cachebench,1328,715,input19,benchmark_func,3.9118,(448 1 1) (256 1 1),3584.0,0.366514,1.0,0.8844,1.049121,1.0,15608320,892.3,117440512,8.000000,894.56,117440512,8.000000,0.9993000000000001,87061,0.6732899999999999,28440135,215.01,91268,0.70953,117440525,892.83,0,0.0,0.000000,0,0.0,0.000000,0.6694800000000001,86016,893.66,892.92,0.4996,892.92,117440512,0,0,0,0,114688,4030136320,114688,0,203997696,5.6919e+04,0.792601
cachebench,1328,715,input20,benchmark_func,3.9209,(448 1 1) (256 1 1),3584.0,0.360022,1.0,0.8859999999999999,1.043635,1.0,15608320,892.0,117440512,8.000000,892.79,117440512,8.000000,0.9990000000000001,115702,0.8964500000000001,33215072,251.76,121073,0.93555,117440539,890.3,0,0.0,0.000000,0,0.0,0.000000,0.8916900000000001,115103,889.74,890.44,0.49950000000000006,890.44,117440512,0,0,0,0,114688,4029448192,114688,0,203997696,5.6919e+04,0.790186
cachebench,1328,715,input21,benchmark_func,4.4117,(448 1 1) (256 1 1),3584.0,0.370990,1.0,0.8795000000000001,0.980232,1.0,15608320,792.32,117440512,8.000000,791.68,117440512,8.000000,0.5006,185369,1.247,17414834,117.26,58608825,395.07,117440538,791.6,0,0.0,0.000000,0,0.0,0.000000,393.45,58347973,791.92,791.9,0.25170000000000003,791.9,117440512,0,0,0,0,114688,4029218816,114688,0,203997696,5.6919e+04,0.704676
cachebench,1328,715,input22,benchmark_func,5.0581,(448 1 1) (256 1 1),3584.0,0.373872,1.0,0.8745,0.822023,1.0,15608320,670.83,117440512,8.000000,668.37,117440512,8.000000,0.0681,5556524,31.597,28944011,164.11,109500433,625.02,117440525,670.49,0,0.0,0.000000,0,0.0,0.000000,624.81,109454128,670.39,669.27,0.0337,669.27,117440512,0,0,0,0,114688,4028989440,114688,0,203997696,5.6919e+04,0.600063
cachebench,1328,715,input23,benchmark_func,7.8192,(448 1 1) (256 1 1),3584.0,0.374147,1.0,0.8998,0.545070,1.0,15608320,443.43,117440512,8.000000,443.4,117440512,8.000000,0.11560000000000001,37934523,142.49,50129171,188.42,103867094,391.92,117440525,443.1,0,0.0,0.000000,0,0.0,0.000000,391.81,103859540,443.04,443.46,0.057800000000000004,443.46,117440512,0,0,0,0,114688,4028760064,114688,0,203997696,5.6919e+04,0.386221
cachebench,1328,715,input24,benchmark_func,10.474,(448 1 1) (256 1 1),3584.0,0.374006,1.0,0.9398000000000001,0.388127,1.0,15608320,338.08,117440512,8.000000,338.27,117440512,8.000000,0.0034999999999999996,77604621,222.2,67905545,195.56,117064223,338.35,117440549,339.61,0,0.0,0.000000,0,0.0,0.000000,338.44,117036787,339.61,339.58,0.002,339.58,117440512,0,0,0,0,114688,4028530688,114688,0,203997696,5.6919e+04,0.281925
cachebench,1328,715,input25,benchmark_func,14.396,(448 1 1) (256 1 1),3584.0,0.370968,1.0,0.9206,0.286145,1.0,15608320,243.27,117440512,8.000000,243.26,117440512,8.000000,0.0,117243626,242.45,117821385,244.54,117446050,244.16,117440571,244.15,0,0.0,0.000000,0,0.0,0.000000,244.12,117440212,244.12,244.09,0.0,244.09,117440512,0,0,0,0,114688,4028071936,114688,0,203997696,5.6919e+04,0.207083
cachebench,1328,715,input26,benchmark_func,7.0284,(448 1 1) (256 1 1),3584.0,0.249611,1.0,0.9721,0.592308,1.0,15608320,996.95,234881024,16.000000,998.28,234881024,16.000000,0.9998,58543,0.25368,52346154,222.03,62856,0.27180000000000004,235333014,997.28,0,0.0,0.000000,0,0.0,0.000000,0.24796,57344,997.53,997.16,0.4999,997.16,234881024,0,0,0,0,114688,4050550784,114688,0,276889088,7.7257e+04,0.546190
cachebench,1328,715,input27,benchmark_func,6.9859,(448 1 1) (256 1 1),3584.0,0.249660,1.0,0.9848,0.586948,1.0,15608320,1001.1,234881024,16.000000,1000.0,234881024,16.000000,0.9995,115851,0.50259,51535004,218.7,120263,0.52261,235460645,1002.0,0,0.0,0.000000,0,0.0,0.000000,0.49973,114704,1001.1,1001.1,0.49979999999999997,1001.1,234881024,0,0,0,0,114688,4046880768,114688,0,276889088,7.7257e+04,0.540655
cachebench,1328,715,input28,benchmark_func,8.5969,(448 1 1) (256 1 1),3584.0,0.249819,1.0,0.9628,0.470692,1.0,15608320,813.04,234881024,16.000000,813.39,234881024,16.000000,0.11230000000000001,534679,1.8487,26728056,92.427,206426807,718.11,235580399,815.43,0,0.0,0.000000,0,0.0,0.000000,717.11,207191278,812.94,813.06,0.060899999999999996,813.06,234881024,0,0,0,0,114688,4045045760,114688,0,276889088,7.7257e+04,0.449454
cachebench,1328,715,input29,benchmark_func,27.609,(448 1 1) (256 1 1),3584.0,0.249822,1.0,0.9892,0.154233,1.0,15608320,253.58,234881024,16.000000,253.32,234881024,16.000000,0.0,232386081,250.37,231400287,250.12,234880290,253.91,235503485,254.59,0,0.0,0.000000,0,0.0,0.000000,254.18,234873668,254.19,254.22,0.0,254.22,234881024,0,0,0,0,114688,4044128256,114688,0,276889088,7.7257e+04,0.136273
mixbench-cuda-alt,1328,715,input00,benchmark_func,12.686,(1024 1 1) (256 1 1),8192.0,0.706416,1.0,0.9317,7.707705,1.0,44056576,0.0,0,0.000000,19.738,8388608,4.000000,0.0,17476,0.041008,12406852,29.05,67491227,157.31,75759629,176.58,0,0.0,0.000000,0,0.0,0.000000,159.33,67490778,178.85,178.07,0.5273,178.07,75759616,0,0,0,0,262144,5.2563e+10,262144,0,1783414784,2.1770e+05,2.005313
mixbench-cuda-alt,1328,715,input01,benchmark_func,12.589,(1024 1 1) (256 1 1),8192.0,0.704636,1.0,0.9601999999999999,7.277652,1.0,52576256,19.853,16777216,8.000000,19.875,8388608,2.000000,0.5,8363357,19.806,15022950,35.559,84148854,199.04,84148249,199.04,0,0.0,0.000000,0,0.0,0.000000,198.82,84148224,198.82,199.38,0.5,199.38,84148224,0,0,0,0,262144,5.1842e+10,262144,0,1801109504,2.1986e+05,2.003953
mixbench-cuda-alt,1328,715,input02,benchmark_func,13.075,(1024 1 1) (256 1 1),8192.0,0.707123,1.0,0.955,6.393785,1.0,77873152,38.157,33554432,8.000000,38.132,16777216,2.000000,0.5,16721731,38.037,26327846,59.835,100926181,229.64,100925460,229.64,0,0.0,0.000000,0,0.0,0.000000,229.46,100925440,229.46,229.7,0.5,229.7,100925440,0,0,0,0,262144,5.0583e+10,262144,0,1864941568,2.2765e+05,2.000079
mixbench-cuda-alt,1328,715,input03,benchmark_func,14.968,(1024 1 1) (256 1 1),8192.0,0.709271,1.0,0.9227,4.937019,1.0,130564096,66.908,67108864,8.000000,66.855,33554432,2.000000,0.5,33703006,67.101,56321164,112.17,134480859,267.83,134479900,267.83,0,0.0,0.000000,0,0.0,0.000000,267.76,134479872,267.76,267.75,0.5,267.75,134479872,0,0,0,0,262144,4.8201e+10,262144,0,1996800000,2.4375e+05,1.945924
mixbench-cuda-alt,1328,715,input04,benchmark_func,15.798,(1024 1 1) (256 1 1),8192.0,0.713546,1.0,0.9193000000000001,4.428973,1.0,157999104,79.134,83886080,8.000000,79.133,41943040,2.000000,0.5,42586968,80.303,73553675,138.79,151258057,285.19,151257203,285.19,0,0.0,0.000000,0,0.0,0.000000,285.36,151257088,285.36,285.2,0.5,285.2,151257088,0,0,0,0,262144,4.7082e+10,262144,0,2065113088,2.5209e+05,1.911604
mixbench-cuda-alt,1328,715,input05,benchmark_func,16.81,(1024 1 1) (256 1 1),8192.0,0.717683,1.0,0.9168999999999999,3.915600,1.0,183517184,89.251,100663296,8.000000,89.04,50331648,2.000000,0.5,51708668,91.629,90168600,160.08,168035328,297.86,168034380,297.86,0,0.0,0.000000,0,0.0,0.000000,298.19,168034304,298.19,298.62,0.5,298.62,168034304,0,0,0,0,262144,4.5852e+10,262144,0,2122104832,2.5905e+05,1.852859
mixbench-cuda-alt,1328,715,input06,benchmark_func,18.35,(1024 1 1) (256 1 1),8192.0,0.719681,1.0,0.8934000000000001,3.533887,1.0,210780160,94.842,117440512,8.000000,94.937,58720256,2.000000,0.5,61070585,98.968,106025229,171.91,184812542,298.71,184811618,298.71,0,0.0,0.000000,0,0.0,0.000000,299.24,184811520,299.24,299.9,0.5,299.9,184811520,0,0,0,0,262144,4.4979e+10,262144,0,2189213696,2.6724e+05,1.800996
mixbench-cuda-alt,1328,715,input07,benchmark_func,19.831,(1024 1 1) (256 1 1),8192.0,0.724050,1.0,0.8779,3.219141,1.0,240140288,100.71,134217728,8.000000,100.72,67108864,2.000000,0.5,70526671,105.86,121165706,181.95,201589878,302.98,201588834,302.98,0,0.0,0.000000,0,0.0,0.000000,302.73,201588736,302.73,302.52,0.5,302.52,201588736,0,0,0,0,262144,4.4376e+10,262144,0,2268905472,2.7697e+05,1.748845
mixbench-cuda-alt,1328,715,input08,benchmark_func,22.739,(1024 1 1) (256 1 1),8192.0,0.729437,1.0,0.8704000000000001,2.674228,1.0,285229056,109.84,167772160,8.000000,110.01,83886080,2.000000,0.5,90262966,118.07,151367128,200.19,235144386,309.67,235143258,309.67,0,0.0,0.000000,0,0.0,0.000000,307.67,235143168,307.67,310.51,0.5,310.51,235143168,0,0,0,0,262144,4.1825e+10,262144,0,2381103104,2.9066e+05,1.607614
mixbench-cuda-alt,1328,715,input09,benchmark_func,27.248,(1024 1 1) (256 1 1),8192.0,0.733188,1.0,0.8598,2.197890,1.0,337657856,109.92,201326592,8.000000,110.27,100663296,2.000000,0.5,109481295,119.6,180354460,198.49,268699010,295.87,268697756,295.87,0,0.0,0.000000,0,0.0,0.000000,294.63,268697600,294.63,297.18,0.5,297.18,268697600,0,0,0,0,262144,3.9409e+10,262144,0,2511126528,3.0653e+05,1.438766
mixbench-cuda-alt,1328,715,input10,benchmark_func,31.563,(1024 1 1) (256 1 1),8192.0,0.735184,1.0,0.8602,1.852050,1.0,390086656,110.72,234881024,8.000000,111.13,117440512,2.000000,0.5,128514756,121.64,209409606,198.45,302253755,285.75,302252169,285.75,0,0.0,0.000000,0,0.0,0.000000,287.8,302252032,287.8,287.36,0.5,287.36,302252032,0,0,0,0,262144,3.6993e+10,262144,0,2632761344,3.2138e+05,1.297805
mixbench-cuda-alt,1328,715,input11,benchmark_func,35.525,(1024 1 1) (256 1 1),8192.0,0.735495,1.0,0.8681,1.595790,1.0,440418304,113.11,268435456,8.000000,112.66,134217728,2.000000,0.5,150373079,125.97,236121706,204.49,268699410,233.27,268697613,233.27,0,0.0,0.000000,0,0.0,0.000000,231.33,268697600,231.33,232.72,0.5,232.72,268697600,0,0,0,0,262144,3.5249e+10,262144,0,2727133184,3.3290e+05,1.187972
mixbench-cuda-alt,1328,715,input12,benchmark_func,5.2778,(1024 1 1) (256 1 1),8192.0,0.700329,1.0,0.9542,7.308694,1.0,44064768,0.0,0,0.000000,47.506,8396800,3.988327,0.0,22916,0.13161,12186537,68.621,67672616,382.73,75767821,428.51,0,0.0,0.000000,0,0.0,0.000000,382.31,67672433,428.04,427.67,0.5267000000000001,427.62,75759616,0,0,3.3290e+10,1.6643e+10,262144,2629828608,1.6650e+10,0,760127488,9.2789e+04,2.034535
mixbench-cuda-alt,1328,715,input13,benchmark_func,5.9609,(1024 1 1) (256 1 1),8192.0,0.705183,1.0,0.9183,6.114814,1.0,52576256,42.097,16777216,8.000000,41.955,8388608,2.000000,0.5,8446621,42.271,22834028,114.05,84148594,420.83,84148237,420.83,0,0.0,0.000000,0,0.0,0.000000,422.07,84148224,422.07,421.21,0.5,421.21,84148224,0,0,3.2215e+10,1.6106e+10,262144,3519021056,1.6111e+10,0,811286528,9.9034e+04,1.993144
mixbench-cuda-alt,1328,715,input14,benchmark_func,7.2353,(1024 1 1) (256 1 1),8192.0,0.713819,1.0,0.9178000000000001,4.584771,1.0,77873152,69.065,33554432,8.000000,68.964,16777216,2.000000,0.5,17507878,72.068,45463344,186.48,100925950,414.78,100925453,414.78,0,0.0,0.000000,0,0.0,0.000000,413.44,100925440,413.44,415.29,0.5,415.29,100925440,0,0,3.0067e+10,1.5032e+10,262144,5481955328,1.5037e+10,0,940130304,1.1476e+05,1.902015
mixbench-cuda-alt,1328,715,input15,benchmark_func,10.818,(1024 1 1) (256 1 1),8192.0,0.724699,1.0,0.8843000000000001,3.174930,1.0,130564096,92.719,67108864,8.000000,92.631,33554432,2.000000,0.5,36649246,101.24,76261954,212.0,134480506,373.85,134479885,373.85,0,0.0,0.000000,0,0.0,0.000000,373.48,134479872,373.48,374.05,0.5,374.05,134479872,0,0,2.5772e+10,1.2885e+10,262144,9542041600,1.2890e+10,0,1204109312,1.4699e+05,1.693730
mixbench-cuda-alt,1328,715,input16,benchmark_func,12.923,(1024 1 1) (256 1 1),8192.0,0.728391,1.0,0.8718,2.791936,1.0,157999104,96.967,83886080,8.000000,97.224,41943040,2.000000,0.5,45777728,106.39,88713772,206.67,151257879,352.57,151257101,352.57,0,0.0,0.000000,0,0.0,0.000000,352.76,151257088,352.76,352.97,0.5,352.97,151257088,0,0,2.3625e+10,1.1811e+10,262144,1.1644e+10,1.1816e+10,0,1339531264,1.6352e+05,1.603098
mixbench-cuda-alt,1328,715,input17,benchmark_func,14.821,(1024 1 1) (256 1 1),8192.0,0.729792,1.0,0.8717,2.502656,1.0,183517184,101.71,100663296,8.000000,101.61,50331648,2.000000,0.5,54633846,110.43,100847894,205.79,168035136,343.66,168034438,343.66,0,0.0,0.000000,0,0.0,0.000000,342.79,168034304,342.79,342.33,0.5,342.33,168034304,0,0,2.1477e+10,1.0737e+10,262144,1.3635e+10,1.0742e+10,0,1461534720,1.7841e+05,1.532057
mixbench-cuda-alt,1328,715,input18,benchmark_func,16.926,(1024 1 1) (256 1 1),8192.0,0.730845,1.0,0.8633,2.296216,1.0,210780160,103.53,117440512,8.000000,103.76,58720256,2.000000,0.5,63714110,112.55,113378495,201.92,184812429,329.94,184811599,329.94,0,0.0,0.000000,0,0.0,0.000000,329.41,184811520,329.41,329.65,0.5,329.65,184811520,0,0,1.9330e+10,9663676416,262144,1.5984e+10,9668395008,0,1595752448,1.9479e+05,1.473629
mixbench-cuda-alt,1328,715,input19,benchmark_func,18.945,(1024 1 1) (256 1 1),8192.0,0.731474,1.0,0.8621,2.167749,1.0,240140288,105.93,134217728,8.000000,105.54,67108864,2.000000,0.5,72883941,115.13,126226255,200.67,201589784,320.02,201588806,320.02,0,0.0,0.000000,0,0.0,0.000000,320.43,201588736,320.43,321.37,0.5,321.37,201588736,0,0,1.7182e+10,8589934592,262144,1.8602e+10,8594653184,0,1740455936,2.1246e+05,1.436849
mixbench-cuda-alt,1328,715,input20,benchmark_func,23.014,(1024 1 1) (256 1 1),8192.0,0.733518,1.0,0.8545999999999999,1.957239,1.0,285229056,108.18,167772160,8.000000,109.03,83886080,2.000000,0.5,91088922,117.81,152770120,200.53,235144328,309.38,235143358,309.38,0,0.0,0.000000,0,0.0,0.000000,309.6,235143168,309.6,309.81,0.5,309.81,235143168,0,0,1.2887e+10,6442450944,262144,2.2494e+10,6447169536,0,1984774144,2.4228e+05,1.352136
mixbench-cuda-alt,1328,715,input21,benchmark_func,27.309,(1024 1 1) (256 1 1),8192.0,0.734424,1.0,0.8579000000000001,1.796099,1.0,337657856,109.75,201326592,8.000000,109.77,100663296,2.000000,0.5,109781126,119.69,180755710,199.44,268698821,296.6,268697723,296.6,0,0.0,0.000000,0,0.0,0.000000,296.23,268697600,296.23,295.58,0.5,295.58,268697600,0,0,8592293888,4294967296,262144,2.6520e+10,4299685888,0,2246918144,2.7428e+05,1.289305
mixbench-cuda-alt,1328,715,input22,benchmark_func,31.659,(1024 1 1) (256 1 1),8192.0,0.734817,1.0,0.8615,1.667964,1.0,390086656,110.97,234881024,8.000000,110.66,117440512,2.000000,0.5,128516686,120.98,209288449,197.7,302253587,285.62,302252143,285.62,0,0.0,0.000000,0,0.0,0.000000,285.68,302252032,285.68,286.34,0.5,286.34,302252032,0,0,4297326592,2147483648,262144,3.0547e+10,2152202240,0,2500673536,3.0526e+05,1.234304
mixbench-cuda-alt,1328,715,input23,benchmark_func,35.622,(1024 1 1) (256 1 1),8192.0,0.734923,1.0,0.8668,1.561807,1.0,440418304,111.71,268435456,8.000000,112.9,134217728,2.000000,0.5,149977492,126.22,235396706,203.11,268699503,230.89,268697880,230.88,0,0.0,0.000000,0,0.0,0.000000,233.11,268697600,233.11,232.32,0.5,232.32,268697600,0,0,2359296,0,262144,3.5245e+10,4718592,0,2727165952,3.3291e+05,1.188569
mixbench-cuda-alt,1328,715,input24,benchmark_func,8.004,(1024 1 1) (256 1 1),8192.0,0.706187,1.0,0.9501999999999999,4.641677,1.0,44064768,0.0,0,0.000000,62.572,16785408,7.972763,0.0,1593409,5.9307,75696801,282.15,135894100,506.11,151527439,564.31,0,0.0,0.000000,0,0.0,0.000000,506.83,135898527,565.12,565.24,0.5123,565.21,151519232,3.3290e+10,1.6643e+10,0,0,262144,2626945024,262144,1.6649e+10,839729152,1.0251e+05,1.480440
mixbench-cuda-alt,1328,715,input25,benchmark_func,16.292,(1024 1 1) (256 1 1),8192.0,0.727663,1.0,0.9367,1.314161,1.0,52576256,30.708,16777216,8.000000,30.727,16777216,4.000000,0.0,73326339,134.34,135549380,254.55,168297266,316.12,168296535,316.12,0,0.0,0.000000,0,0.0,0.000000,315.6,168296448,315.6,316.11,0.4738,316.11,168296448,3.2215e+10,1.6106e+10,0,0,262144,3516137472,262144,1.6111e+10,886824960,1.0826e+05,0.782020
mixbench-cuda-alt,1328,715,input26,benchmark_func,21.535,(1024 1 1) (256 1 1),8192.0,0.736871,1.0,0.9437000000000001,0.935097,1.0,77873152,46.597,33554432,8.000000,46.517,33554432,4.000000,0.0,122002436,169.0,168414649,240.02,201852299,287.15,201850981,287.15,0,0.0,0.000000,0,0.0,0.000000,287.45,201850880,287.45,287.72,0.4547,287.72,201850880,3.0067e+10,1.5032e+10,0,0,262144,5747507200,262144,1.5037e+10,996925440,1.2170e+05,0.659835
mixbench-cuda-alt,1328,715,input27,benchmark_func,28.565,(1024 1 1) (256 1 1),8192.0,0.740918,1.0,0.9481,0.806179,1.0,130564096,70.186,67108864,8.000000,70.277,67108864,4.000000,0.0,170998250,178.84,219478936,238.86,268961235,292.34,268959757,292.34,0,0.0,0.000000,0,0.0,0.000000,291.89,268959744,291.89,292.28,0.42869999999999997,292.28,268959744,2.5772e+10,1.2885e+10,0,0,262144,1.0613e+10,262144,1.2889e+10,1233903616,1.5062e+05,0.613917
mixbench-cuda-alt,1328,715,input28,benchmark_func,32.079,(1024 1 1) (256 1 1),8192.0,0.742049,1.0,0.9460999999999999,0.786289,1.0,157999104,78.106,83886080,8.000000,78.063,83886080,4.000000,0.0,194499874,181.06,246493346,239.02,302515514,293.25,302514305,293.24,0,0.0,0.000000,0,0.0,0.000000,293.04,302514176,293.04,293.28,0.41950000000000004,293.28,302514176,2.3625e+10,1.1811e+10,0,0,262144,1.3252e+10,262144,1.1816e+10,1361108992,1.6615e+05,0.603217
mixbench-cuda-alt,1328,715,input29,benchmark_func,35.948,(1024 1 1) (256 1 1),8192.0,0.742583,1.0,0.9453,0.746517,1.0,183517184,83.47,100663296,8.000000,83.328,100663296,4.000000,0.0,219322804,181.91,274142292,237.52,336070545,291.25,336068621,291.25,0,0.0,0.000000,0,0.0,0.000000,291.21,336068608,291.21,291.18,0.4119,291.18,336068608,2.1477e+10,1.0737e+10,0,0,262144,1.5512e+10,262144,1.0742e+10,1464590336,1.7878e+05,0.579155
mixbench-cuda-alt,1328,715,input30,benchmark_func,39.784,(1024 1 1) (256 1 1),8192.0,0.742747,1.0,0.946,0.727139,1.0,210780160,87.932,117440512,8.000000,88.031,117440512,4.000000,0.0,244655761,183.31,303454638,237.52,369625149,289.1,369623186,289.1,0,0.0,0.000000,0,0.0,0.000000,289.38,369623040,289.38,289.3,0.4056,289.3,369623040,1.9330e+10,9663676416,0,0,262144,1.8129e+10,262144,9668132864,1590419456,1.9414e+05,0.567020
mixbench-cuda-alt,1328,715,input31,benchmark_func,43.747,(1024 1 1) (256 1 1),8192.0,0.742898,1.0,0.9494,0.708519,1.0,240140288,91.264,134217728,8.000000,91.296,134217728,4.000000,0.0,271803771,184.81,333807747,237.59,403179827,286.84,403177703,286.84,0,0.0,0.000000,0,0.0,0.000000,287.22,403177472,287.22,287.12,0.40020000000000006,287.12,403177472,1.7182e+10,8589934592,0,0,262144,2.1015e+10,262144,8594391040,1716248576,2.0950e+05,0.554909
mixbench-cuda-alt,1328,715,input32,benchmark_func,51.691,(1024 1 1) (256 1 1),8192.0,0.742623,1.0,0.9514,0.672390,1.0,285229056,96.839,167772160,8.000000,96.934,167772160,4.000000,0.0,327729928,189.32,394400383,236.93,470289016,282.37,470286509,282.37,0,0.0,0.000000,0,0.0,0.000000,282.6,470286336,282.6,282.41,0.39149999999999996,282.41,470286336,1.2887e+10,6442450944,0,0,262144,2.5175e+10,262144,6446907392,1934352384,2.3613e+05,0.529726
mixbench-cuda-alt,1328,715,input33,benchmark_func,60.054,(1024 1 1) (256 1 1),8192.0,0.743479,1.0,0.9523,0.644165,1.0,337657856,100.25,201326592,8.000000,100.1,201326592,4.000000,0.0,386289028,192.14,456322729,235.92,537398370,277.81,537395624,277.81,0,0.0,0.000000,0,0.0,0.000000,277.54,537395200,277.54,278.18,0.3848,278.18,537395200,8592293888,4294967296,0,0,262144,3.0007e+10,262144,4299423744,2169233408,2.6480e+05,0.511346
mixbench-cuda-alt,1328,715,input34,benchmark_func,68.395,(1024 1 1) (256 1 1),8192.0,0.743788,1.0,0.9519,0.616586,1.0,390086656,102.43,234881024,8.000000,102.34,234881024,4.000000,0.0,446550912,194.7,519342397,235.04,604506922,273.73,604504383,273.73,0,0.0,0.000000,0,0.0,0.000000,273.62,604504064,273.62,273.5,0.37939999999999996,273.5,604504064,4297326592,2147483648,0,0,262144,3.4839e+10,262144,2151940096,2395725824,2.9245e+05,0.495118
mixbench-cuda-alt,1328,715,input35,benchmark_func,70.271,(1024 1 1) (256 1 1),8192.0,0.743533,1.0,0.9553,0.661490,1.0,440418304,113.81,268435456,8.000000,113.85,268435456,4.000000,0.0,504517261,213.79,532484895,229.99,537398728,232.24,537396159,232.24,0,0.0,0.000000,0,0.0,0.000000,232.21,537395200,232.21,232.3,0.3336,232.3,537395200,2359296,0,0,0,262144,4.0074e+10,262144,4456448,2594955264,3.1677e+05,0.518778
mixbench-cuda-ro,1328,715,input00,benchmark_func,0.29469999999999996,(4096 1 1) (256 1 1),32768.0,0.926716,1.0,0.9799,1.515836,1.0,5406720,413.27,8388608,8.000000,0.0,0,0.000000,0.5,4194330,414.44,139321,13.703,4194410,413.02,13,0.0009765599999999999,0,0.0,0.000000,0,0.0,0.000000,413.86,4194304,0.0,0.0,0.5,414.35,4194304,0,0,0,0,0,370147328,0,0,23920640,730.000000,1.099510
mixbench-cuda-ro,1328,715,input01,benchmark_func,0.29802999999999996,(4096 1 1) (256 1 1),32768.0,0.932668,1.0,0.9801000000000001,1.755888,1.0,4358144,409.36,8388608,8.000000,0.0,0,0.000000,0.5,4194324,408.04,152269,14.842,4194470,410.1,13,0.0009765599999999999,0,0.0,0.000000,0,0.0,0.000000,409.01,4194304,0.0,0.0,0.5,409.12,4194304,0,0,0,0,0,437256192,0,0,24969216,762.000000,1.134289
mixbench-cuda-ro,1328,715,input02,benchmark_func,0.33232999999999996,(4096 1 1) (256 1 1),32768.0,0.930776,1.0,0.9813,2.465462,1.0,5406720,369.02,8388608,8.000000,0.0,0,0.000000,0.5,4194336,369.7,140291,12.339,4194428,369.76,13,0.0009765599999999999,0,0.0,0.000000,0,0.0,0.000000,370.39,4194304,0.0,0.0,0.5,370.25,4194304,0,0,0,0,0,672137216,0,0,34406400,1.0500e+03,1.406974
mixbench-cuda-ro,1328,715,input03,benchmark_func,0.42521,(4096 1 1) (256 1 1),32768.0,0.917761,1.0,0.9804999999999999,2.979025,1.0,6455296,292.73,8388608,8.000000,0.0,0,0.000000,0.5,4194337,292.76,167215,11.65,4194418,293.59,13,0.0,0,0.0,0.000000,0,0.0,0.000000,293.14,4194304,0.0,0.0,0.5,293.45,4194304,0,0,0,0,0,1141899264,0,0,51183616,1.5620e+03,1.649455
mixbench-cuda-ro,1328,715,input04,benchmark_func,0.45569,(4096 1 1) (256 1 1),32768.0,0.918983,1.0,0.9783,3.428210,1.0,6455296,273.89,8388608,8.000000,0.0,0,0.000000,0.5,4194340,273.87,158854,10.375,4194420,274.04,13,0.0,0,0.0,0.000000,0,0.0,0.000000,274.23,4194304,0.0,0.0,0.5,273.6,4194304,0,0,0,0,0,1376780288,0,0,58523648,1.7860e+03,1.759994
mixbench-cuda-ro,1328,715,input05,benchmark_func,0.54516,(4096 1 1) (256 1 1),32768.0,0.918471,1.0,0.9813,3.133930,1.0,7503872,229.38,8388608,8.000000,0.0,0,0.000000,0.5,4194332,229.19,192824,10.554,4194448,229.72,13,0.0,0,0.0,0.000000,0,0.0,0.000000,229.2,4194304,0.0,0.0,0.5,229.62,4194304,0,0,0,0,0,1611661312,0,0,67960832,2.0740e+03,1.707620
mixbench-cuda-ro,1328,715,input06,benchmark_func,0.57655,(4096 1 1) (256 1 1),32768.0,0.917332,1.0,0.9819,3.490210,1.0,7503872,217.1,8388608,8.000000,0.0,0,0.000000,0.5,4194345,217.07,178927,9.2573,4194433,217.04,13,0.0,0,0.0,0.000000,0,0.0,0.000000,216.78,4194304,0.0,0.0,0.5,217.21,4194304,0,0,0,0,0,1846542336,0,0,75300864,2.2980e+03,1.788607
mixbench-cuda-ro,1328,715,input07,benchmark_func,0.66607,(4096 1 1) (256 1 1),32768.0,0.913521,1.0,0.9798,3.227828,1.0,8552448,187.58,8388608,8.000000,0.0,0,0.000000,0.5,4194346,187.91,212439,9.5172,4194412,187.85,13,0.0,0,0.0,0.000000,0,0.0,0.000000,188.0,4194304,0.0,0.0,0.5,187.94,4194304,0,0,0,0,0,2081423360,0,0,84738048,2.5860e+03,1.741293
mixbench-cuda-ro,1328,715,input08,benchmark_func,0.78839,(4096 1 1) (256 1 1),32768.0,0.923913,1.0,0.9821,3.289078,1.0,9601024,158.81,8388608,8.000000,0.0,0,0.000000,0.5,4194351,158.51,210214,7.9433,4194457,158.73,13,0.0,0,0.0,0.000000,0,0.0,0.000000,158.74,4194304,0.0,0.0,0.5,158.81,4194304,0,0,0,0,0,2551185408,0,0,101515264,3.0980e+03,1.762823
mixbench-cuda-ro,1328,715,input09,benchmark_func,0.90915,(4096 1 1) (256 1 1),32768.0,0.916180,1.0,0.9806,3.323360,1.0,10649600,137.56,8388608,8.000000,0.0,0,0.000000,0.5,4194341,137.37,256397,8.4108,4194438,137.6,13,0.0,0,0.0,0.000000,0,0.0,0.000000,137.54,4194304,0.0,0.0,0.5,137.63,4194304,0,0,0,0,0,3020947456,0,0,118292480,3.6100e+03,1.778029
mixbench-cuda-ro,1328,715,input10,benchmark_func,1.0322,(4096 1 1) (256 1 1),32768.0,0.927043,1.0,0.9832,3.363915,1.0,11698176,121.4,8388608,8.000000,0.0,0,0.000000,0.5,4194378,121.33,278318,8.0466,4194432,121.39,13,0.0,0,0.0,0.000000,0,0.0,0.000000,121.42,4194304,0.0,0.0,0.5,121.36,4194304,0,0,0,0,0,3490709504,0,0,135069696,4.1220e+03,1.792109
mixbench-cuda-ro,1328,715,input11,benchmark_func,1.1561,(4096 1 1) (256 1 1),32768.0,0.905077,1.0,0.9815,3.382550,1.0,12746752,108.25,8388608,8.000000,0.0,0,0.000000,0.5,4194380,108.25,247118,6.3777,4194440,108.33,13,0.0,0,0.0,0.000000,0,0.0,0.000000,108.33,4194304,0.0,0.0,0.5,108.37,4194304,0,0,0,0,0,3960471552,0,0,151846912,4.6340e+03,1.798791
mixbench-cuda-ro,1328,715,input12,benchmark_func,0.29061000000000003,(4096 1 1) (256 1 1),32768.0,0.927466,1.0,0.9761,1.236919,1.0,5406720,419.2,8388608,8.000000,0.0,0,0.000000,0.5,4194336,419.15,154831,15.444,4194405,419.29,13,0.0009765599999999999,0,0.0,0.000000,0,0.0,0.000000,419.17,4194304,0.0,0.0,0.5,419.32,4194304,0,0,100663296,50331648,0,214958080,54525952,0,20643840,630.000000,0.960810
mixbench-cuda-ro,1328,715,input13,benchmark_func,0.28991,(4096 1 1) (256 1 1),32768.0,0.936096,1.0,0.9804999999999999,1.264187,1.0,4358144,420.46,8388608,8.000000,0.0,0,0.000000,0.5,4194329,420.99,129692,13.015,4194423,419.86,13,0.0009765599999999999,0,0.0,0.000000,0,0.0,0.000000,420.75,4194304,0.0,0.0,0.5,419.23,4194304,0,0,167772160,83886080,0,181403648,88080384,0,19595264,598.000000,0.915004
mixbench-cuda-ro,1328,715,input14,benchmark_func,0.30507999999999996,(4096 1 1) (256 1 1),32768.0,0.935473,1.0,0.9804999999999999,1.598351,1.0,5406720,401.28,8388608,8.000000,0.0,0,0.000000,0.5,4194338,401.38,147943,14.154,4194436,400.59,13,0.0009765599999999999,0,0.0,0.000000,0,0.0,0.000000,401.16,4194304,0.0,0.0,0.5,399.67,4194304,0,0,301989888,150994944,0,214958080,155189248,0,24838144,758.000000,1.103447
mixbench-cuda-ro,1328,715,input15,benchmark_func,0.33732,(4096 1 1) (256 1 1),32768.0,0.930689,1.0,0.9812000000000001,1.940639,1.0,6455296,365.15,8388608,8.000000,0.0,0,0.000000,0.5,4194337,364.3,138653,12.065,4194446,364.5,13,0.0009765599999999999,0,0.0,0.000000,0,0.0,0.000000,364.61,4194304,0.0,0.0,0.5,365.63,4194304,0,0,570425344,285212672,0,282066944,289406976,0,33226752,1.0140e+03,1.340009
mixbench-cuda-ro,1328,715,input16,benchmark_func,0.34188999999999997,(4096 1 1) (256 1 1),32768.0,0.930035,1.0,0.9813,2.202881,1.0,6455296,361.04,8388608,8.000000,0.0,0,0.000000,0.5,4194331,357.71,152838,13.052,4194429,361.18,13,0.0009765599999999999,0,0.0,0.000000,0,0.0,0.000000,361.17,4194304,0.0,0.0,0.5,361.04,4194304,0,0,704643072,352321536,0,315621376,356515840,0,36372480,1.1100e+03,1.447921
mixbench-cuda-ro,1328,715,input17,benchmark_func,0.38959,(4096 1 1) (256 1 1),32768.0,0.921047,1.0,0.98,2.118034,1.0,7503872,319.78,8388608,8.000000,0.0,0,0.000000,0.5,4194342,318.22,156332,11.854,4194440,319.05,13,0.0009765599999999999,0,0.0,0.000000,0,0.0,0.000000,318.89,4194304,0.0,0.0,0.5,319.85,4194304,0,0,838860800,419430400,0,349175808,423624704,0,41615360,1.2700e+03,1.463528
mixbench-cuda-ro,1328,715,input18,benchmark_func,0.39787,(4096 1 1) (256 1 1),32768.0,0.920510,1.0,0.9795999999999999,2.332133,1.0,7503872,313.39,8388608,8.000000,0.0,0,0.000000,0.5,4194330,311.48,139199,10.33,4194430,313.16,13,0.0009765599999999999,0,0.0,0.000000,0,0.0,0.000000,313.31,4194304,0.0,0.0,0.5,313.31,4194304,0,0,973078528,486539264,0,382730240,490733568,0,44761088,1.3660e+03,1.541731
mixbench-cuda-ro,1328,715,input19,benchmark_func,0.45873,(4096 1 1) (256 1 1),32768.0,0.918056,1.0,0.9806999999999999,2.146346,1.0,8552448,272.11,8388608,8.000000,0.0,0,0.000000,0.5,4194333,272.38,203418,13.17,4194408,271.96,13,0.0,0,0.0,0.000000,0,0.0,0.000000,272.34,4194304,0.0,0.0,0.5,272.54,4194304,0,0,1107296256,553648128,0,416284672,557842432,0,50003968,1.5260e+03,1.493626
mixbench-cuda-ro,1328,715,input20,benchmark_func,0.53016,(4096 1 1) (256 1 1),32768.0,0.915184,1.0,0.9815999999999999,2.151558,1.0,9601024,235.81,8388608,8.000000,0.0,0,0.000000,0.5,4194341,236.26,187347,10.547,4194433,236.3,13,0.0,0,0.0,0.000000,0,0.0,0.000000,236.18,4194304,0.0,0.0,0.5,236.09,4194304,0,0,1375731712,687865856,0,483393536,692060160,0,58392576,1.7820e+03,1.508862
mixbench-cuda-ro,1328,715,input21,benchmark_func,0.60161,(4096 1 1) (256 1 1),32768.0,0.913467,1.0,0.9815999999999999,2.150650,1.0,10649600,208.09,8388608,8.000000,0.0,0,0.000000,0.5,4194348,207.76,182434,9.0459,4194442,208.06,13,0.0,0,0.0,0.000000,0,0.0,0.000000,208.14,4194304,0.0,0.0,0.5,207.93,4194304,0,0,1644167168,822083584,0,550502400,826277888,0,66781184,2.0380e+03,1.519361
mixbench-cuda-ro,1328,715,input22,benchmark_func,0.67373,(4096 1 1) (256 1 1),32768.0,0.912625,1.0,0.9821,2.148725,1.0,11698176,185.8,8388608,8.000000,0.0,0,0.000000,0.5,4194346,185.49,220628,9.7733,4194439,185.78,13,0.0,0,0.0,0.000000,0,0.0,0.000000,185.48,4194304,0.0,0.0,0.5,185.56,4194304,0,0,1912602624,956301312,0,617611264,960495616,0,75169792,2.2940e+03,1.526991
mixbench-cuda-ro,1328,715,input23,benchmark_func,0.74612,(4096 1 1) (256 1 1),32768.0,0.912644,1.0,0.9821,2.142067,1.0,12746752,167.56,8388608,8.000000,0.0,0,0.000000,0.5,4194341,167.69,269092,10.746,4194457,167.79,13,0.0,0,0.0,0.000000,0,0.0,0.000000,167.79,4194304,0.0,0.0,0.5,167.4,4194304,0,0,2181038080,1090519040,0,684720128,1094713344,0,83558400,2.5500e+03,1.532346
mixbench-cuda-ro,1328,715,input24,benchmark_func,0.46902999999999995,(4096 1 1) (256 1 1),32768.0,0.954295,1.0,0.9843000000000001,0.800346,1.0,5406720,524.45,8388608,8.000000,0.0,0,0.000000,0.0,8388646,524.4,164934,10.305,8388748,525.97,13,0.0,0,0.0,0.000000,0,0.0,0.000000,524.99,8388608,0.0,0.0,0.0,524.56,8388608,100663296,50331648,0,0,0,214958080,0,54525952,20643840,630.000000,0.598223
mixbench-cuda-ro,1328,715,input25,benchmark_func,0.46503,(4096 1 1) (256 1 1),32768.0,0.959898,1.0,0.9837,0.768975,1.0,4358144,529.1,8388608,8.000000,0.0,0,0.000000,0.0,8388647,528.91,204764,12.915,8388724,528.45,13,0.0,0,0.0,0.000000,0,0.0,0.000000,530.02,8388608,0.0,0.0,0.0,529.48,8388608,167772160,83886080,0,0,0,181403648,0,88080384,19595264,598.000000,0.572334
mixbench-cuda-ro,1328,715,input26,benchmark_func,0.47456,(4096 1 1) (256 1 1),32768.0,0.955438,1.0,0.9859,1.013774,1.0,5406720,519.37,8388608,8.000000,0.0,0,0.000000,0.0,8388640,518.07,189192,11.684,8388741,519.66,13,0.0,0,0.0,0.000000,0,0.0,0.000000,518.23,8388608,0.0,0.0,0.0,519.81,8388608,301989888,150994944,0,0,0,214958080,0,155189248,24838144,758.000000,0.710774
mixbench-cuda-ro,1328,715,input27,benchmark_func,0.48671,(4096 1 1) (256 1 1),32768.0,0.949613,1.0,0.9853000000000001,1.360780,1.0,6455296,505.82,8388608,8.000000,0.0,0,0.000000,0.0,8388645,505.66,198966,12.021,8388736,506.98,13,0.0,0,0.0,0.000000,0,0.0,0.000000,506.76,8388608,0.0,0.0,0.0,506.89,8388608,570425344,285212672,0,0,0,282066944,0,289406976,33226752,1.0140e+03,0.926166
mixbench-cuda-ro,1328,715,input28,benchmark_func,0.48877,(4096 1 1) (256 1 1),32768.0,0.948720,1.0,0.9859,1.530374,1.0,6455296,503.78,8388608,8.000000,0.0,0,0.000000,0.0,8388641,504.82,187757,11.269,8388729,503.86,13,0.0,0,0.0,0.000000,0,0.0,0.000000,503.64,8388608,0.0,0.0,0.0,504.51,8388608,704643072,352321536,0,0,0,315621376,0,356515840,36372480,1.1100e+03,1.009502
mixbench-cuda-ro,1328,715,input29,benchmark_func,0.50398,(4096 1 1) (256 1 1),32768.0,0.942142,1.0,0.9851000000000001,1.677762,1.0,7503872,490.61,8388608,8.000000,0.0,0,0.000000,0.0,8388635,489.45,204074,11.919,8388728,489.66,13,0.0,0,0.0,0.000000,0,0.0,0.000000,490.71,8388608,0.0,0.0,0.0,490.9,8388608,838860800,419430400,0,0,0,349175808,0,423624704,41615360,1.2700e+03,1.119848
mixbench-cuda-ro,1328,715,input30,benchmark_func,0.50746,(4096 1 1) (256 1 1),32768.0,0.940408,1.0,0.9831,1.840512,1.0,7503872,486.9,8388608,8.000000,0.0,0,0.000000,0.0,8388650,487.16,200477,11.634,8388745,486.33,13,0.0,0,0.0,0.000000,0,0.0,0.000000,487.39,8388608,0.0,0.0,0.0,487.03,8388608,973078528,486539264,0,0,0,382730240,0,490733568,44761088,1.3660e+03,1.198324
mixbench-cuda-ro,1328,715,input31,benchmark_func,0.52388,(4096 1 1) (256 1 1),32768.0,0.927177,1.0,0.9813,1.971325,1.0,8552448,471.81,8388608,8.000000,0.0,0,0.000000,0.0,8388667,472.95,197643,11.136,8388740,472.41,13,0.0,0,0.0,0.000000,0,0.0,0.000000,472.06,8388608,0.0,0.0,0.0,472.24,8388608,1107296256,553648128,0,0,0,416284672,0,557842432,50003968,1.5260e+03,1.296258
mixbench-cuda-ro,1328,715,input32,benchmark_func,0.5879099999999999,(4096 1 1) (256 1 1),32768.0,0.913773,1.0,0.9809,2.067484,1.0,9601024,422.71,8388608,8.000000,0.0,0,0.000000,0.0,8388656,419.25,203385,10.183,8388731,422.84,13,0.0,0,0.0,0.000000,0,0.0,0.000000,423.69,8388608,0.0,0.0,0.0,422.74,8388608,1375731712,687865856,0,0,0,483393536,0,692060160,58392576,1.7820e+03,1.355585
mixbench-cuda-ro,1328,715,input33,benchmark_func,0.66732,(4096 1 1) (256 1 1),32768.0,0.915082,1.0,0.9801000000000001,2.081699,1.0,10649600,374.14,8388608,8.000000,0.0,0,0.000000,0.0,8388655,373.46,253923,11.309,8388735,373.47,13,0.0,0,0.0,0.000000,0,0.0,0.000000,373.97,8388608,0.0,0.0,0.0,374.02,8388608,1644167168,822083584,0,0,0,550502400,0,826277888,66781184,2.0380e+03,1.368002
mixbench-cuda-ro,1328,715,input34,benchmark_func,0.74836,(4096 1 1) (256 1 1),32768.0,0.908617,1.0,0.9829000000000001,2.086046,1.0,11698176,333.92,8388608,8.000000,0.0,0,0.000000,0.0,8388653,333.59,290420,11.561,8388753,333.13,13,0.0,0,0.0,0.000000,0,0.0,0.000000,333.35,8388608,0.0,0.0,0.0,333.54,8388608,1912602624,956301312,0,0,0,617611264,0,960495616,75169792,2.2940e+03,1.373329
mixbench-cuda-ro,1328,715,input35,benchmark_func,0.82952,(4096 1 1) (256 1 1),32768.0,0.909166,1.0,0.9829000000000001,2.088032,1.0,12746752,301.65,8388608,8.000000,0.0,0,0.000000,0.0,8388658,301.3,239776,8.6194,8388723,301.32,13,0.0,0,0.0,0.000000,0,0.0,0.000000,301.4,8388608,0.0,0.0,0.0,301.27,8388608,2181038080,1090519040,0,0,0,684720128,0,1094713344,83558400,2.5500e+03,1.377346
shmembench,1328,715,input00,benchmark_shmem,0.05634599999999999,(4096 1 1) (256 1 1),32768.0,0.864668,1.0,0.9290999999999999,1.795297,1.0,131072,776.23,1572864,8.000000,64.703,131072,4.000000,0.5,786443,390.43,167987,83.256,786528,389.63,131085,64.935,524288,1035.3,1.000000,524288,1035.6,1.000000,389.56,786432,64.926,64.928,0.5,389.57,786432,0,0,5242880,0,0,67108864,5242880,0,4096000,125.000000,1.001832
shmembench,1328,715,input01,benchmark_shmem,0.057299,(4096 1 1) (256 1 1),32768.0,0.860166,1.0,0.9270999999999999,2.298639,1.0,163840,767.15,1572864,8.000000,63.85,131072,4.000000,0.5,786441,386.14,167434,81.946,786528,385.39,131085,64.229,851968,1660.5,1.000000,851968,1660.2,1.000000,385.07,786432,64.178,64.181,0.5,385.09,786432,0,0,5242880,0,0,69206016,5242880,0,4915200,150.000000,1.189119
shmembench,1328,715,input02,benchmark_shmem,0.06753100000000001,(4096 1 1) (256 1 1),32768.0,0.871237,1.0,0.9323,2.948745,1.0,229376,686.36,1572864,8.000000,57.19,131072,4.000000,0.5,786444,344.7,166895,73.092,786528,344.33,131085,57.386,1507328,2627.9,1.000000,1507328,2629.9,1.000000,344.3,786432,57.383,57.353,0.5,344.12,786432,0,0,5242880,0,0,73400320,5242880,0,6553600,200.000000,1.378430
shmembench,1328,715,input03,benchmark_shmem,0.097902,(4096 1 1) (256 1 1),32768.0,0.918295,1.0,0.9564,3.575938,1.0,360448,476.36,1572864,8.000000,39.67,131072,4.000000,0.5,786442,239.25,166855,50.561,786532,239.09,131085,39.848,2818048,3403.5,1.000000,2818048,3412.6,1.000000,238.93,786432,39.821,39.826,0.5,238.96,786432,0,0,5242880,0,0,81788928,5242880,0,9830400,300.000000,1.403796
shmembench,1328,715,input04,benchmark_shmem,0.13731000000000002,(4096 1 1) (256 1 1),32768.0,0.928662,1.0,0.9639,3.682372,1.0,491520,341.05,1572864,8.000000,28.427,131072,4.000000,0.5,786445,171.03,166531,36.214,786536,171.05,131085,28.506,4128768,3580.9,1.000000,4128768,3581.9,1.000000,171.0,786432,28.499,28.506,0.5,171.04,786432,0,0,5242880,0,0,90177536,5242880,0,13107200,400.000000,1.325230
shmembench,1328,715,input05,benchmark_shmem,0.17678,(4096 1 1) (256 1 1),32768.0,0.933755,1.0,0.9659,3.742876,1.0,622592,265.2,1572864,8.000000,22.089,131072,4.000000,0.5,786447,132.86,166265,28.076,786532,132.8,131085,22.133,5439488,3665.4,1.000000,5439488,3666.2,1.000000,132.81,786432,22.135,22.134,0.5,132.81,786432,0,0,5242880,0,0,98566144,5242880,0,16384000,500.000000,1.281325
shmembench,1328,715,input06,benchmark_shmem,0.21622999999999998,(4096 1 1) (256 1 1),32768.0,0.936306,1.0,0.9734,3.781881,1.0,753664,216.75,1572864,8.000000,18.061,131072,4.000000,0.5,786448,108.6,166112,22.935,786540,108.55,131085,18.09,6750208,3720.6,1.000000,6750208,3719.7,1.000000,108.56,786432,18.092,18.088,0.5,108.53,786432,0,0,5242880,0,0,106954752,5242880,0,19660800,600.000000,1.253875
shmembench,1328,715,input07,benchmark_shmem,0.25565,(4096 1 1) (256 1 1),32768.0,0.938714,1.0,0.9742000000000001,3.807689,1.0,884736,182.76,1572864,8.000000,15.223,131072,4.000000,0.5,786466,91.694,165989,19.3,786547,91.736,131085,15.288,8060928,3754.2,1.000000,8060928,3735.7,1.000000,91.293,786432,15.215,15.186,0.5,91.121,786432,0,0,5242880,0,0,115343360,5242880,0,22937600,700.000000,1.234808
shmembench,1328,715,input08,benchmark_shmem,0.29513,(4096 1 1) (256 1 1),32768.0,0.939482,1.0,0.9752,3.828474,1.0,1015808,158.58,1572864,8.000000,13.222,131072,4.000000,0.5,786456,79.486,165879,16.736,786542,79.364,131085,13.226,9371648,3760.3,1.000000,9371648,3782.5,1.000000,79.385,786432,13.23,13.254,0.5,79.525,786432,0,0,5242880,0,0,123731968,5242880,0,26214400,800.000000,1.221023
shmembench,1328,715,input09,benchmark_shmem,0.33575,(4096 1 1) (256 1 1),32768.0,0.940449,1.0,0.9772,4.343918,1.0,163840,139.49,1572864,8.000000,11.623,131072,4.000000,0.5,786759,69.781,165946,14.743,788324,70.043,131085,11.646,10682368,3797.0,1.000000,10682368,3786.0,1.000000,69.904,786432,11.65,11.592,0.5,69.559,786432,0,0,5242880,0,0,69206016,5242880,0,26542080,810.000000,1.085907
shmembench,1328,715,input10,benchmark_shmem,0.65113,(4096 1 1) (256 1 1),32768.0,0.943308,1.0,0.9795999999999999,4.411837,1.0,196608,71.951,1572864,8.000000,6.0014,131072,4.000000,0.5,786751,35.995,165635,7.5735,788327,36.031,131085,5.9903,21168128,3872.7,1.000000,21168128,3870.6,1.000000,35.998,786432,5.9986,5.9977,0.5,35.992,786432,0,0,5242880,0,0,71303168,5242880,0,49709056,1.5170e+03,1.044627
shmembench,1328,715,input11,benchmark_shmem,0.055851,(2048 1 1) (256 1 1),16384.0,0.551627,1.0,0.9207,0.826484,1.0,65536,395.51,786432,8.000000,65.876,131072,8.000000,0.0,786442,396.47,164803,82.869,786532,395.52,131085,65.916,524288,1053.5,2.000000,524288,1053.0,2.000000,395.6,786432,65.932,65.951,0.0,395.71,786432,0,0,8388608,0,0,33554432,8388608,0,2244608,137.000000,0.554432
shmembench,1328,715,input12,benchmark_shmem,0.05686,(2048 1 1) (256 1 1),16384.0,0.552458,1.0,0.9173,0.971641,1.0,81920,389.29,786432,8.000000,64.805,131072,8.000000,0.0,786443,390.57,163792,81.146,786528,389.56,131085,64.924,851968,1686.2,2.000000,851968,1686.2,2.000000,389.7,786432,64.949,64.955,0.0,389.73,786432,0,0,8388608,0,0,34603008,8388608,0,2654208,162.000000,0.648782
shmembench,1328,715,input13,benchmark_shmem,0.059969999999999996,(2048 1 1) (256 1 1),16384.0,0.557873,1.0,0.9102,1.172356,1.0,114688,368.8,786432,8.000000,61.41,131072,8.000000,0.0,786441,372.02,162962,76.926,786537,371.76,131085,61.957,1507328,2822.1,2.000000,1507328,2821.2,2.000000,371.47,786432,61.912,61.854,0.0,371.13,786432,0,0,8388608,0,0,36700160,8388608,0,3473408,212.000000,0.806525
shmembench,1328,715,input14,benchmark_shmem,0.089907,(2048 1 1) (256 1 1),16384.0,0.578605,1.0,0.9359000000000001,1.412246,1.0,180224,250.76,786432,8.000000,41.756,131072,8.000000,0.0,786445,251.45,162577,52.214,786536,252.56,131085,42.09,2818048,3593.6,2.000000,2818048,3589.4,2.000000,252.45,786432,42.073,42.058,0.0,252.35,786432,0,0,8388608,0,0,40894464,8388608,0,5111808,312.000000,0.780827
shmembench,1328,715,input15,benchmark_shmem,0.12681,(2048 1 1) (256 1 1),16384.0,0.585843,1.0,0.9538,1.486334,1.0,245760,178.73,786432,8.000000,29.781,131072,8.000000,0.0,786443,179.7,162450,37.068,786532,179.67,131085,29.943,4128768,3749.4,2.000000,4128768,3754.7,2.000000,179.45,786432,29.908,29.873,0.0,179.24,786432,0,0,8388608,0,0,45088768,8388608,0,6750208,412.000000,0.728088
shmembench,1328,715,input16,benchmark_shmem,0.16394,(2048 1 1) (256 1 1),16384.0,0.590134,1.0,0.9645,1.514579,1.0,311296,138.99,786432,8.000000,23.222,131072,8.000000,0.0,786452,139.84,162286,28.801,786531,139.69,131085,23.279,5439488,3854.4,2.000000,5439488,3852.3,2.000000,139.68,786432,23.279,23.271,0.0,139.63,786432,0,0,8388608,0,0,49283072,8388608,0,8388608,512.000000,0.698826
shmembench,1328,715,input17,benchmark_shmem,0.20142,(2048 1 1) (256 1 1),16384.0,0.592788,1.0,0.9697,1.536590,1.0,376832,113.99,786432,8.000000,19.019,131072,8.000000,0.0,786453,114.49,162267,23.594,786536,114.37,131085,19.06,6750208,3917.5,2.000000,6750208,3916.9,2.000000,114.4,786432,19.065,19.073,0.0,114.45,786432,0,0,8388608,0,0,53477376,8388608,0,10027008,612.000000,0.678396
shmembench,1328,715,input18,benchmark_shmem,0.23898,(2048 1 1) (256 1 1),16384.0,0.594499,1.0,0.9732,1.548095,1.0,442368,96.161,786432,8.000000,16.084,131072,8.000000,0.0,786446,96.401,162179,19.879,786544,96.286,131085,16.046,8060928,3943.8,2.000000,8060928,3940.1,2.000000,96.337,786432,16.055,16.057,0.0,96.346,786432,0,0,8388608,0,0,57671680,8388608,0,11665408,712.000000,0.665866
shmembench,1328,715,input19,benchmark_shmem,0.27634,(2048 1 1) (256 1 1),16384.0,0.595922,1.0,0.9734999999999999,1.560391,1.0,507904,83.67,786432,8.000000,13.959,131072,8.000000,0.0,786462,83.779,162064,17.179,786547,83.73,131085,13.954,9371648,3983.8,2.000000,9371648,3974.7,2.000000,83.717,786432,13.952,13.925,0.0,83.555,786432,0,0,8388608,0,0,61865984,8388608,0,13303808,812.000000,0.657064
shmembench,1328,715,input20,benchmark_shmem,0.3152,(2048 1 1) (256 1 1),16384.0,0.597980,1.0,0.9762000000000001,1.523204,1.0,81920,73.747,786432,8.000000,12.29,131072,8.000000,0.0,786725,73.716,161899,15.165,788193,73.943,131085,12.296,10682368,3996.5,2.000000,10682368,4008.8,2.000000,73.595,786432,12.266,12.266,0.0,73.6,786432,0,0,8388608,0,0,34603008,8388608,0,13467648,822.000000,0.584494
shmembench,1328,715,input21,benchmark_shmem,0.6138899999999999,(2048 1 1) (256 1 1),16384.0,0.601470,1.0,0.9823000000000001,1.555334,1.0,98304,38.014,786432,8.000000,6.333,131072,8.000000,0.0,786748,38.044,161844,7.8063,788238,38.054,131085,6.3274,21168128,4086.6,2.000000,21168128,4093.5,2.000000,37.977,786432,6.3283,6.3367,0.0,38.026,786432,0,0,8388608,0,0,35651584,8388608,0,25051136,1.5290e+03,0.556287
shmembench,1328,715,input22,benchmark_shmem,0.057034999999999995,(1024 1 1) (256 1 1),8192.0,0.223063,1.0,0.9251999999999999,0.359919,1.0,32768,387.73,786432,16.000000,64.58,131072,16.000000,0.0,786444,389.27,165780,81.931,786541,388.63,131085,64.769,524288,1032.5,4.000000,524288,1032.7,4.000000,388.58,786432,64.762,64.74,0.0,388.44,786432,0,0,9961472,0,0,16777216,9961472,0,1302528,159.000000,0.314410
shmembench,1328,715,input23,benchmark_shmem,0.058447000000000006,(1024 1 1) (256 1 1),8192.0,0.218501,1.0,0.9226000000000001,0.411780,1.0,40960,378.86,786432,16.000000,63.112,131072,16.000000,0.0,786443,381.71,165728,80.206,786542,380.7,131085,63.446,851968,1642.2,4.000000,851968,1642.2,4.000000,380.74,786432,63.456,63.452,0.0,380.72,786432,0,0,9961472,0,0,17301504,9961472,0,1507328,184.000000,0.356488
shmembench,1328,715,input24,benchmark_shmem,0.064258,(1024 1 1) (256 1 1),8192.0,0.217197,1.0,0.9212,0.489104,1.0,57344,351.38,786432,16.000000,58.508,131072,16.000000,0.0,786444,354.64,165550,74.536,786536,354.59,131085,59.094,1507328,2692.8,4.000000,1507328,2691.1,4.000000,354.01,786432,59.0,59.099,0.0,354.6,786432,0,0,9961472,0,0,18350080,9961472,0,1916928,234.000000,0.421061
shmembench,1328,715,input25,benchmark_shmem,0.096396,(1024 1 1) (256 1 1),8192.0,0.230058,1.0,0.9209,0.458385,1.0,90112,238.47,786432,16.000000,39.724,131072,16.000000,0.0,786444,240.49,164290,50.061,786530,239.9,131085,39.98,2818048,3416.2,4.000000,2818048,3418.0,4.000000,239.97,786432,39.994,40.053,0.0,240.32,786432,0,0,9961472,0,0,20447232,9961472,0,2736128,334.000000,0.403585
shmembench,1328,715,input26,benchmark_shmem,0.13223,(1024 1 1) (256 1 1),8192.0,0.235435,1.0,0.9412999999999999,0.419473,1.0,122880,174.22,786432,16.000000,29.056,131072,16.000000,0.0,786448,175.31,164293,36.63,786535,175.21,131085,29.2,4128768,3658.5,4.000000,4128768,3663.0,4.000000,175.27,786432,29.212,29.192,0.0,175.16,786432,0,0,9961472,0,0,22544384,9961472,0,3555328,434.000000,0.377349
shmembench,1328,715,input27,benchmark_shmem,0.16812,(1024 1 1) (256 1 1),8192.0,0.238631,1.0,0.9553,0.396301,1.0,155648,137.88,786432,16.000000,22.955,131072,16.000000,0.0,786447,138.56,163995,28.866,786536,138.55,131085,23.09,5439488,3814.0,4.000000,5439488,3813.0,4.000000,138.51,786432,23.085,23.057,0.0,138.35,786432,0,0,9961472,0,0,24641536,9961472,0,4374528,534.000000,0.361616
shmembench,1328,715,input28,benchmark_shmem,0.20431,(1024 1 1) (256 1 1),8192.0,0.240318,1.0,0.9632999999999999,0.381776,1.0,188416,113.64,786432,16.000000,18.924,131072,16.000000,0.0,786449,114.03,163893,23.751,786539,114.04,131085,19.005,6750208,3898.3,4.000000,6750208,3897.6,4.000000,114.0,786432,18.999,18.993,0.0,113.97,786432,0,0,9961472,0,0,26738688,9961472,0,5193728,634.000000,0.351528
shmembench,1328,715,input29,benchmark_shmem,0.24206999999999998,(1024 1 1) (256 1 1),8192.0,0.241545,1.0,0.9590000000000001,0.371458,1.0,221184,95.489,786432,16.000000,16.013,131072,16.000000,0.0,786457,96.392,163968,20.093,786556,96.359,131085,16.058,8060928,3926.1,4.000000,8060928,3940.2,4.000000,96.43,786432,16.071,16.069,0.0,96.421,786432,0,0,9961472,0,0,28835840,9961472,0,6012928,734.000000,0.344437
shmembench,1328,715,input30,benchmark_shmem,0.27975,(1024 1 1) (256 1 1),8192.0,0.242402,1.0,0.9609000000000001,0.363718,1.0,253952,83.222,786432,16.000000,13.88,131072,16.000000,0.0,786451,83.38,163861,17.38,786548,83.07,131085,13.844,9371648,3966.5,4.000000,9371648,3955.3,4.000000,83.514,786432,13.918,13.91,0.0,83.466,786432,0,0,9961472,0,0,30932992,9961472,0,6832128,834.000000,0.339056
shmembench,1328,715,input31,benchmark_shmem,0.32764,(1024 1 1) (256 1 1),8192.0,0.243950,1.0,0.9460999999999999,0.315866,1.0,40960,72.355,786432,16.000000,12.076,131072,16.000000,0.0,786772,72.344,163900,15.14,788438,72.667,131085,12.081,10682368,3934.8,4.000000,10682368,3924.4,4.000000,72.273,786432,12.045,12.05,0.0,72.305,786432,0,0,9961472,0,0,17301504,9961472,0,6914048,844.000000,0.300532
shmembench,1328,715,input32,benchmark_shmem,0.63814,(1024 1 1) (256 1 1),8192.0,0.245966,1.0,0.9495,0.294057,1.0,49152,37.368,786432,16.000000,6.2473,131072,16.000000,0.0,786783,37.632,163877,7.8138,788429,37.701,131085,6.2678,21168128,4048.6,4.000000,21168128,4043.1,4.000000,37.614,786432,6.2687,6.252,0.0,37.516,786432,0,0,9961472,0,0,17825792,9961472,0,12705792,1.5510e+03,0.285340
