,appName,n_dm,n_l2,n_shm,tex_trans,n_flop_sp,n_flop_dp,n_int,branch,act_util,warp_eff,sm_act,coreF,memF,avg_power
0,BlackScholes,0.105534947818,0.13715719776,0.0,0.0765136385439,0.484864925348,0.0,0.119552560225,0.00254049190478,0.929137,1.0,0.9968,0.457078313253,1.0,0.4772071349351981
1,BlackScholes,0.102441008778,0.135171454242,0.0,0.075799765304,0.480341129306,0.0,0.118437133288,0.00251678908236,0.91792,1.0,0.9965,0.609939759036,1.0,0.5688978752539878
2,BlackScholes,0.102523628536,0.135552729388,0.0,0.07615326949,0.482581276082,0.0,0.118989483578,0.00252852652603,0.921277,1.0,0.9968,0.762048192771,1.0,0.6670083277499682
3,BlackScholes,0.0996643551123,0.134692399875,0.0,0.0760460068778,0.481901555716,0.0,0.118821885747,0.00252496507211,0.917689,1.0,0.9956,0.905120481928,1.0,0.7912587014439119
4,BlackScholes,0.0996836722323,0.134622962055,0.0,0.0760789273116,0.482110171643,0.0,0.118873323924,0.00252605813339,0.916737,1.0,0.9969,1.0,1.0,1.0
5,SobolQRNG,0.0812682051135,0.0818507829274,0.0198697840828,1.9342695627e-05,0.019806920322,0.0,0.277780451899,0.000623046359922,0.487014,1.0,0.9881,0.457078313253,1.0,0.6113196151429431
6,SobolQRNG,0.0834457274997,0.0833154365083,0.020463484581,1.99206469516e-05,0.0203987424784,0.0,0.286080410872,0.000641662713917,0.520549,1.0,0.9497,0.609939759036,1.0,0.6823936313334362
7,SobolQRNG,0.0853435346114,0.0843694427678,0.0209354467418,2.03800893082e-05,0.0208692114516,0.0,0.292678462555,0.000656461782951,0.5379,1.0,0.9386,0.762048192771,1.0,0.7254530279094992
8,SobolQRNG,0.0856701160739,0.0852547793152,0.0211285793697,2.05680986806e-05,0.021061733049,0.0,0.295378465152,0.000662517741095,0.541447,1.0,0.9404,0.905120481928,1.0,0.827417612090267
9,SobolQRNG,0.0861750202893,0.0847008331617,0.0212263770837,2.06633021014e-05,0.0211592213519,0.0,0.296745681479,0.000665584332533,0.543002,1.0,0.9405,1.0,1.0,1.0
10,backpropBackward,0.16719494705,0.185668112928,0.0,0.27113773749,0.0,0.0871514261761,0.213036632792,0.000907827163607,0.939566,1.0,0.9846,0.457078313253,1.0,0.6277007843294551
11,backpropBackward,0.167736918052,0.186152835472,0.0,0.272004264651,0.0,0.087429952797,0.213717475046,0.000910728481961,0.942945,1.0,0.9841,0.609939759036,1.0,0.6766812702652298
12,backpropBackward,0.168597460099,0.187176133928,0.0,0.273388798092,0.0,0.0878749814569,0.214805321928,0.000915364196186,0.947251,1.0,0.9847,0.762048192771,1.0,0.7242494447136659
13,backpropBackward,0.169799335048,0.188535924633,0.0,0.275320117571,0.0,0.0884957627934,0.216322786087,0.00092183066707,0.953024,1.0,0.9857,0.905120481928,1.0,0.826308531378506
14,backpropBackward,0.170379961281,0.189185257831,0.0,0.276262241809,0.0,0.088798588478,0.217063026,0.000924985100617,0.956095,1.0,0.9859,1.0,1.0,1.0
15,backpropForward,0.0497833095952,0.0594129110242,0.0642463378437,0.0331594001774,0.0328139897589,0.0,0.658697668108,0.00567768375434,0.978934,0.9276,0.9953,0.457078313253,1.0,0.5101465846889643
16,backpropForward,0.0496299078146,0.0592224491977,0.0640398814213,0.0330528420239,0.0327085415862,0.0,0.656580934788,0.0056594384455,0.977072,0.9276,0.994,0.609939759036,1.0,0.5774723129320003
17,backpropForward,0.0495710089653,0.0591489109389,0.0639610647872,0.0330121624708,0.0326682857784,0.0,0.655772852415,0.0056524731314,0.976264,0.9276,0.9936,0.762048192771,1.0,0.656732306140212
18,backpropForward,0.0495725119242,0.0591424591069,0.0639537703467,0.0330083975983,0.0326645601233,0.0,0.655698064791,0.00565182849502,0.976259,0.9276,0.9935,0.905120481928,1.0,0.8044737265701822
19,backpropForward,0.0496150320639,0.0591921419214,0.0640078128951,0.0330362905265,0.0326921625002,0.0,0.656252146188,0.0056566044326,0.9762,0.9276,0.9944,1.0,1.0,1.0
20,binomialOptions,0.0134508289328,0.0304577915989,0.460537512416,0.0170906823447,0.000754475540968,0.22623219735,0.112492679872,0.00650802778455,0.901688,0.9997,0.9624,0.457078313253,1.0,0.49592890329232664
21,binomialOptions,0.0133499819996,0.0301256518014,0.455483963158,0.0169031436475,0.000746196564322,0.223749716505,0.11125828032,0.00643661419045,0.902061,0.9997,0.9515,0.609939759036,1.0,0.5702535626250939
22,binomialOptions,0.0134825421918,0.0303910702259,0.459494933496,0.0170519919348,0.00075276753614,0.225720045976,0.112238015499,0.00649329471201,0.901869,0.9997,0.9601,0.762048192771,1.0,0.6488032761308578
23,binomialOptions,0.0132965411691,0.0300501394138,0.454360925157,0.0168614673775,0.000744356747411,0.223198040805,0.1109839627,0.00642074412055,0.903422,0.9997,0.9477,0.905120481928,1.0,0.8008075720318437
24,binomialOptions,0.0134869289431,0.0303768157924,0.459269272062,0.0170436175727,0.000752397846315,0.225609193156,0.112182894562,0.00649010580591,0.90219,0.9997,0.9593,1.0,1.0,1.0
25,cfd,0.190436374005,0.315467469017,0.0,0.158927917447,0.0626463225362,0.0,0.0307131191458,0.000564206332537,0.901954,0.9695,0.8677,0.457078313253,1.0,0.6994152002558124
26,cfd,0.197531908205,0.324527358238,0.0,0.163564907119,0.0644741345105,0.0,0.0316092261265,0.000580668002573,0.910618,0.9695,0.8861,0.609939759036,1.0,0.7278606445663284
27,cfd,0.201076890464,0.329855539775,0.0,0.166270774359,0.0655407352351,0.0,0.0321321400632,0.000590274039428,0.913891,0.9695,0.8978,0.762048192771,1.0,0.7735153344160789
28,cfd,0.203649123961,0.334047645717,0.0,0.168377372169,0.0663711154979,0.0,0.0325392440545,0.000597752623704,0.912804,0.9695,0.9103,0.905120481928,1.0,0.8607342278090018
29,cfd,0.205225730315,0.33695902114,0.0,0.169827841175,0.0669428624294,0.0,0.0328195499196,0.000602901900251,0.911195,0.9695,0.9196,1.0,1.0,1.0
30,conjugateGradient,0.0792673140693,0.0874961491224,0.0683010652129,0.170752663032,0.0341505310798,0.0,0.305220381608,0.00373521450383,0.857977,0.8764,0.996,0.457078313253,1.0,0.5836238276870099
31,conjugateGradient,0.0826585293144,0.0925546345702,0.0712510065378,0.178127516344,0.0356255016763,0.0,0.31840293175,0.00389653942003,0.896462,0.8764,0.996,0.609939759036,1.0,0.6562049646331176
32,conjugateGradient,0.0826386605534,0.0923867423908,0.0719661534832,0.179915383708,0.035983075133,0.0,0.321598744625,0.00393564901861,0.90323,0.8764,0.996,0.762048192771,1.0,0.7099886874553419
33,conjugateGradient,0.0810908192322,0.0914876331668,0.0714361275629,0.178590318907,0.0357180621847,0.0,0.319230191321,0.0039066632261,0.895521,0.8764,0.9957,0.905120481928,1.0,0.8284792217432749
34,conjugateGradient,0.0827092071893,0.0918419259168,0.0717182500778,0.179295625195,0.0358591234359,0.0,0.320490926295,0.00392209180113,0.900266,0.8764,0.996,1.0,1.0,1.0
35,convolutionSeparable,0.0695593812241,0.0769948220086,0.280137629378,0.040206803641,0.274091493492,0.0,0.0211614756005,0.000157451455361,0.764143,1.0,0.9976,0.457078313253,1.0,0.5984430083763594
36,convolutionSeparable,0.0683584358986,0.0762904581457,0.280290781398,0.0402287848122,0.274241340073,0.0,0.021173044638,0.000157537534509,0.762647,1.0,0.9975,0.609939759036,1.0,0.6702139892755383
37,convolutionSeparable,0.0679049647285,0.0753842946443,0.279927401136,0.0401766305947,0.27388580255,0.0,0.0211455950498,0.000157333296502,0.76117,1.0,0.9966,0.762048192771,1.0,0.7206941599727182
38,convolutionSeparable,0.0677317299844,0.0745104735032,0.276652330253,0.0397065754572,0.270681416651,0.0,0.0208981976091,0.000155492541734,0.752745,1.0,0.9968,0.905120481928,1.0,0.8239613335873277
39,convolutionSeparable,0.0677035659248,0.0733244886784,0.274281993508,0.0393663724495,0.268362238252,0.0,0.0207191433945,0.000154160293114,0.746375,1.0,0.9967,1.0,1.0,1.0
40,convolutionTexture,0.0315171781996,0.0452151377331,0.0,0.508885235077,0.198315569552,0.0,0.078612946586,0.000233954052561,0.863298,1.0,0.9994,0.457078313253,1.0,0.6204547834047316
41,convolutionTexture,0.0315458750761,0.0451630160227,0.0,0.512640759019,0.199779119324,0.0,0.0791931025479,0.000235680610899,0.869079,1.0,0.9994,0.609939759036,1.0,0.6211494844391016
42,convolutionTexture,0.0317920759614,0.0452032019175,0.0,0.512307788698,0.199649358831,0.0,0.0791416650602,0.000235527531677,0.868764,1.0,0.9995,0.762048192771,1.0,0.7367693921875079
43,convolutionTexture,0.0310833612556,0.0445625728312,0.0,0.513543073351,0.200130756526,0.0,0.0793324926962,0.000236095439391,0.869497,1.0,0.9993,0.905120481928,1.0,0.8635699782227407
44,convolutionTexture,0.0309269325774,0.0443666917263,0.0,0.512973475569,0.19990878092,0.0,0.079244500833,0.000235833573453,0.868264,1.0,0.9993,1.0,1.0,1.0
45,dxtc,0.2384506245,0.291917598199,0.0058042209188,0.218170304366,0.134575795489,0.0,0.0541488061569,0.00088302468466,0.982348,0.9716,0.989,0.457078313253,1.0,0.7463586550841255
46,dxtc,0.238020846066,0.291525425854,0.0058020135555,0.21808733352,0.134524615895,0.0,0.0541282131973,0.000882688867622,0.985214,0.9716,0.9851,0.609939759036,1.0,0.7597379129548982
47,dxtc,0.238449935961,0.291725173761,0.00581104817496,0.21842692874,0.134734091226,0.0,0.0542124990755,0.000884063348729,0.988953,0.9716,0.9827,0.762048192771,1.0,0.7936679997811988
48,dxtc,0.238754915058,0.292023291064,0.00582207964453,0.218841581991,0.134989865225,0.0,0.0543154139914,0.000885741620469,0.991922,0.9716,0.9812,0.905120481928,1.0,0.8700210306501445
49,dxtc,0.239028734309,0.291750052542,0.00581973756545,0.218753547418,0.134935562131,0.0,0.0542935642396,0.000885385308456,0.993266,0.9716,0.9797,1.0,1.0,1.0
50,eigenvalues,4.06898459309e-08,7.7891990782e-07,0.000329421504956,4.31544880273e-06,0.00186438498059,0.0,0.000757616775313,2.08890406641e-05,0.249996,0.6691,0.0178,0.457078313253,1.0,0.7440314342084452
51,eigenvalues,3.13900328503e-08,7.19645567939e-07,0.000329429094014,4.31554822001e-06,0.00186442793142,0.0,0.000757634228933,2.0889521896e-05,0.249996,0.6691,0.0178,0.609939759036,1.0,0.763060771006786
52,eigenvalues,2.44161288556e-08,5.24365433994e-07,0.00032945147734,4.31584144343e-06,0.00186455461148,0.0,0.000757685707003,2.08909412515e-05,0.249996,0.6691,0.0178,0.762048192771,1.0,0.7942595967834134
53,eigenvalues,1.84984644097e-08,4.93677768934e-07,0.000327604336234,4.29164374305e-06,0.00185410058197,0.0,0.000753437577882,2.07738116619e-05,0.249996,0.6691,0.0177,0.905120481928,1.0,0.878060561937144
54,eigenvalues,1.04644475082e-08,4.26716915055e-07,0.000329463828063,4.31600323892e-06,0.0018646245113,0.0,0.000757714111692,2.08917244267e-05,0.249996,0.6691,0.0178,1.0,1.0,1.0
55,fastWalshTransform,0.210478481847,0.21069759316,0.0,0.101293080379,0.0506465401894,0.0,0.234240248376,0.000197838047615,0.80901,1.0,0.9982,0.457078313253,1.0,0.7539089342188663
56,fastWalshTransform,0.213861863681,0.214166762626,0.0,0.102957802606,0.051478901303,0.0,0.238089918526,0.000201089458215,0.822154,1.0,0.9983,0.609939759036,1.0,0.770408366796854
57,fastWalshTransform,0.216663703861,0.216911645693,0.0,0.103863214323,0.0519316071614,0.0,0.240183683121,0.000202857840474,0.83092,1.0,0.9986,0.762048192771,1.0,0.79502770539118
58,fastWalshTransform,0.219212898578,0.219507661525,0.0,0.104086413409,0.0520432067044,0.0,0.240699831008,0.000203293776189,0.836925,1.0,0.9986,0.905120481928,1.0,0.873648888075049
59,fastWalshTransform,0.220771926263,0.220570825007,0.0,0.104133309209,0.0520666546046,0.0,0.240808277546,0.000203385369549,0.83973,1.0,0.9986,1.0,1.0,1.0
60,gaussian,0.00439981962923,0.0178578624188,0.0,0.00607444621781,0.00101207404191,0.0,0.017712546589,9.49278852432e-05,0.11498,0.4998,0.8205,0.457078313253,1.0,0.5858968360373084
61,gaussian,0.0048351789163,0.0189558465516,0.0,0.006447889564,0.00107429408688,0.0,0.0188014742756,0.000100763838981,0.117827,0.4998,0.8527,0.609939759036,1.0,0.6627613658924821
62,gaussian,0.00466825131971,0.0186000181852,0.0,0.00632725070149,0.00105419423632,0.0,0.0184497020488,9.88785655447e-05,0.126965,0.4998,0.7753,0.762048192771,1.0,0.7057317503855545
63,gaussian,0.00469075548899,0.018664131293,0.0,0.00634858516094,0.00105774880769,0.0,0.018511911441,9.92119679727e-05,0.11678,0.4998,0.8459,0.905120481928,1.0,0.8356291353400885
64,gaussian,0.00462388029255,0.0186013847844,0.0,0.00632734695923,0.00105421027399,0.0,0.0184499827279,9.88800698043e-05,0.111953,0.4998,0.8785,1.0,1.0,1.0
65,histogram,0.0102365515409,0.0098073849569,0.121358978236,0.00979800464311,0.0,0.0,0.0832612964632,0.00156989102678,0.402363,0.6609,0.8876,0.457078313253,1.0,0.5264619004878837
66,histogram,0.0111137634613,0.0100420170822,0.12203763795,0.00985279672462,0.0,0.0,0.0837269075655,0.0015786701201,0.402598,0.6609,0.8958,0.609939759036,1.0,0.6097673348214382
67,histogram,0.0108912494034,0.0102028398888,0.124625904943,0.0100617623272,0.0,0.0,0.0855026514668,0.00161215175605,0.402281,0.6609,0.9136,0.762048192771,1.0,0.6820315859823974
68,histogram,0.0106021859643,0.0102843553151,0.127259716502,0.0102744050032,0.0,0.0,0.0873096423315,0.00164622255322,0.401914,0.6609,0.9313,0.905120481928,1.0,0.8163337251847992
69,histogram,0.0107578709446,0.00995840854371,0.123228206608,0.009948918144,0.0,0.0,0.0845437263247,0.00159407123076,0.402514,0.6609,0.9023,1.0,1.0,1.0
70,hotspot,0.00485632062641,0.0290148117707,0.0659414502274,0.0184665141761,0.0879436356151,0.0453723409169,0.331945418555,0.00345224757513,0.715735,0.8468,0.9685,0.457078313253,1.0,0.49045496361581126
71,hotspot,0.00484028234672,0.0289070259031,0.0656219798937,0.0183770483936,0.0875175700295,0.0451525229292,0.330337223509,0.0034355222729,0.714826,0.8468,0.9651,0.609939759036,1.0,0.5589632822297168
72,hotspot,0.004811615577,0.0288310145404,0.0654348718972,0.0183246499029,0.0872680311217,0.0450237795095,0.329395332756,0.00342572656587,0.714406,0.8468,0.9629,0.762048192771,1.0,0.6234797201910817
73,hotspot,0.00481503739552,0.028753477593,0.0654670275474,0.018333654903,0.0873109159047,0.0450459048512,0.329557202425,0.00342741001786,0.714275,0.8468,0.9634,0.905120481928,1.0,0.7729415654686538
74,hotspot,0.00478427092576,0.0287382217942,0.0652464317163,0.0182718783417,0.0870167155297,0.0448941194535,0.328446735864,0.0034158611147,0.7141,0.8468,0.9605,1.0,1.0,1.0
75,matrixMulGlobal,0.0079498685648,0.070338090223,0.0,0.28488313557,0.0712213262027,0.0,0.472100385795,0.000280923044376,0.917973,1.0,0.9878,0.457078313253,1.0,0.4967467653669456
76,matrixMulGlobal,0.00763779292298,0.06850539594,0.0,0.287807953739,0.0719525363126,0.0,0.47694731288,0.000283807205358,0.923291,1.0,0.989,0.609939759036,1.0,0.5805859406546122
77,matrixMulGlobal,0.00759745953999,0.0679519430377,0.0,0.288600644649,0.0721507105493,0.0,0.478260938146,0.000284588877265,0.924928,1.0,0.9891,0.762048192771,1.0,0.6612747344284369
78,matrixMulGlobal,0.00756595002986,0.0676481366019,0.0,0.289160126619,0.0722905821067,0.0,0.47918809606,0.000285140582012,0.926515,1.0,0.9888,0.905120481928,1.0,0.8075711147427039
79,matrixMulGlobal,0.00737700258308,0.0674933223775,0.0,0.289959527334,0.0724904338073,0.0,0.480512840627,0.000285928870453,0.928143,1.0,0.9892,1.0,1.0,1.0
80,matrixMulShared,0.0254722004235,0.0536234059024,0.333388666465,0.0533421866344,0.426740742465,0.0,0.0898065720291,0.0010483510801,0.996375,1.0,0.987,0.457078313253,1.0,0.46855147686520887
81,matrixMulShared,0.0255244602283,0.0535897536767,0.333317077937,0.0533307324699,0.426649108451,0.0,0.0897872878692,0.00104812596773,0.996601,1.0,0.9866,0.609939759036,1.0,0.5479234707211632
82,matrixMulShared,0.0255780756638,0.0535170920656,0.333046554581,0.0532874487329,0.426302835918,0.0,0.0897144156401,0.00104727529858,0.995737,1.0,0.9867,0.762048192771,1.0,0.6370364263681458
83,matrixMulShared,0.026085400222,0.0534705920463,0.332966541421,0.0532746466273,0.426200418294,0.0,0.0896928620952,0.0010470236947,0.996388,1.0,0.9863,0.905120481928,1.0,0.8032798720701213
84,matrixMulShared,0.0259071766029,0.0535094297126,0.333077205057,0.0532923528091,0.426342068827,0.0,0.0897226721121,0.00104737167996,0.996248,1.0,0.9866,1.0,1.0,1.0
85,mergeSort,0.0227924315373,0.0227994098072,0.226810422634,0.0113975799008,0.0,0.0,0.678868352844,0.00409600527687,0.98069,1.0,0.9858,0.457078313253,1.0,0.4969133309864311
86,mergeSort,0.0227755999275,0.022782812497,0.226658602483,0.0113899506999,0.0,0.0,0.67841393856,0.00409326353276,0.980727,1.0,0.9851,0.609939759036,1.0,0.5709448029537052
87,mergeSort,0.0227678990338,0.0227759454557,0.226586935609,0.0113863493269,0.0,0.0,0.678199431785,0.00409196928936,0.980815,1.0,0.9847,0.762048192771,1.0,0.6524628532725791
88,mergeSort,0.0227756257076,0.0227861957641,0.22668080542,0.0113910664323,0.0,0.0,0.678480394376,0.00409366449912,0.980822,1.0,0.9851,0.905120481928,1.0,0.7953071226040948
89,mergeSort,0.0227559023391,0.0227660944068,0.226488932259,0.0113814245047,0.0,0.0,0.677906097059,0.00409019943136,0.98009,1.0,0.985,1.0,1.0,1.0
90,nn,0.15659272843,0.155950710746,0.0,0.103961753584,0.155942630375,0.0,0.220918726365,0.00203050299968,0.817889,1.0,0.9725,0.457078313253,1.0,0.6960383298235218
91,nn,0.159153273527,0.159118626554,0.0,0.106072947387,0.159109421081,0.0,0.225405013198,0.00207173725366,0.83627,1.0,0.9697,0.609939759036,1.0,0.7344070565253604
92,nn,0.16396273054,0.163929849826,0.0,0.109280278744,0.163920418116,0.0,0.23222059233,0.00213438044421,0.85687,1.0,0.975,0.762048192771,1.0,0.7487870065492133
93,nn,0.167008471812,0.166976625664,0.0,0.11131035506,0.166965532589,0.0,0.236534504502,0.00217403037226,0.871895,1.0,0.976,0.905120481928,1.0,0.8235864226470895
94,nn,0.169036568458,0.169016421424,0.0,0.112670379259,0.169005568889,0.0,0.239424555925,0.0022005933449,0.879561,1.0,0.9793,1.0,1.0,1.0
95,pathfinder,0.0519602282497,0.0949901346806,0.145272911565,0.0879828823595,0.0,0.0,0.534578336754,0.00916389129293,0.984339,0.9466,0.9916,0.457078313253,1.0,0.5182603200155014
96,pathfinder,0.0482068721593,0.0942104579896,0.145878028334,0.0883493644302,0.0,0.0,0.536805058254,0.00920206237537,0.98395,0.9466,0.9906,0.609939759036,1.0,0.5916466265715713
97,pathfinder,0.0433192604872,0.0981957296594,0.146037773794,0.0884461124464,0.0,0.0,0.537392892981,0.00921213920259,0.983601,0.9466,0.9909,0.762048192771,1.0,0.6689323124900115
98,pathfinder,0.0445200676701,0.0941732909572,0.146511821023,0.0887332137451,0.0,0.0,0.539137302014,0.0092420423499,0.983693,0.9466,0.9905,0.905120481928,1.0,0.8151879029072668
99,pathfinder,0.0402365965801,0.0957989343664,0.146800456361,0.0889080224464,0.0,0.0,0.540199428444,0.00926024961809,0.983299,0.9466,0.9897,1.0,1.0,1.0
100,quasirandomGenerator,0.0154918185293,0.0165917381776,0.0,0.0,0.00395250664888,0.0,0.272755767666,0.00012550607813,0.405563,1.0,0.7617,0.457078313253,1.0,0.7483182428851266
101,quasirandomGenerator,0.0153575461326,0.0160199414388,0.0,0.0,0.00396328225497,0.0,0.273499373932,0.000125848241769,0.40584,1.0,0.7613,0.609939759036,1.0,0.7646864037586093
102,quasirandomGenerator,0.0146089894756,0.0160107572499,0.0,0.0,0.00397582552402,0.0,0.274364963616,0.000126246534965,0.406052,1.0,0.7612,0.762048192771,1.0,0.7898539585302251
103,quasirandomGenerator,0.0147461432746,0.0158415667371,0.0,0.0,0.00396031331466,0.0,0.273294492406,0.000125753967404,0.406237,1.0,0.7581,0.905120481928,1.0,0.8738232575124644
104,quasirandomGenerator,0.0148241300758,0.015889233158,0.0,0.0,0.00397222084509,0.0,0.274116210848,0.000126132073649,0.40579,1.0,0.7613,1.0,1.0,1.0
105,reduction,0.0731785150822,0.0680361460092,0.0925115428831,0.0657859860502,0.0163822523855,0.0,0.592073874452,0.0249909654038,0.971082,0.9618,0.9989,0.457078313253,1.0,0.5548759804598257
106,reduction,0.0733059479929,0.0684582200953,0.0920975394792,0.0654915836297,0.0163089392828,0.0,0.589424252667,0.0248791269843,0.967966,0.9618,0.9989,0.609939759036,1.0,0.6204499637477039
107,reduction,0.0750935667152,0.0684802812439,0.0917294235881,0.0652298123293,0.0162437520937,0.0,0.587068310964,0.0247796845665,0.966764,0.9618,0.9987,0.762048192771,1.0,0.6925542623704483
108,reduction,0.0714134262337,0.0676348816088,0.0922264948551,0.0655832852303,0.0163317751306,0.0,0.590249567073,0.0249139628463,0.966675,0.9618,0.9985,0.905120481928,1.0,0.8283055695124544
109,reduction,0.0671772338754,0.0679803619411,0.0926977825156,0.0659184231222,0.0164152323205,0.0,0.5932658081,0.0250412759712,0.96663,0.9618,0.9987,1.0,1.0,1.0
110,scalarProd,0.0576016254252,0.0576239310117,0.00743753717866,0.0540144544039,0.0151899169108,0.0,0.0544389149144,0.00139953490419,0.290116,0.984,0.8677,0.457078313253,1.0,0.6264210850698638
111,scalarProd,0.0580424556356,0.0580687418162,0.00757687470698,0.0550263808507,0.0154744903424,0.0,0.0554587933589,0.00142575430043,0.289588,0.984,0.8811,0.609939759036,1.0,0.7085437984696221
112,scalarProd,0.0571000284755,0.0571134023926,0.00746407548034,0.0542071864671,0.0152441169218,0.0,0.0546331615195,0.00140452866471,0.290086,0.984,0.8659,0.762048192771,1.0,0.7824946162574727
113,scalarProd,0.058292011452,0.0583090508751,0.00757063583948,0.0549810716286,0.0154617485064,0.0,0.0554131280844,0.00142458032138,0.289368,0.984,0.8831,0.905120481928,1.0,0.9079340815072188
114,scalarProd,0.0582880709273,0.0583092449256,0.00753465576105,0.0547197694987,0.0153882652567,0.0,0.0551497725702,0.00141780988456,0.28961,0.984,0.8801,1.0,1.0,1.0
115,scanScanExclusiveShared,0.188070831353,0.188106408053,0.148646932497,0.0880870711091,0.0,0.0,0.352348284436,0.00722589255192,0.974825,1.0,0.9976,0.457078313253,1.0,0.49152933629915746
116,scanScanExclusiveShared,0.184748053362,0.18294509976,0.14997888798,0.0888763780621,0.0,0.0,0.355505512249,0.00729064038791,0.972554,1.0,0.9967,0.609939759036,1.0,0.574449297571836
117,scanScanExclusiveShared,0.183501593752,0.184082902307,0.149585968166,0.0886435366912,0.0,0.0,0.354574146765,0.0072715401192,0.971741,1.0,0.9958,0.762048192771,1.0,0.6649501122876934
118,scanScanExclusiveShared,0.18340740899,0.181708406083,0.150443840593,0.0891519055365,0.0,0.0,0.356607622146,0.00731324225104,0.971742,1.0,0.9968,0.905120481928,1.0,0.8120348102510117
119,scanScanExclusiveShared,0.183670496728,0.180467976816,0.150352064581,0.0890975197515,0.0,0.0,0.356390079006,0.00730878091712,0.971757,1.0,0.9954,1.0,1.0,1.0
120,scanUniformUpdate,0.310500583089,0.309199599319,0.0105503966707,0.15122235228,0.0,0.0,0.093854570383,0.0015019661927,0.906779,0.9732,0.9936,0.457078313253,1.0,0.7545942743967209
121,scanUniformUpdate,0.311550426629,0.309619717029,0.0106825280907,0.153116235967,0.0,0.0,0.0950299894735,0.00152077656847,0.912364,0.9732,0.9928,0.609939759036,1.0,0.7700986740803333
122,scanUniformUpdate,0.317188421988,0.309384622679,0.0107471079663,0.15404188085,0.0,0.0,0.0956044812833,0.00152997023131,0.91829,0.9732,0.9942,0.762048192771,1.0,0.7945450306631425
123,scanUniformUpdate,0.315624523742,0.313159164192,0.0108610242476,0.155674680882,0.0,0.0,0.0966178615358,0.00154618747969,0.92298,0.9732,0.9947,0.905120481928,1.0,0.8782739539266822
124,scanUniformUpdate,0.318135669409,0.311511153871,0.010881929502,0.155974322862,0.0,0.0,0.0968038311947,0.00154916357494,0.925142,0.9732,0.9939,1.0,1.0,1.0
125,sortingNetworks,0.0303187738723,0.0301147414347,0.606843915312,0.0150494877111,0.0,0.0,0.129801114341,0.00718327437106,0.98786,0.8359,0.9922,0.457078313253,1.0,0.4930510241428446
126,sortingNetworks,0.0303258125566,0.030072892251,0.60602790396,0.0150292509542,0.0,0.0,0.129626573277,0.00717361516004,0.987583,0.8359,0.9912,0.609939759036,1.0,0.56850070839898
127,sortingNetworks,0.0301236815561,0.0300891243804,0.606410216207,0.0150387321458,0.0,0.0,0.129708348103,0.00717814062976,0.987836,0.8359,0.9913,0.762048192771,1.0,0.6522082279157875
128,sortingNetworks,0.0301078114872,0.0301227439696,0.607091106479,0.0150556179537,0.0,0.0,0.129853987392,0.00718620039854,0.987988,0.8359,0.9922,0.905120481928,1.0,0.8071023623997796
129,sortingNetworks,0.0300439352059,0.0300608715297,0.60583850369,0.0150245539028,0.0,0.0,0.129586061433,0.0071713732094,0.987042,0.8359,0.9911,1.0,1.0,1.0
130,srad,0.105171914697,0.143760749132,0.0376226504844,0.0847308283767,0.211517230066,0.0423034462495,0.264241620316,0.00371807696089,0.97762,0.9147,0.9987,0.457078313253,1.0,0.4610083714221306
131,srad,0.102192534091,0.143677345982,0.0376853794977,0.0848721018168,0.211869897062,0.0423739796492,0.264682195764,0.00372427618652,0.975736,0.9147,0.9984,0.609939759036,1.0,0.5486414165706575
132,srad,0.101394369257,0.143606929638,0.0376769234573,0.0848530577756,0.211822356598,0.0423644715564,0.264622805004,0.00372344051417,0.975017,0.9147,0.998,0.762048192771,1.0,0.6453333916073698
133,srad,0.101247669789,0.139908232603,0.0379245307334,0.0854106997639,0.213214422403,0.0426428847188,0.266361867697,0.00374791042517,0.97496,0.9147,0.9985,0.905120481928,1.0,0.8015084022629047
134,srad,0.0986135236239,0.142798974574,0.0378577074541,0.085260205534,0.21283873715,0.0425677476679,0.265892536286,0.00374130658168,0.974867,0.9147,0.9976,1.0,1.0,1.0
135,stereoDisparity,0.00529605953761,0.149562372173,0.351577139602,0.228035327389,0.0,0.0,0.208363441068,0.00291677048383,0.989692,0.9605,0.9949,0.457078313253,1.0,0.449216059166369
136,stereoDisparity,0.00527977436372,0.150306507197,0.351257374014,0.227827925251,0.0,0.0,0.208173930856,0.00291411762981,0.989502,0.9605,0.9951,0.609939759036,1.0,0.5332694077732255
137,stereoDisparity,0.00527523396301,0.150218643643,0.351063848495,0.227702403281,0.0,0.0,0.208059237269,0.00291251209447,0.989447,0.9605,0.9946,0.762048192771,1.0,0.6224977119965418
138,stereoDisparity,0.00527682838279,0.150367035308,0.351079311504,0.227712432694,0.0,0.0,0.208068401477,0.0029126403794,0.989342,0.9605,0.9949,0.905120481928,1.0,0.788373106469922
139,stereoDisparity,0.00527270846367,0.150268921004,0.351057879997,0.227698532072,0.0,0.0,0.208055700018,0.00291246257834,0.989284,0.9605,0.9948,1.0,1.0,1.0
140,transpose,0.141109352556,0.138026417687,0.15040399307,0.0668462191424,0.0,0.0,0.367654205283,0.00156670826115,0.86856,1.0,0.9966,0.457078313253,1.0,0.5730270716110087
141,transpose,0.137790244711,0.135351550504,0.150921064892,0.067076028841,0.0,0.0,0.368918158625,0.00157209442596,0.865524,1.0,0.9955,0.609939759036,1.0,0.6436512878227384
142,transpose,0.137145038361,0.137234308009,0.151194201642,0.067197422952,0.0,0.0,0.369585826236,0.00157493960044,0.868797,1.0,0.9944,0.762048192771,1.0,0.7201814829426965
143,transpose,0.140521619535,0.138204630035,0.154034259145,0.0684596707311,0.0,0.0,0.376528189021,0.00160452353276,0.88253,1.0,0.9964,0.905120481928,1.0,0.833378869574008
144,transpose,0.139579757365,0.141459731979,0.155186235276,0.0689716601225,0.0,0.0,0.379344130674,0.00161652328412,0.889449,1.0,0.9963,1.0,1.0,1.0
145,vectorAdd,0.224150863854,0.221288190796,0.0,0.144126002269,0.0180157502837,0.0,0.216189003404,0.00112598439273,0.829041,1.0,0.995,0.457078313253,1.0,0.7597499867023855
146,vectorAdd,0.230581319751,0.227611084042,0.0,0.148252574312,0.018531571789,0.0,0.222378861468,0.00115822323682,0.852178,1.0,0.9957,0.609939759036,1.0,0.7751609777960847
147,vectorAdd,0.23613603044,0.231687612275,0.0,0.151916918043,0.0189896147553,0.0,0.227875377064,0.00118685092221,0.871365,1.0,0.9959,0.762048192771,1.0,0.7864940360832352
148,vectorAdd,0.242238954232,0.235070119418,0.0,0.153982273538,0.0192477841923,0.0,0.230973410307,0.00120298651202,0.885727,1.0,0.9966,0.905120481928,1.0,0.8695803236055449
149,vectorAdd,0.24316884717,0.238333388285,0.0,0.155094103832,0.019386762979,0.0,0.232641155747,0.00121167268618,0.892603,1.0,0.9969,1.0,1.0,1.0
