appName,coreF,memF,argNo,kernel,time/ms,blocks,warps,achieved_occupancy,warp_execution_efficiency,sm_activity,eligible_warps_per_cycle,branch_efficiency,cf_executed,gld_throughput,gld_transactions,gld_transactions_per_request,gst_throughput,gst_transactions,gst_transactions_per_request,global_hit_rate,dram_read_transactions,dram_read_throughput,dram_write_transactions,dram_write_throughput,l2_read_transactions,l2_read_throughput,l2_write_transactions,l2_write_throughput,shared_load_transactions,shared_load_throughput,shared_load_transactions_per_request,shared_store_transactions,shared_store_throughput,shared_store_transactions_per_request,l2_tex_read_throughput,l2_tex_read_transactions,l2_tex_write_throughput,l2_tex_write_throughput,tex_cache_hit_rate,tex_cache_throughput,tex_cache_transactions,flop_count_dp,flop_count_dp_fma,flop_count_sp,flop_count_sp_fma,flop_count_sp_special,inst_integer,inst_fp_32,inst_fp_64,inst_executed,inst_per_warp,executed_ipc
cachebench-l2-only,1809,4513,input00,benchmark_func,2.1529,(224 1 1) (256 1 1),1792.0,0.355574,1.0,0.9192,1.059023,1.0,7804160,321.12,58720256,8.000000,321.24,29360128,4.000000,0.5,112,0.0009765599999999999,329936,3.6256,29365331,321.34,29360141,321.28,0,0.0,0.000000,0,0.0,0.000000,321.3,29360128,321.3,321.27,0.5,321.27,29360128,0,0,0,0,57344,2017476608,57344,0,101998848,5.6919e+04,1.023873
cachebench-l2-only,1809,4513,input01,benchmark_func,2.1488,(224 1 1) (256 1 1),1792.0,0.354864,1.0,0.9228000000000001,1.054934,1.0,7804160,321.71,58720256,8.000000,321.87,29360128,4.000000,0.5,238,0.0019073,786961,8.6688,29365351,321.96,29360141,321.91,0,0.0,0.000000,0,0.0,0.000000,321.85,29360128,321.85,321.88,0.5,321.88,29360128,0,0,0,0,57344,2015641600,57344,0,101998848,5.6919e+04,1.021970
cachebench-l2-only,1809,4513,input02,benchmark_func,2.1509,(224 1 1) (256 1 1),1792.0,0.357106,1.0,0.9177,1.057341,1.0,7804160,322.58,58720256,8.000000,322.53,29360128,4.000000,0.5,271,0.0028610000000000003,451693,4.9882,29365346,322.61,29360141,322.55,0,0.0,0.000000,0,0.0,0.000000,322.53,29360128,322.53,322.6,0.5,322.6,29360128,0,0,0,0,57344,2015068160,57344,0,101998848,5.6919e+04,1.030770
cachebench-l2-only,1809,4513,input03,benchmark_func,2.1507,(224 1 1) (256 1 1),1792.0,0.359645,1.0,0.9125,1.067493,1.0,7804160,322.84,58720256,8.000000,322.94,29360128,4.000000,0.5,309,0.0028610000000000003,108474,1.1986,29365360,322.99,29360141,322.94,0,0.0,0.000000,0,0.0,0.000000,322.88,29360128,322.88,322.88,0.5,322.88,29360128,0,0,0,0,57344,2014724096,57344,0,101998848,5.6919e+04,1.039165
cachebench-l2-only,1809,4513,input04,benchmark_func,2.1448,(224 1 1) (256 1 1),1792.0,0.359715,1.0,0.9126000000000001,1.073548,1.0,7804160,322.86,58720256,8.000000,322.84,29360128,4.000000,0.5,343,0.0028610000000000003,304088,3.3639,29365336,322.89,29360141,322.83,0,0.0,0.000000,0,0.0,0.000000,322.82,29360128,322.82,322.97,0.5,322.97,29360128,0,0,0,0,57344,2014609408,57344,0,101998848,5.6919e+04,1.040413
cachebench-l2-only,1809,4513,input05,benchmark_func,2.1428,(224 1 1) (256 1 1),1792.0,0.362204,1.0,0.9064,1.074627,1.0,7804160,322.45,58720256,8.000000,322.43,29360128,4.000000,0.5,434,0.0038147000000000003,133190,1.4715,29365333,322.53,29360141,322.47,0,0.0,0.000000,0,0.0,0.000000,322.3,29360128,322.3,322.5,0.5,322.5,29360128,0,0,0,0,57344,2014494720,57344,0,101998848,5.6919e+04,1.044699
cachebench-l2-only,1809,4513,input06,benchmark_func,2.1496,(224 1 1) (256 1 1),1792.0,0.363175,1.0,0.9044,1.075491,1.0,7804160,322.96,58720256,8.000000,322.9,29360128,4.000000,0.5,6713,0.07534,90245,0.9956,29365333,322.93,29360141,322.88,0,0.0,0.000000,0,0.0,0.000000,322.91,29360128,322.91,323.03,0.5,323.03,29360128,0,0,0,0,57344,2014380032,57344,0,101998848,5.6919e+04,1.044803
cachebench-l2-only,1809,4513,input07,benchmark_func,2.1657,(224 1 1) (256 1 1),1792.0,0.362627,1.0,0.9057999999999999,1.074921,1.0,7804160,322.58,58720256,8.000000,322.58,29360128,4.000000,0.5,45473,0.51117,108858,1.1967,29365366,322.69,29360142,322.63,0,0.0,0.000000,0,0.0,0.000000,322.67,29360128,322.67,322.57,0.5,322.57,29360128,0,0,0,0,57344,2014265344,57344,0,101998848,5.6919e+04,1.040346
cachebench-l2-only,1809,4513,input08,benchmark_func,2.1515,(224 1 1) (256 1 1),1792.0,0.360975,1.0,0.91,1.067164,1.0,7804160,322.76,58720256,8.000000,322.83,29360128,4.000000,0.5,60904,0.68569,108964,1.1977,29365349,322.85,29360141,322.79,0,0.0,0.000000,0,0.0,0.000000,322.88,29360128,322.88,322.82,0.5,322.82,29360128,0,0,0,0,57344,2014265344,57344,0,101998848,5.6919e+04,1.033497
cachebench-l2-only,1809,4513,input09,benchmark_func,2.1541,(224 1 1) (256 1 1),1792.0,0.362412,1.0,0.9068999999999999,1.076678,1.0,7804160,322.92,58720256,8.000000,323.06,29360128,4.000000,0.5,70702,0.79632,114685,1.2619,29365349,323.12,29360142,323.06,0,0.0,0.000000,0,0.0,0.000000,323.08,29360128,323.08,322.97,0.5,322.97,29360128,0,0,0,0,57344,2014265344,57344,0,101998848,5.6919e+04,1.041297
cachebench-l2-only,1809,4513,input10,benchmark_func,2.156,(224 1 1) (256 1 1),1792.0,0.361790,1.0,0.9077,1.069784,1.0,7804160,322.85,58720256,8.000000,322.85,29360128,4.000000,0.5,79344,0.89264,113796,1.2517,29365307,322.98,29360142,322.92,0,0.0,0.000000,0,0.0,0.000000,322.88,29360128,322.88,322.87,0.5,322.87,29360128,0,0,0,0,57344,2014150656,57344,0,101998848,5.6919e+04,1.039596
cachebench-l2-only,1809,4513,input11,benchmark_func,2.1553,(224 1 1) (256 1 1),1792.0,0.364828,1.0,0.9012,1.081113,1.0,7804160,322.83,58720256,8.000000,322.83,29360128,4.000000,0.5,86971,0.9784700000000001,119821,1.3178,29365348,322.97,29360141,322.91,0,0.0,0.000000,0,0.0,0.000000,322.9,29360128,322.9,322.84,0.5,322.84,29360128,0,0,0,0,57344,2014150656,57344,0,101998848,5.6919e+04,1.045072
cachebench-l2-only,1809,4513,input12,benchmark_func,2.1525,(224 1 1) (256 1 1),1792.0,0.364829,1.0,0.9013,1.076929,1.0,7804160,322.99,58720256,8.000000,322.96,29360128,4.000000,0.5,94148,1.0356,124642,1.3709,29365336,323.07,29360141,323.01,0,0.0,0.000000,0,0.0,0.000000,323.06,29360128,323.06,323.12,0.5,323.12,29360128,0,0,0,0,57344,2014150656,57344,0,101998848,5.6919e+04,1.046024
cachebench-l2-only,1809,4513,input13,benchmark_func,2.1617,(224 1 1) (256 1 1),1792.0,0.364682,1.0,0.9020999999999999,1.077287,1.0,7804160,322.84,58720256,8.000000,322.9,29360128,4.000000,0.5,101413,1.1148,133925,1.4734,29365355,322.9,29360141,322.84,0,0.0,0.000000,0,0.0,0.000000,322.9,29360128,322.9,322.96,0.5,322.96,29360128,0,0,0,0,57344,2014150656,57344,0,101998848,5.6919e+04,1.041559
cachebench-l2-only,1809,4513,input14,benchmark_func,2.1682,(224 1 1) (256 1 1),1792.0,0.364882,1.0,0.9023,1.077312,1.0,7804160,323.1,58720256,8.000000,323.1,29360128,4.000000,0.5,108805,1.1977,142749,1.5721,29365356,323.32,29360142,323.27,0,0.0,0.000000,0,0.0,0.000000,323.16,29360128,323.16,323.19,0.5,323.19,29360128,0,0,0,0,57344,2014150656,57344,0,101998848,5.6919e+04,1.046457
cachebench-l2-only,1809,4513,input15,benchmark_func,2.1674,(224 1 1) (256 1 1),1792.0,0.362927,1.0,0.9053,1.075703,1.0,7804160,322.03,58720256,8.000000,322.1,29360128,4.000000,0.5,116644,1.2796,323651,3.5521,29365354,322.09,29360141,322.03,0,0.0,0.000000,0,0.0,0.000000,322.13,29360128,322.13,322.09,0.5,322.09,29360128,0,0,0,0,57344,2014035968,57344,0,101998848,5.6919e+04,1.037948
cachebench-l2-only,1809,4513,input16,benchmark_func,5.9923,(224 1 1) (256 1 1),1792.0,0.370261,1.0,0.9075,0.458272,1.0,7804160,141.37,58720256,8.000000,141.66,29360128,4.000000,0.5,25458668,118.4,26620337,126.92,29365513,145.46,29360141,145.43,0,0.0,0.000000,0,0.0,0.000000,140.24,29360128,140.24,136.32,0.5,136.32,29360128,0,0,0,0,57344,2013921280,57344,0,101998848,5.6919e+04,0.438852
cachebench-l2-only,1809,4513,input17,benchmark_func,2.6095,(224 1 1) (256 1 1),1792.0,0.367128,1.0,0.8994,1.007389,1.0,7804160,530.77,58720256,8.000000,531.22,58720256,8.000000,0.0,232,0.0019073,537362,4.8764,58725517,546.19,58720269,546.14,0,0.0,0.000000,0,0.0,0.000000,531.46,58720256,531.46,531.35,0.0,531.35,58720256,0,0,0,0,57344,2017476608,57344,0,101998848,5.6919e+04,0.865323
cachebench-l2-only,1809,4513,input18,benchmark_func,2.6221,(224 1 1) (256 1 1),1792.0,0.367262,1.0,0.9023,1.000822,1.0,7804160,564.49,58720256,8.000000,536.18,58720256,8.000000,0.0,334,0.0028610000000000003,108059,0.9779,58725501,550.15,58720269,550.1,0,0.0,0.000000,0,0.0,0.000000,529.51,58720256,529.51,529.38,0.0,529.38,58720256,0,0,0,0,57344,2015641600,57344,0,101998848,5.6919e+04,0.861060
cachebench-l2-only,1809,4513,input19,benchmark_func,2.6219,(224 1 1) (256 1 1),1792.0,0.370025,1.0,0.8955,1.006003,1.0,7804160,538.38,58720256,8.000000,542.18,58720256,8.000000,0.0,475,0.0038147000000000003,158119,1.4314,58725508,534.3,58720275,534.26,0,0.0,0.000000,0,0.0,0.000000,528.86,58720256,528.86,529.43,0.0,529.43,58720256,0,0,0,0,57344,2015068160,57344,0,101998848,5.6919e+04,0.866417
cachebench-l2-only,1809,4513,input20,benchmark_func,2.6498,(224 1 1) (256 1 1),1792.0,0.368410,1.0,0.899,0.997882,1.0,7804160,559.47,58720256,8.000000,538.09,58720256,8.000000,0.0,41939,0.38527999999999996,166341,1.4948,58725551,548.54,58720283,548.49,0,0.0,0.000000,0,0.0,0.000000,526.57,58720256,526.57,526.7,0.0,526.7,58720256,0,0,0,0,57344,2014724096,57344,0,101998848,5.6919e+04,0.855359
cachebench-l2-only,1809,4513,input21,benchmark_func,2.6358,(224 1 1) (256 1 1),1792.0,0.369564,1.0,0.8967,0.997993,1.0,7804160,562.97,58720256,8.000000,540.69,58720256,8.000000,0.0,70646,0.65136,178997,1.6121,58725490,548.0,58720269,547.95,0,0.0,0.000000,0,0.0,0.000000,528.25,58720256,528.25,528.4,0.0,528.4,58720256,0,0,0,0,57344,2014609408,57344,0,101998848,5.6919e+04,0.861908
cachebench-l2-only,1809,4513,input22,benchmark_func,2.6345,(224 1 1) (256 1 1),1792.0,0.369910,1.0,0.8959999999999999,0.996877,1.0,7804160,526.69,58720256,8.000000,542.52,58720256,8.000000,0.0,87134,0.80013,188035,1.6885,58725498,545.06,58720269,545.02,0,0.0,0.000000,0,0.0,0.000000,526.84,58720256,526.84,527.06,0.0,527.06,58720256,0,0,0,0,57344,2014494720,57344,0,101998848,5.6919e+04,0.860614
cachebench-l2-only,1809,4513,input23,benchmark_func,2.6428,(224 1 1) (256 1 1),1792.0,0.366606,1.0,0.9034,0.988462,1.0,7804160,526.18,58720256,8.000000,538.55,58720256,8.000000,0.0,101889,0.93555,178170,1.5981,58725486,526.43,58720269,526.38,0,0.0,0.000000,0,0.0,0.000000,526.22,58720256,526.22,526.14,0.0,526.14,58720256,0,0,0,0,57344,2014380032,57344,0,101998848,5.6919e+04,0.851756
cachebench-l2-only,1809,4513,input24,benchmark_func,2.67,(224 1 1) (256 1 1),1792.0,0.371744,1.0,0.8948,0.989872,1.0,7804160,553.51,58720256,8.000000,522.15,58720256,8.000000,0.0,311877,2.7753,6768019,60.231,58725509,522.31,58720269,522.26,0,0.0,0.000000,0,0.0,0.000000,521.92,58720256,521.92,522.07,0.0,522.07,58720256,0,0,0,0,57344,2014265344,57344,0,101998848,5.6919e+04,0.853894
cachebench-l2-only,1809,4513,input25,benchmark_func,9.8438,(224 1 1) (256 1 1),1792.0,0.372005,1.0,0.9290999999999999,0.267726,1.0,7804160,177.31,58720256,8.000000,176.94,58720256,8.000000,0.0,51614514,153.45,53008896,157.64,58725834,174.68,58720274,174.66,0,0.0,0.000000,0,0.0,0.000000,174.57,58720256,174.57,176.27,0.0,176.27,58720256,0,0,0,0,57344,2014035968,57344,0,101998848,5.6919e+04,0.225214
cachebench-l2-only,1809,4513,input26,benchmark_func,4.1351,(224 1 1) (256 1 1),1792.0,0.249206,1.0,0.9668000000000001,0.693890,1.0,7804160,762.99,117440512,16.000000,814.08,117440512,16.000000,0.0,343,0.0009765599999999999,28043,0.16308,117445899,818.72,117440525,818.68,0,0.0,0.000000,0,0.0,0.000000,808.33,117440512,808.33,671.08,0.0,671.08,117440512,0,0,0,0,57344,2024071168,57344,0,138858496,7.7488e+04,0.691572
cachebench-l2-only,1809,4513,input27,benchmark_func,4.136,(224 1 1) (256 1 1),1792.0,0.249309,1.0,0.9808,0.685192,1.0,7804160,763.32,117440512,16.000000,812.93,117440512,16.000000,0.0,50490,0.29469,137775,0.80776,117445849,793.48,117440525,793.44,0,0.0,0.000000,0,0.0,0.000000,808.9,117440512,808.9,672.49,0.0,672.49,117440512,0,0,0,0,57344,2022236160,57344,0,138858496,7.7488e+04,0.682776
cachebench-l2-only,1809,4513,input28,benchmark_func,4.1523,(224 1 1) (256 1 1),1792.0,0.249439,1.0,0.9797,0.676984,1.0,7804160,745.8,117440512,16.000000,822.22,117440512,16.000000,0.0,115787,0.67139,258672,1.4668,117445890,763.38,117440525,763.34,0,0.0,0.000000,0,0.0,0.000000,665.16,117440512,665.16,665.02,0.0,665.02,117440512,0,0,0,0,57344,2021318656,57344,0,138858496,7.7488e+04,0.676068
cachebench-l2-only,1809,4513,input29,benchmark_func,7.6746,(224 1 1) (256 1 1),1792.0,0.242441,1.0,0.9401,0.390741,1.0,7804160,382.88,117440512,16.000000,454.07,117440512,16.000000,0.0,40065933,130.68,48931616,159.37,117446158,445.51,117440525,445.49,0,0.0,0.000000,0,0.0,0.000000,449.33,117440512,449.33,415.83,0.0,415.83,117440512,0,0,0,0,57344,2020859904,57344,0,138858496,7.7488e+04,0.386564
cachebench-tex-loads,1809,4513,input00,benchmark_func,1.3713,(224 1 1) (256 1 1),1792.0,0.370082,1.0,0.8956999999999999,1.200192,1.0,7574784,0.0,0,0.000000,507.63,29360128,4.000000,0.0,105,0.0009765599999999999,8377210,145.78,11748,0.2079,29360141,507.75,0,0.0,0.000000,0,0.0,0.000000,0.12589,7168,507.5,507.59,0.7498999999999999,1015.2,58720256,0,0,0,0,57344,1751859200,57344,0,78281728,4.3684e+04,1.278447
cachebench-tex-loads,1809,4513,input01,benchmark_func,1.3714,(224 1 1) (256 1 1),1792.0,0.370114,1.0,0.8956000000000001,1.200816,1.0,7574784,0.0,0,0.000000,507.07,29360128,4.000000,0.0,187,0.0028610000000000003,5215392,90.753,18928,0.33474000000000004,29360141,506.86,0,0.0,0.000000,0,0.0,0.000000,0.25272,14336,506.93,507.0,0.7498999999999999,1014.0,58720256,0,0,0,0,57344,1750024192,57344,0,78281728,4.3684e+04,1.278969
cachebench-tex-loads,1809,4513,input02,benchmark_func,1.3678,(224 1 1) (256 1 1),1792.0,0.370351,1.0,0.8953,1.199400,1.0,7574784,0.0,0,0.000000,506.6,29360128,4.000000,0.0,231,0.0038147000000000003,2604417,45.315,26107,0.45967,29360141,506.3,0,0.0,0.000000,0,0.0,0.000000,0.37861,21504,506.54,506.43,0.7498,1012.9,58720256,0,0,0,0,57344,1749450752,57344,0,78281728,4.3684e+04,1.279517
cachebench-tex-loads,1809,4513,input03,benchmark_func,1.3704,(224 1 1) (256 1 1),1792.0,0.370458,1.0,0.8946,1.201862,1.0,7574784,0.0,0,0.000000,506.94,29360128,4.000000,0.0,282,0.0047684,878885,15.297,33274,0.5874600000000001,29360141,506.78,0,0.0,0.000000,0,0.0,0.000000,0.50545,28672,506.68,506.71,0.7498,1013.4,58720256,0,0,0,0,57344,1749106688,57344,0,78281728,4.3684e+04,1.280197
cachebench-tex-loads,1809,4513,input04,benchmark_func,1.3646,(224 1 1) (256 1 1),1792.0,0.370569,1.0,0.8948,1.200925,1.0,7574784,0.0,0,0.000000,506.16,29360128,4.000000,0.0,330,0.0057220000000000005,221547,3.8538,40427,0.71335,29360141,506.3,0,0.0,0.000000,0,0.0,0.000000,0.6313300000000001,35840,506.05,506.19,0.7497,1012.4,58720256,0,0,0,0,57344,1748992000,57344,0,78281728,4.3684e+04,1.279675
cachebench-tex-loads,1809,4513,input05,benchmark_func,1.3671,(224 1 1) (256 1 1),1792.0,0.370695,1.0,0.8948,1.201133,1.0,7574784,0.0,0,0.000000,505.79,29360128,4.000000,0.0,395,0.0066757,108232,1.8813,47603,0.83923,29360141,505.78,0,0.0,0.000000,0,0.0,0.000000,0.75722,43008,505.51,505.47,0.7495999999999999,1010.9,58720256,0,0,0,0,57344,1748877312,57344,0,78281728,4.3684e+04,1.279340
cachebench-tex-loads,1809,4513,input06,benchmark_func,1.3814,(224 1 1) (256 1 1),1792.0,0.370958,1.0,0.8945000000000001,1.198088,1.0,7574784,0.0,0,0.000000,505.49,29360128,4.000000,0.0,9315,0.16403,70370,1.2182,54842,0.96512,29360141,505.41,0,0.0,0.000000,0,0.0,0.000000,0.8831,50176,505.4,505.38,0.7495999999999999,1010.8,58720256,0,0,0,0,57344,1748762624,57344,0,78281728,4.3684e+04,1.273825
cachebench-tex-loads,1809,4513,input07,benchmark_func,1.3857,(224 1 1) (256 1 1),1792.0,0.372232,1.0,0.8926999999999999,1.198674,1.0,7574784,0.0,0,0.000000,505.34,29360128,4.000000,0.0,49164,0.86689,89204,1.5367,61943,1.0654,29360141,505.29,0,0.0,0.000000,0,0.0,0.000000,0.9863,57344,505.21,505.21,0.7495,1010.4,58720256,0,0,0,0,57344,1748647936,57344,0,78281728,4.3684e+04,1.270265
cachebench-tex-loads,1809,4513,input08,benchmark_func,1.3799,(224 1 1) (256 1 1),1792.0,0.371658,1.0,0.8939,1.198145,1.0,7574784,0.0,0,0.000000,504.81,29360128,4.000000,0.0,64823,1.1148,99575,1.7136,69100,1.1874,29360141,504.96,0,0.0,0.000000,0,0.0,0.000000,1.1083,64512,504.84,504.79,0.7495,1009.6,58720256,0,0,0,0,57344,1748647936,57344,0,78281728,4.3684e+04,1.268318
cachebench-tex-loads,1809,4513,input09,benchmark_func,1.3905,(224 1 1) (256 1 1),1792.0,0.371958,1.0,0.8933,1.197901,1.0,7574784,0.0,0,0.000000,504.54,29360128,4.000000,0.0,72458,1.2461,106982,1.8394,76274,1.3104,29360141,504.53,0,0.0,0.000000,0,0.0,0.000000,1.2312,71680,504.52,504.64,0.7494,1009.3,58720256,0,0,0,0,57344,1748647936,57344,0,78281728,4.3684e+04,1.267303
cachebench-tex-loads,1809,4513,input10,benchmark_func,1.389,(224 1 1) (256 1 1),1792.0,0.371996,1.0,0.8929,1.196003,1.0,7574784,0.0,0,0.000000,504.37,29360128,4.000000,0.0,79660,1.369,106997,1.8394,83442,1.4324,29360142,504.42,0,0.0,0.000000,0,0.0,0.000000,1.3541,78848,504.4,504.34,0.7493000000000001,1008.7,58720256,0,0,0,0,57344,1748533248,57344,0,78281728,4.3684e+04,1.266402
cachebench-tex-loads,1809,4513,input11,benchmark_func,1.3885,(224 1 1) (256 1 1),1792.0,0.371926,1.0,0.8933,1.194920,1.0,7574784,0.0,0,0.000000,503.91,29360128,4.000000,0.0,86849,1.491,117240,2.0135,90621,1.5544,29360141,504.06,0,0.0,0.000000,0,0.0,0.000000,1.4761,86016,504.08,504.02,0.7493000000000001,1008.0,58720256,0,0,0,0,57344,1748533248,57344,0,78281728,4.3684e+04,1.266113
cachebench-tex-loads,1809,4513,input12,benchmark_func,1.8528,(224 1 1) (256 1 1),1792.0,0.368168,1.0,0.8824,0.894237,1.0,7574784,0.0,0,0.000000,376.06,29360128,4.000000,0.0,93636,1.1986,122150,1.5637,10387335,133.03,29360143,376.09,0,0.0,0.000000,0,0.0,0.000000,133.23,10411163,375.71,376.02,0.6618,752.04,58720256,0,0,0,0,57344,1748533248,57344,0,78281728,4.3684e+04,0.954341
cachebench-tex-loads,1809,4513,input13,benchmark_func,1.8907,(224 1 1) (256 1 1),1792.0,0.369989,1.0,0.8859999999999999,0.859214,1.0,7574784,0.0,0,0.000000,367.69,29360128,4.000000,0.0,101268,1.2685,128991,1.6158,13920797,174.05,29360141,367.89,0,0.0,0.000000,0,0.0,0.000000,174.45,13920183,367.95,367.87,0.6314,735.74,58720256,0,0,0,0,57344,1748533248,57344,0,78281728,4.3684e+04,0.930358
cachebench-tex-loads,1809,4513,input14,benchmark_func,1.9205,(224 1 1) (256 1 1),1792.0,0.370219,1.0,0.8869,0.836668,1.0,7574784,0.0,0,0.000000,364.17,29360128,4.000000,0.0,108599,1.3467,141372,1.7537,17719118,219.88,29360141,364.31,0,0.0,0.000000,0,0.0,0.000000,220.29,17761161,364.15,364.16,0.5992000000000001,728.32,58720256,0,0,0,0,57344,1748533248,57344,0,78281728,4.3684e+04,0.919875
cachebench-tex-loads,1809,4513,input15,benchmark_func,1.9305,(224 1 1) (256 1 1),1792.0,0.369342,1.0,0.888,0.829393,1.0,7574784,0.0,0,0.000000,362.4,29360128,4.000000,0.0,116246,1.4352,170401,2.1029,19333340,238.94,29360141,362.33,0,0.0,0.000000,0,0.0,0.000000,239.24,19384166,362.36,362.44,0.5852,724.88,58720256,0,0,0,0,57344,1748418560,57344,0,78281728,4.3684e+04,0.914123
cachebench-tex-loads,1809,4513,input16,benchmark_func,5.8151,(224 1 1) (256 1 1),1792.0,0.371040,1.0,0.9073,0.321317,1.0,7574784,0.0,0,0.000000,149.65,29360128,4.000000,0.0,25421002,121.91,26471094,127.0,29364939,141.03,29360165,141.0,0,0.0,0.000000,0,0.0,0.000000,147.06,29360126,147.06,140.88,0.5,281.75,58720256,0,0,0,0,57344,1748303872,57344,0,78281728,4.3684e+04,0.347141
cachebench-tex-loads,1809,4513,input17,benchmark_func,1.6609,(224 1 1) (256 1 1),1792.0,0.248930,1.0,0.9634,1.207214,1.0,7574784,0.0,0,0.000000,843.29,58720256,8.000000,0.0,222,0.0028610000000000003,22334,0.32997000000000004,19141,0.28038,58720269,843.8,0,0.0,0.000000,0,0.0,0.000000,0.20981,14336,843.87,842.21,0.4999,842.21,58720256,0,0,0,0,57344,1985536000,57344,0,100955904,5.6337e+04,1.277697
cachebench-tex-loads,1809,4513,input18,benchmark_func,1.6026,(224 1 1) (256 1 1),1792.0,0.248920,1.0,0.9745999999999999,1.220670,1.0,7574784,0.0,0,0.000000,853.0,58720256,8.000000,0.0,289,0.0038147000000000003,90175,1.3337,33477,0.49591,58720269,851.65,0,0.0,0.000000,0,0.0,0.000000,0.42629,28672,854.37,851.64,0.49979999999999997,851.64,58720256,0,0,0,0,57344,1983700992,57344,0,100955904,5.6337e+04,1.291472
cachebench-tex-loads,1809,4513,input19,benchmark_func,1.5746,(224 1 1) (256 1 1),1792.0,0.249028,1.0,0.9856,1.234081,1.0,7574784,0.0,0,0.000000,881.35,58720256,8.000000,0.0,410,0.0057220000000000005,69264,1.0431,47802,0.73433,58720269,881.46,0,0.0,0.000000,0,0.0,0.000000,0.6599400000000001,43008,881.15,881.89,0.4996,881.89,58720256,0,0,0,0,57344,1983127552,57344,0,100955904,5.6337e+04,1.300943
cachebench-tex-loads,1809,4513,input20,benchmark_func,1.5796,(224 1 1) (256 1 1),1792.0,0.249204,1.0,0.9851000000000001,1.234449,1.0,7574784,0.0,0,0.000000,880.83,58720256,8.000000,0.0,48509,0.74577,100313,1.5078,62138,0.95463,58720269,880.77,0,0.0,0.000000,0,0.0,0.000000,0.88024,57344,881.11,880.61,0.49950000000000006,880.61,58720256,0,0,0,0,57344,1982783488,57344,0,100955904,5.6337e+04,1.296243
cachebench-tex-loads,1809,4513,input21,benchmark_func,1.5885,(224 1 1) (256 1 1),1792.0,0.249241,1.0,0.9854999999999999,1.232113,1.0,7574784,0.0,0,0.000000,885.8,58720256,8.000000,0.0,72559,1.0878,115665,1.7351,76489,1.1446,58720269,878.96,0,0.0,0.000000,0,0.0,0.000000,1.0729,71680,879.36,878.79,0.49939999999999996,878.79,58720256,0,0,0,0,57344,1982668800,57344,0,100955904,5.6337e+04,1.294179
cachebench-tex-loads,1809,4513,input22,benchmark_func,1.5906,(224 1 1) (256 1 1),1792.0,0.249245,1.0,0.9847,1.229051,1.0,7574784,0.0,0,0.000000,877.18,58720256,8.000000,0.0,86883,1.2992,131925,1.9735,90827,1.3551,58720269,876.61,0,0.0,0.000000,0,0.0,0.000000,1.2834,86016,876.86,876.49,0.4993,876.49,58720256,0,0,0,0,57344,1982554112,57344,0,100955904,5.6337e+04,1.291019
cachebench-tex-loads,1809,4513,input23,benchmark_func,1.5878,(224 1 1) (256 1 1),1792.0,0.249256,1.0,0.9853000000000001,1.222666,1.0,7574784,0.0,0,0.000000,866.71,58720256,8.000000,0.0,101245,1.5115,146211,2.183,105217,1.5497,58720269,866.31,0,0.0,0.000000,0,0.0,0.000000,1.4808,100352,866.75,866.67,0.4991,866.67,58720256,0,0,0,0,57344,1982439424,57344,0,100955904,5.6337e+04,1.288696
cachebench-tex-loads,1809,4513,input24,benchmark_func,1.5946,(224 1 1) (256 1 1),1792.0,0.249248,1.0,0.986,1.225156,1.0,7574784,0.0,0,0.000000,874.16,58720256,8.000000,0.0,115557,1.7239,159086,2.373,119490,1.7816,58720269,875.55,0,0.0,0.000000,0,0.0,0.000000,1.708,114688,874.76,874.12,0.499,874.12,58720256,0,0,0,0,57344,1982324736,57344,0,100955904,5.6337e+04,1.287718
cachebench-tex-loads,1809,4513,input25,benchmark_func,5.3259,(224 1 1) (256 1 1),1792.0,0.241236,1.0,0.9359000000000001,0.391807,1.0,7574784,0.0,0,0.000000,321.16,58720256,8.000000,0.0,22909425,106.23,27043114,125.48,58139185,269.15,58720269,272.64,0,0.0,0.000000,0,0.0,0.000000,269.89,58083855,272.85,271.64,0.0045000000000000005,271.64,58720256,0,0,0,0,57344,1982095360,57344,0,100955904,5.6337e+04,0.420924
cachebench-tex-loads,1809,4513,input26,benchmark_func,3.1448,(224 1 1) (256 1 1),1792.0,0.249394,1.0,0.9118,0.972522,1.0,7574784,0.0,0,0.000000,1004.0,117440512,16.000000,0.0,322,0.0019073,112948,0.87738,33870,0.25845,117440525,876.99,0,0.0,0.000000,0,0.0,0.000000,0.24891,28672,1001.0,907.15,0.4999,907.15,117440512,0,0,0,0,57344,2227355648,57344,0,136953600,7.6425e+04,0.958787
cachebench-tex-loads,1809,4513,input27,benchmark_func,3.0872,(224 1 1) (256 1 1),1792.0,0.249672,1.0,0.929,0.976449,1.0,7574784,0.0,0,0.000000,1026.2,117440512,16.000000,0.0,50004,0.39482,146052,1.1278,62569,0.55504,117440525,1019.6,0,0.0,0.000000,0,0.0,0.000000,0.4425,57344,886.11,899.8,0.49979999999999997,899.8,117440512,0,0,0,0,57344,2225520640,57344,0,136953600,7.6425e+04,0.960020
cachebench-tex-loads,1809,4513,input28,benchmark_func,3.0792,(224 1 1) (256 1 1),1792.0,0.249713,1.0,0.9349,0.972453,1.0,7574784,0.0,0,0.000000,1062.7,117440512,16.000000,0.0,115704,0.92125,213617,1.6596,119935,1.0524,117440525,1031.1,0,0.0,0.000000,0,0.0,0.000000,0.89836,114688,899.06,899.43,0.49950000000000006,899.43,117440512,0,0,0,0,57344,2224603136,57344,0,136953600,7.6425e+04,0.959041
cachebench-tex-loads,1809,4513,input29,benchmark_func,6.9699,(224 1 1) (256 1 1),1792.0,0.242623,1.0,0.9368000000000001,0.440811,1.0,7574784,0.0,0,0.000000,494.45,117440512,16.000000,0.0,37596349,135.16,43081691,154.67,116992379,474.43,117440525,476.13,0,0.0,0.000000,0,0.0,0.000000,419.04,116968322,420.73,433.4,0.0018,433.4,117440512,0,0,0,0,57344,2224144384,57344,0,136953600,7.6425e+04,0.428309
cachebench,1809,4513,input00,benchmark_func,1.4174,(224 1 1) (256 1 1),1792.0,0.249744,1.0,0.9884999999999999,1.443585,1.0,7804160,1011.6,58720256,8.000000,485.56,29360128,4.000000,0.9998999999999999,97,0.0009765599999999999,8596497,143.31,12336,0.20885,29360141,485.61,0,0.0,0.000000,0,0.0,0.000000,0.12112,7168,485.63,485.57,0.7498999999999999,485.57,29360128,0,0,0,0,57344,2017476608,57344,0,101998848,5.6919e+04,1.446293
cachebench,1809,4513,input01,benchmark_func,1.4126,(224 1 1) (256 1 1),1792.0,0.249746,1.0,0.9897,1.442630,1.0,7804160,1010.3,58720256,8.000000,485.54,29360128,4.000000,0.9998,210,0.0028610000000000003,3515810,58.645,19503,0.32997000000000004,29360142,485.88,0,0.0,0.000000,0,0.0,0.000000,0.24223,14336,485.97,485.95,0.7498999999999999,485.95,29360128,0,0,0,0,57344,2015641600,57344,0,101998848,5.6919e+04,1.445993
cachebench,1809,4513,input02,benchmark_func,1.416,(224 1 1) (256 1 1),1792.0,0.249746,1.0,0.9891,1.442040,1.0,7804160,970.46,58720256,8.000000,485.44,29360128,4.000000,0.9995999999999999,226,0.0028610000000000003,2643757,44.068,26691,0.45109,29360141,485.46,0,0.0,0.000000,0,0.0,0.000000,0.36335,21504,485.55,485.32,0.7498,485.32,29360128,0,0,0,0,57344,2015068160,57344,0,101998848,5.6919e+04,1.445678
cachebench,1809,4513,input03,benchmark_func,1.4137,(224 1 1) (256 1 1),1792.0,0.249747,1.0,0.9895,1.441167,1.0,7804160,970.82,58720256,8.000000,485.31,29360128,4.000000,0.9995,271,0.0038147000000000003,1000824,16.692,33853,0.57125,29360180,485.41,0,0.0,0.000000,0,0.0,0.000000,0.48351,28672,484.9,485.12,0.7498,485.12,29360128,0,0,0,0,57344,2014724096,57344,0,101998848,5.6919e+04,1.445370
cachebench,1809,4513,input04,benchmark_func,1.4057,(224 1 1) (256 1 1),1792.0,0.249746,1.0,0.9882,1.440159,1.0,7804160,969.76,58720256,8.000000,484.52,29360128,4.000000,0.9994,327,0.0047684,319778,5.3253,40998,0.69237,29360142,484.97,0,0.0,0.000000,0,0.0,0.000000,0.60463,35840,484.42,484.84,0.7497,484.84,29360128,0,0,0,0,57344,2014609408,57344,0,101998848,5.6919e+04,1.445055
cachebench,1809,4513,input05,benchmark_func,1.406,(224 1 1) (256 1 1),1792.0,0.249745,1.0,0.9887999999999999,1.439402,1.0,7804160,985.0,58720256,8.000000,484.19,29360128,4.000000,0.9993000000000001,393,0.0057220000000000005,146561,2.4391,48180,0.81253,29360142,484.05,0,0.0,0.000000,0,0.0,0.000000,0.72575,43008,484.55,484.29,0.7495999999999999,484.29,29360128,0,0,0,0,57344,2014494720,57344,0,101998848,5.6919e+04,1.444717
cachebench,1809,4513,input06,benchmark_func,1.4301,(224 1 1) (256 1 1),1792.0,0.249729,1.0,0.9887,1.438518,1.0,7804160,968.36,58720256,8.000000,483.86,29360128,4.000000,0.9991,8881,0.14973,77642,1.2871,55347,0.9346000000000001,29360141,484.61,0,0.0,0.000000,0,0.0,0.000000,0.8459099999999999,50176,484.05,483.93,0.7495999999999999,483.93,29360128,0,0,0,0,57344,2014380032,57344,0,101998848,5.6919e+04,1.437990
cachebench,1809,4513,input07,benchmark_func,1.4349,(224 1 1) (256 1 1),1792.0,0.249736,1.0,0.9892,1.437667,1.0,7804160,968.29,58720256,8.000000,484.12,29360128,4.000000,0.9990000000000001,52983,0.89455,84657,1.3961,62520,1.0291,29360141,483.95,0,0.0,0.000000,0,0.0,0.000000,0.96703,57344,484.07,483.92,0.7495,483.92,29360128,0,0,0,0,57344,2014265344,57344,0,101998848,5.6919e+04,1.430437
cachebench,1809,4513,input08,benchmark_func,1.4308,(224 1 1) (256 1 1),1792.0,0.249738,1.0,0.9904000000000001,1.436643,1.0,7804160,968.42,58720256,8.000000,484.49,29360128,4.000000,0.9989,65393,1.0794,95652,1.5786,69684,1.1483,29360141,484.15,0,0.0,0.000000,0,0.0,0.000000,1.0626,64512,484.11,484.12,0.7495,484.12,29360128,0,0,0,0,57344,2014265344,57344,0,101998848,5.6919e+04,1.429237
cachebench,1809,4513,input09,benchmark_func,1.4334,(224 1 1) (256 1 1),1792.0,0.249738,1.0,0.9894,1.435823,1.0,7804160,982.84,58720256,8.000000,483.47,29360128,4.000000,0.9987999999999999,72593,1.1967,98316,1.6205,76853,1.2657,29360144,483.7,0,0.0,0.000000,0,0.0,0.000000,1.1791,71680,483.35,483.36,0.7494,483.36,29360128,0,0,0,0,57344,2014265344,57344,0,101998848,5.6919e+04,1.428370
cachebench,1809,4513,input10,benchmark_func,1.4326,(224 1 1) (256 1 1),1792.0,0.249731,1.0,0.9899,1.434936,1.0,7804160,966.61,58720256,8.000000,483.68,29360128,4.000000,0.9987,79754,1.3141,101648,1.6754,84019,1.3839,29360141,483.74,0,0.0,0.000000,0,0.0,0.000000,1.2973,78848,483.44,483.66,0.7493000000000001,483.66,29360128,0,0,0,0,57344,2014150656,57344,0,101998848,5.6919e+04,1.427460
cachebench,1809,4513,input11,benchmark_func,1.4328,(224 1 1) (256 1 1),1792.0,0.249733,1.0,0.9895,1.434007,1.0,7804160,977.45,58720256,8.000000,482.85,29360128,4.000000,0.9984999999999999,86943,1.4314,110465,1.8179,91190,1.4985,29360164,482.87,0,0.0,0.000000,0,0.0,0.000000,1.4137,86016,482.82,482.93,0.7493000000000001,482.93,29360128,0,0,0,0,57344,2014150656,57344,0,101998848,5.6919e+04,1.426706
cachebench,1809,4513,input12,benchmark_func,1.4352,(224 1 1) (256 1 1),1792.0,0.249730,1.0,0.9894,1.432816,1.0,7804160,965.75,58720256,8.000000,482.96,29360128,4.000000,0.9984000000000001,94099,1.5479,116307,1.9129,98357,1.6177,29360141,482.69,0,0.0,0.000000,0,0.0,0.000000,1.532,93184,482.94,482.88,0.7492,482.88,29360128,0,0,0,0,57344,2014150656,57344,0,101998848,5.6919e+04,1.425742
cachebench,1809,4513,input13,benchmark_func,1.4365,(224 1 1) (256 1 1),1792.0,0.249730,1.0,0.9897,1.431711,1.0,7804160,964.41,58720256,8.000000,482.16,29360128,4.000000,0.9983,101265,1.6633,123149,2.0228,105533,1.7332,29360141,482.41,0,0.0,0.000000,0,0.0,0.000000,1.6484,100352,482.55,482.55,0.7491,482.55,29360128,0,0,0,0,57344,2014150656,57344,0,101998848,5.6919e+04,1.424594
cachebench,1809,4513,input14,benchmark_func,1.4429,(224 1 1) (256 1 1),1792.0,0.249731,1.0,0.9897,1.431196,1.0,7804160,964.56,58720256,8.000000,482.46,29360128,4.000000,0.9982,108434,1.7807,127696,2.0973,112707,1.8487,29360141,482.05,0,0.0,0.000000,0,0.0,0.000000,1.763,107520,481.6,481.68,0.7491,481.68,29360128,0,0,0,0,57344,2014150656,57344,0,101998848,5.6919e+04,1.423892
cachebench,1809,4513,input15,benchmark_func,1.4426,(224 1 1) (256 1 1),1792.0,0.249731,1.0,0.9891,1.430028,1.0,7804160,980.24,58720256,8.000000,481.71,29360128,4.000000,0.998,115620,1.8971,132122,2.1681,119855,1.9651,29360141,481.56,0,0.0,0.000000,0,0.0,0.000000,1.8803,114688,481.72,481.74,0.7490000000000001,481.74,29360128,0,0,0,0,57344,2014035968,57344,0,101998848,5.6919e+04,1.422967
cachebench,1809,4513,input16,benchmark_func,4.9167,(224 1 1) (256 1 1),1792.0,0.235301,1.0,0.9370999999999999,0.448230,1.0,7804160,291.57,58720256,8.000000,173.43,29360128,4.000000,0.5,11743407,58.246,14285824,70.749,29362829,146.06,29360141,146.04,0,0.0,0.000000,0,0.0,0.000000,145.63,29357500,145.64,146.27,0.5,146.27,29360128,0,0,0,0,57344,2013921280,57344,0,101998848,5.6919e+04,0.452060
cachebench,1809,4513,input17,benchmark_func,1.6891,(224 1 1) (256 1 1),1792.0,0.249924,1.0,0.9858,1.392001,1.0,7804160,811.61,58720256,8.000000,811.92,58720256,8.000000,0.9998,227,0.0028610000000000003,9443984,131.56,19517,0.27657,58720269,811.47,0,0.0,0.000000,0,0.0,0.000000,0.20218,14336,812.17,812.03,0.4999,812.03,58720256,0,0,0,0,57344,2017476608,57344,0,101998848,5.6919e+04,1.211584
cachebench,1809,4513,input18,benchmark_func,1.6801,(224 1 1) (256 1 1),1792.0,0.249924,1.0,0.9862000000000001,1.390886,1.0,7804160,885.49,58720256,8.000000,811.76,58720256,8.000000,0.9995,291,0.0038147000000000003,747950,10.415,33864,0.4797,58720269,811.94,0,0.0,0.000000,0,0.0,0.000000,0.40531,28672,811.67,811.44,0.49979999999999997,811.44,58720256,0,0,0,0,57344,2015641600,57344,0,101998848,5.6919e+04,1.211105
cachebench,1809,4513,input19,benchmark_func,1.681,(224 1 1) (256 1 1),1792.0,0.249923,1.0,0.9867,1.389693,1.0,7804160,811.07,58720256,8.000000,811.42,58720256,8.000000,0.9993000000000001,420,0.0057220000000000005,113055,1.5749,48212,0.68188,58720269,811.42,0,0.0,0.000000,0,0.0,0.000000,0.60749,43008,811.74,812.11,0.4996,812.11,58720256,0,0,0,0,57344,2015068160,57344,0,101998848,5.6919e+04,1.210767
cachebench,1809,4513,input20,benchmark_func,1.7002,(224 1 1) (256 1 1),1792.0,0.249917,1.0,0.9875,1.388911,1.0,7804160,812.26,58720256,8.000000,811.19,58720256,8.000000,0.9990000000000001,51582,0.72956,129749,1.7956,62518,0.8831,58720269,811.35,0,0.0,0.000000,0,0.0,0.000000,0.81062,57344,811.53,811.66,0.49950000000000006,811.66,58720256,0,0,0,0,57344,2014724096,57344,0,101998848,5.6919e+04,1.201911
cachebench,1809,4513,input21,benchmark_func,1.7013,(224 1 1) (256 1 1),1792.0,0.249920,1.0,0.9878,1.387991,1.0,7804160,811.3,58720256,8.000000,810.54,58720256,8.000000,0.9987999999999999,72594,1.003,120369,1.6633,76863,1.0598,58720269,810.73,0,0.0,0.000000,0,0.0,0.000000,0.9881,71680,810.27,810.83,0.49939999999999996,810.83,58720256,0,0,0,0,57344,2014609408,57344,0,101998848,5.6919e+04,1.201055
cachebench,1809,4513,input22,benchmark_func,1.7077,(224 1 1) (256 1 1),1792.0,0.249915,1.0,0.9868000000000001,1.387262,1.0,7804160,809.57,58720256,8.000000,809.82,58720256,8.000000,0.9984999999999999,86898,1.1986,133897,1.8477,91199,1.2564,58720269,809.65,0,0.0,0.000000,0,0.0,0.000000,1.1856,86016,809.78,809.34,0.4993,809.34,58720256,0,0,0,0,57344,2014494720,57344,0,101998848,5.6919e+04,1.199929
cachebench,1809,4513,input23,benchmark_func,1.7153,(224 1 1) (256 1 1),1792.0,0.249908,1.0,0.9879000000000001,1.385702,1.0,7804160,909.44,58720256,8.000000,809.3,58720256,8.000000,0.9983,101292,1.397,144975,1.9986,105550,1.464,58720269,814.93,0,0.0,0.000000,0,0.0,0.000000,1.3812,100352,808.99,809.02,0.4991,809.02,58720256,0,0,0,0,57344,2014380032,57344,0,101998848,5.6919e+04,1.198828
cachebench,1809,4513,input24,benchmark_func,1.7082,(224 1 1) (256 1 1),1792.0,0.249917,1.0,0.9873000000000001,1.385231,1.0,7804160,809.03,58720256,8.000000,809.23,58720256,8.000000,0.998,115539,1.5935,155991,2.1514,119884,1.6512,58720269,809.34,0,0.0,0.000000,0,0.0,0.000000,1.5795,114688,809.0,808.77,0.499,808.77,58720256,0,0,0,0,57344,2014265344,57344,0,101998848,5.6919e+04,1.198587
cachebench,1809,4513,input25,benchmark_func,5.4764,(224 1 1) (256 1 1),1792.0,0.236171,1.0,0.9383,0.455472,1.0,7804160,276.02,58720256,8.000000,314.94,58720256,8.000000,0.0,22120941,98.29,26745394,118.77,58723463,260.93,58720348,260.92,0,0.0,0.000000,0,0.0,0.000000,274.62,58718092,274.63,261.23,0.0,261.23,58720256,0,0,0,0,57344,2014035968,57344,0,101998848,5.6919e+04,0.405530
cachebench,1809,4513,input26,benchmark_func,3.1614,(224 1 1) (256 1 1),1792.0,0.249680,1.0,0.9068,0.984240,1.0,7804160,999.76,117440512,16.000000,991.25,117440512,16.000000,0.9998,316,0.0019073,1005305,7.6219,33981,0.28229000000000004,117440528,957.28,0,0.0,0.000000,0,0.0,0.000000,0.24128,28672,969.55,848.55,0.4999,848.55,117440512,0,0,0,0,57344,2024071168,57344,0,138858496,7.7488e+04,0.972571
cachebench,1809,4513,input27,benchmark_func,3.1012,(224 1 1) (256 1 1),1792.0,0.249748,1.0,0.9215000000000001,1.002438,1.0,7804160,1062.7,117440512,16.000000,1058.5,117440512,16.000000,0.9995,52561,0.41294000000000003,148974,1.1446,62656,0.54264,117440525,995.41,0,0.0,0.000000,0,0.0,0.000000,0.48256,57344,966.23,884.56,0.49979999999999997,884.56,117440512,0,0,0,0,57344,2022236160,57344,0,138858496,7.7488e+04,0.974098
cachebench,1809,4513,input28,benchmark_func,3.0214,(224 1 1) (256 1 1),1792.0,0.249752,1.0,0.9373999999999999,0.998704,1.0,7804160,1092.1,117440512,16.000000,1042.8,117440512,16.000000,0.9990000000000001,115726,0.92411,210913,1.6475,119988,0.94032,117440525,899.65,0,0.0,0.000000,0,0.0,0.000000,0.9479500000000001,114688,948.88,899.92,0.49950000000000006,899.92,117440512,0,0,0,0,57344,2021318656,57344,0,138858496,7.7488e+04,0.972376
cachebench,1809,4513,input29,benchmark_func,7.0164,(224 1 1) (256 1 1),1792.0,0.232160,1.0,0.9440999999999999,0.432288,1.0,7804160,486.84,117440512,16.000000,486.67,117440512,16.000000,0.0002,37965656,132.39,42750538,149.09,117425509,434.39,117440525,434.44,0,0.0,0.000000,0,0.0,0.000000,432.01,117419953,432.08,428.96,0.0001,428.96,117440512,0,0,0,0,57344,2020859904,57344,0,138858496,7.7488e+04,0.422860
mixbench-cuda-alt,1809,4513,input00,benchmark_func,10.142,(1024 1 1) (256 1 1),8192.0,0.715443,1.0,0.9706999999999999,15.163134,1.0,44056576,0.0,0,0.000000,25.0,8388608,4.000000,0.0,684,0.0009765599999999999,10996778,33.319,67428107,197.21,75759629,221.58,0,0.0,0.000000,0,0.0,0.000000,204.01,67427408,229.22,228.19,0.5275,228.19,75759616,0,0,0,0,262144,5.2563e+10,262144,0,1783414784,2.1770e+05,3.996013
mixbench-cuda-alt,1809,4513,input01,benchmark_func,10.476,(1024 1 1) (256 1 1),8192.0,0.715065,1.0,0.9675,14.246827,1.0,52576256,24.837,16777216,8.000000,24.355,8388608,2.000000,0.5,8308574,25.155,16876132,49.167,84149196,249.92,84148237,249.92,0,0.0,0.000000,0,0.0,0.000000,241.29,84148224,241.29,246.55,0.5,246.55,84148224,0,0,0,0,262144,5.1842e+10,262144,0,1801109504,2.1986e+05,3.987021
mixbench-cuda-alt,1809,4513,input02,benchmark_func,11.061,(1024 1 1) (256 1 1),8192.0,0.724758,1.0,0.9498000000000001,12.318530,1.0,77873152,47.155,33554432,8.000000,46.742,16777216,2.000000,0.5,16553484,47.251,29250791,80.316,100926781,277.23,100925453,277.22,0,0.0,0.000000,0,0.0,0.000000,283.27,100925440,283.27,289.94,0.5,289.94,100925440,0,0,0,0,262144,5.0583e+10,262144,0,1864941568,2.2765e+05,3.974091
mixbench-cuda-alt,1809,4513,input03,benchmark_func,12.716,(1024 1 1) (256 1 1),8192.0,0.723098,1.0,0.9612999999999999,8.165017,1.0,130564096,81.121,67108864,8.000000,80.116,33554432,2.000000,0.5,33082034,83.66,52601181,129.44,134481390,329.3,134479885,329.3,0,0.0,0.000000,0,0.0,0.000000,331.48,134479872,331.48,330.27,0.5,330.27,134479872,0,0,0,0,262144,4.8201e+10,262144,0,1996800000,2.4375e+05,3.602555
mixbench-cuda-alt,1809,4513,input04,benchmark_func,13.739,(1024 1 1) (256 1 1),8192.0,0.726761,1.0,0.9544,6.561398,1.0,157999104,92.786,83886080,8.000000,91.451,41943040,2.000000,0.5,41364129,92.086,63191217,142.1,151258090,331.48,151257101,331.47,0,0.0,0.000000,0,0.0,0.000000,334.49,151257088,334.49,326.71,0.5,326.71,151257088,0,0,0,0,262144,4.7082e+10,262144,0,2065113088,2.5209e+05,3.325514
mixbench-cuda-alt,1809,4513,input05,benchmark_func,15.348,(1024 1 1) (256 1 1),8192.0,0.732009,1.0,0.9426000000000001,5.444646,1.0,183517184,96.886,100663296,8.000000,96.642,50331648,2.000000,0.5,49618503,97.176,73415497,144.35,168035217,328.03,168034317,328.03,0,0.0,0.000000,0,0.0,0.000000,323.59,168034304,323.59,326.6,0.5,326.6,168034304,0,0,0,0,262144,4.5852e+10,262144,0,2122104832,2.5905e+05,3.018028
mixbench-cuda-alt,1809,4513,input06,benchmark_func,17.586,(1024 1 1) (256 1 1),8192.0,0.732931,1.0,0.9423,4.540335,1.0,210780160,100.06,117440512,8.000000,98.526,58720256,2.000000,0.5,57942130,98.583,83909941,146.55,184812480,321.04,184811533,321.03,0,0.0,0.000000,0,0.0,0.000000,322.51,184811520,322.51,320.07,0.5,320.07,184811520,0,0,0,0,262144,4.4979e+10,262144,0,2189213696,2.6724e+05,2.751373
mixbench-cuda-alt,1809,4513,input07,benchmark_func,19.826,(1024 1 1) (256 1 1),8192.0,0.735519,1.0,0.9367,3.942839,1.0,240140288,94.57,134217728,8.000000,101.35,67108864,2.000000,0.5,66236174,96.685,95437845,134.18,201589938,311.43,201588752,311.43,0,0.0,0.000000,0,0.0,0.000000,307.9,201588736,307.9,312.79,0.5,312.79,201588736,0,0,0,0,262144,4.4376e+10,262144,0,2268905472,2.7697e+05,2.516915
mixbench-cuda-alt,1809,4513,input08,benchmark_func,24.024,(1024 1 1) (256 1 1),8192.0,0.737326,1.0,0.937,3.186241,1.0,285229056,100.35,167772160,8.000000,105.75,83886080,2.000000,0.5,82091164,101.54,115403215,148.8,235144407,292.51,235143343,292.51,0,0.0,0.000000,0,0.0,0.000000,293.33,235143168,293.33,301.35,0.5,301.35,235143168,0,0,0,0,262144,4.1825e+10,262144,0,2381103104,2.9066e+05,2.190177
mixbench-cuda-alt,1809,4513,input09,benchmark_func,28.86,(1024 1 1) (256 1 1),8192.0,0.735851,1.0,0.9417,2.628818,1.0,337657856,103.16,201326592,8.000000,106.28,100663296,2.000000,0.5,99268356,101.21,138170037,147.99,268699198,292.84,268697613,292.84,0,0.0,0.000000,0,0.0,0.000000,294.1,268697600,294.1,281.12,0.5,281.12,268697600,0,0,0,0,262144,3.9409e+10,262144,0,2511126528,3.0653e+05,1.899219
mixbench-cuda-alt,1809,4513,input10,benchmark_func,33.895,(1024 1 1) (256 1 1),8192.0,0.729425,1.0,0.9603,2.256785,1.0,390086656,106.32,234881024,8.000000,106.16,117440512,2.000000,0.5,116032131,102.48,160619705,148.99,302253732,279.2,302252186,279.2,0,0.0,0.000000,0,0.0,0.000000,282.64,302252032,282.64,284.69,0.5,284.69,302252032,0,0,0,0,262144,3.6993e+10,262144,0,2632761344,3.2138e+05,1.684226
mixbench-cuda-alt,1809,4513,input11,benchmark_func,39.52,(1024 1 1) (256 1 1),8192.0,0.725350,1.0,0.9659,1.896491,1.0,440418304,104.93,268435456,8.000000,104.93,134217728,2.000000,0.5,133016516,101.28,183656030,147.5,268699667,222.31,268697613,222.31,0,0.0,0.000000,0,0.0,0.000000,222.34,268697600,222.34,221.94,0.5,221.94,268697600,0,0,0,0,262144,3.5249e+10,262144,0,2727133184,3.3290e+05,1.483735
mixbench-cuda-alt,1809,4513,input12,benchmark_func,3.8704,(1024 1 1) (256 1 1),8192.0,0.709040,1.0,0.9714,14.074632,1.0,44064768,0.0,0,0.000000,51.386,8396800,3.988327,0.0,174,0.0,13898292,85.044,67517730,413.06,75767821,463.52,0,0.0,0.000000,0,0.0,0.000000,413.44,67517976,463.96,463.92,0.5272,463.87,75759616,0,0,3.3290e+10,1.6643e+10,262144,2629828608,1.6650e+10,0,760127488,9.2789e+04,4.052266
mixbench-cuda-alt,1809,4513,input13,benchmark_func,4.495,(1024 1 1) (256 1 1),8192.0,0.722990,1.0,0.9637,11.058322,1.0,52576256,45.38,16777216,8.000000,54.649,8388608,2.000000,0.5,8280418,44.882,22361183,127.68,84148609,537.25,84148261,537.25,0,0.0,0.000000,0,0.0,0.000000,551.47,84148224,551.47,455.84,0.5,455.84,84148224,0,0,3.2215e+10,1.6106e+10,262144,3519021056,1.6111e+10,0,811286528,9.9034e+04,3.859520
mixbench-cuda-alt,1809,4513,input14,benchmark_func,6.267,(1024 1 1) (256 1 1),8192.0,0.735555,1.0,0.919,7.676069,1.0,77873152,68.098,33554432,8.000000,73.798,16777216,2.000000,0.5,16542639,66.989,34914221,141.67,100925927,469.35,100925453,469.34,0,0.0,0.000000,0,0.0,0.000000,417.22,100925440,417.22,460.64,0.5,460.64,100925440,0,0,3.0067e+10,1.5032e+10,262144,5481955328,1.5037e+10,0,940130304,1.1476e+05,3.489594
mixbench-cuda-alt,1809,4513,input15,benchmark_func,10.591,(1024 1 1) (256 1 1),8192.0,0.732725,1.0,0.9373999999999999,4.079508,1.0,130564096,91.975,67108864,8.000000,94.458,33554432,2.000000,0.5,33093294,87.575,55190032,151.84,134480563,386.91,134479885,386.91,0,0.0,0.000000,0,0.0,0.000000,368.16,134479872,368.16,362.34,0.5,362.34,134479872,0,0,2.5772e+10,1.2885e+10,262144,9542041600,1.2890e+10,0,1204109312,1.4699e+05,2.444562
mixbench-cuda-alt,1809,4513,input16,benchmark_func,12.86,(1024 1 1) (256 1 1),8192.0,0.733190,1.0,0.9416,3.565503,1.0,157999104,95.819,83886080,8.000000,97.982,41943040,2.000000,0.5,41434361,95.938,64898389,149.32,151257785,363.44,151257103,363.43,0,0.0,0.000000,0,0.0,0.000000,349.77,151257088,349.77,359.82,0.5,359.82,151257088,0,0,2.3625e+10,1.1811e+10,262144,1.1644e+10,1.1816e+10,0,1339531264,1.6352e+05,2.283363
mixbench-cuda-alt,1809,4513,input17,benchmark_func,15.074,(1024 1 1) (256 1 1),8192.0,0.737230,1.0,0.9361,3.181890,1.0,183517184,98.872,100663296,8.000000,100.11,50331648,2.000000,0.5,49607535,98.315,74009236,151.3,168035084,343.95,168034319,343.95,0,0.0,0.000000,0,0.0,0.000000,338.48,168034304,338.48,345.01,0.5,345.01,168034304,0,0,2.1477e+10,1.0737e+10,262144,1.3635e+10,1.0742e+10,0,1461534720,1.7841e+05,2.132265
mixbench-cuda-alt,1809,4513,input18,benchmark_func,17.412,(1024 1 1) (256 1 1),8192.0,0.738185,1.0,0.9336,2.888128,1.0,210780160,100.95,117440512,8.000000,100.81,58720256,2.000000,0.5,57979794,99.643,84051576,150.17,184812484,330.76,184811710,330.76,0,0.0,0.000000,0,0.0,0.000000,323.47,184811520,323.47,330.67,0.5,330.67,184811520,0,0,1.9330e+10,9663676416,262144,1.5984e+10,9668395008,0,1595752448,1.9479e+05,2.010002
mixbench-cuda-alt,1809,4513,input19,benchmark_func,19.689,(1024 1 1) (256 1 1),8192.0,0.733858,1.0,0.9465,2.694399,1.0,240140288,102.28,134217728,8.000000,103.6,67108864,2.000000,0.5,66312842,100.52,94690133,149.76,201589804,319.61,201588749,319.61,0,0.0,0.000000,0,0.0,0.000000,310.58,201588736,310.58,320.76,0.5,320.76,201588736,0,0,1.7182e+10,8589934592,262144,1.8602e+10,8594653184,0,1740455936,2.1246e+05,1.921019
mixbench-cuda-alt,1809,4513,input20,benchmark_func,23.91,(1024 1 1) (256 1 1),8192.0,0.733947,1.0,0.9517,2.474616,1.0,285229056,106.84,167772160,8.000000,105.88,83886080,2.000000,0.5,81988777,102.49,115155081,149.96,235144475,299.41,235143408,299.41,0,0.0,0.000000,0,0.0,0.000000,308.66,235143168,308.66,308.03,0.5,308.03,235143168,0,0,1.2887e+10,6442450944,262144,2.2494e+10,6447169536,0,1984774144,2.4228e+05,1.815183
mixbench-cuda-alt,1809,4513,input21,benchmark_func,28.91,(1024 1 1) (256 1 1),8192.0,0.732276,1.0,0.9534,2.232189,1.0,337657856,106.9,201326592,8.000000,106.57,100663296,2.000000,0.5,99221390,103.14,137457435,150.09,268699089,287.45,268697613,287.44,0,0.0,0.000000,0,0.0,0.000000,295.78,268697600,295.78,296.22,0.5,296.22,268697600,0,0,8592293888,4294967296,262144,2.6520e+10,4299685888,0,2246918144,2.7428e+05,1.707446
mixbench-cuda-alt,1809,4513,input22,benchmark_func,33.957,(1024 1 1) (256 1 1),8192.0,0.730750,1.0,0.9568000000000001,2.046992,1.0,390086656,106.11,234881024,8.000000,106.14,117440512,2.000000,0.5,116038327,102.5,160467193,148.99,302253767,284.49,302252303,284.49,0,0.0,0.000000,0,0.0,0.000000,284.69,302252032,284.69,284.43,0.5,284.43,302252032,0,0,4297326592,2147483648,262144,3.0547e+10,2152202240,0,2500673536,3.0526e+05,1.604662
mixbench-cuda-alt,1809,4513,input23,benchmark_func,39.588,(1024 1 1) (256 1 1),8192.0,0.726267,1.0,0.9645,1.866709,1.0,440418304,104.68,268435456,8.000000,104.5,134217728,2.000000,0.5,132990183,100.69,183998269,147.2,268699622,221.7,268697613,221.7,0,0.0,0.000000,0,0.0,0.000000,221.81,268697600,221.81,221.69,0.5,221.69,268697600,0,0,2359296,0,262144,3.5245e+10,4718592,0,2727165952,3.3291e+05,1.460916
mixbench-cuda-alt,1809,4513,input24,benchmark_func,84.977,(1024 1 1) (256 1 1),8192.0,0.724643,1.0,0.9878,0.197937,1.0,44064768,0.0,0,0.000000,5.8524,16785408,7.972763,0.0,182253,0.051497999999999995,138924486,39.261,134854815,38.118,151527437,42.831,0,0.0,0.000000,0,0.0,0.000000,38.054,134849353,42.761,42.83,0.5141,42.828,151519232,3.3290e+10,1.6643e+10,0,0,262144,2626945024,262144,1.6649e+10,839729152,1.0251e+05,0.201724
mixbench-cuda-alt,1809,4513,input25,benchmark_func,81.895,(1024 1 1) (256 1 1),8192.0,0.722369,1.0,0.9882,0.214873,1.0,52576256,4.8913,16777216,8.000000,6.1318,16777216,4.000000,0.0,17594143,5.1325,141097062,41.083,168301545,49.073,168296461,49.072,0,0.0,0.000000,0,0.0,0.000000,49.018,168296448,49.018,49.024,0.4738,49.024,168296448,3.2215e+10,1.6106e+10,0,0,262144,3516137472,262144,1.6111e+10,886824960,1.0826e+05,0.220140
mixbench-cuda-alt,1809,4513,input26,benchmark_func,77.205,(1024 1 1) (256 1 1),8192.0,0.723765,1.0,0.9742000000000001,0.255003,1.0,77873152,11.405,33554432,8.000000,12.852,33554432,4.000000,0.0,36173837,11.146,160642436,49.6,201855887,62.187,201851511,62.186,0,0.0,0.000000,0,0.0,0.000000,62.129,201850880,62.129,62.163,0.4547,62.163,201850880,3.0067e+10,1.5032e+10,0,0,262144,5747507200,262144,1.5037e+10,996925440,1.2170e+05,0.265111
mixbench-cuda-alt,1809,4513,input27,benchmark_func,66.869,(1024 1 1) (256 1 1),8192.0,0.725974,1.0,0.9645,0.365100,1.0,130564096,26.192,67108864,8.000000,23.887,67108864,4.000000,0.0,74215302,26.418,202811459,72.201,268965563,95.746,268960298,95.745,0,0.0,0.000000,0,0.0,0.000000,95.741,268959744,95.741,95.745,0.42869999999999997,95.745,268959744,2.5772e+10,1.2885e+10,0,0,262144,1.0613e+10,262144,1.2889e+10,1233903616,1.5062e+05,0.382592
mixbench-cuda-alt,1809,4513,input28,benchmark_func,61.32,(1024 1 1) (256 1 1),8192.0,0.727830,1.0,0.9648,0.440223,1.0,157999104,39.771,83886080,8.000000,39.732,83886080,4.000000,0.0,93210114,36.184,226638692,87.981,302518151,127.4,302514189,127.39,0,0.0,0.000000,0,0.0,0.000000,127.46,302514176,127.46,117.44,0.41950000000000004,117.44,302514176,2.3625e+10,1.1811e+10,0,0,262144,1.3252e+10,262144,1.1816e+10,1361108992,1.6615e+05,0.460232
mixbench-cuda-alt,1809,4513,input29,benchmark_func,56.306,(1024 1 1) (256 1 1),8192.0,0.731648,1.0,0.9649,0.523420,1.0,183517184,42.949,100663296,8.000000,53.132,100663296,4.000000,0.0,114585633,48.801,253050156,107.86,336072355,170.33,336068621,170.33,0,0.0,0.000000,0,0.0,0.000000,143.28,336068608,143.28,154.65,0.4119,154.65,336068608,2.1477e+10,1.0737e+10,0,0,262144,1.5512e+10,262144,1.0742e+10,1464590336,1.7878e+05,0.544376
mixbench-cuda-alt,1809,4513,input30,benchmark_func,50.563,(1024 1 1) (256 1 1),8192.0,0.732628,1.0,0.9649,0.637206,1.0,210780160,55.664,117440512,8.000000,55.598,117440512,4.000000,0.0,134315619,63.677,282045959,133.6,369626372,174.96,369623053,174.96,0,0.0,0.000000,0,0.0,0.000000,189.41,369623040,189.41,189.01,0.4056,189.01,369623040,1.9330e+10,9663676416,0,0,262144,1.8129e+10,262144,9668132864,1590419456,1.9414e+05,0.656252
mixbench-cuda-alt,1809,4513,input31,benchmark_func,52.619,(1024 1 1) (256 1 1),8192.0,0.724645,1.0,0.9621999999999999,0.737159,1.0,240140288,76.921,134217728,8.000000,76.988,134217728,4.000000,0.0,179068974,101.56,304173012,180.53,403180071,238.9,403178197,238.9,0,0.0,0.000000,0,0.0,0.000000,238.6,403177472,238.6,239.02,0.40020000000000006,239.02,403177472,1.7182e+10,8589934592,0,0,262144,2.1015e+10,262144,8594391040,1716248576,2.0950e+05,0.692296
mixbench-cuda-alt,1809,4513,input32,benchmark_func,62.323,(1024 1 1) (256 1 1),8192.0,0.723061,1.0,0.9671,0.759506,1.0,285229056,80.293,167772160,8.000000,80.33,167772160,4.000000,0.0,226030235,108.09,350839466,177.17,470289362,237.75,470286782,237.74,0,0.0,0.000000,0,0.0,0.000000,237.49,470286336,237.49,237.73,0.39149999999999996,237.73,470286336,1.2887e+10,6442450944,0,0,262144,2.5175e+10,262144,6446907392,1934352384,2.3613e+05,0.659354
mixbench-cuda-alt,1809,4513,input33,benchmark_func,71.659,(1024 1 1) (256 1 1),8192.0,0.722882,1.0,0.9799,0.746826,1.0,337657856,83.709,201326592,8.000000,83.772,201326592,4.000000,0.0,269828631,112.19,407684536,179.83,537398685,237.11,537395213,237.11,0,0.0,0.000000,0,0.0,0.000000,237.15,537395200,237.15,237.1,0.3848,237.1,537395200,8592293888,4294967296,0,0,262144,3.0007e+10,262144,4299423744,2169233408,2.6480e+05,0.644324
mixbench-cuda-alt,1809,4513,input34,benchmark_func,82.363,(1024 1 1) (256 1 1),8192.0,0.721982,1.0,0.9814,0.714455,1.0,390086656,85.918,234881024,8.000000,86.264,234881024,4.000000,0.0,315953684,116.88,468507083,179.81,604508156,232.1,604505159,232.1,0,0.0,0.000000,0,0.0,0.000000,232.03,604504064,232.03,232.09,0.37939999999999996,232.09,604504064,4297326592,2147483648,0,0,262144,3.4839e+10,262144,2151940096,2395725824,2.9245e+05,0.609940
mixbench-cuda-alt,1809,4513,input35,benchmark_func,90.547,(1024 1 1) (256 1 1),8192.0,0.718878,1.0,0.9787,0.742882,1.0,440418304,89.879,268435456,8.000000,88.603,268435456,4.000000,0.0,364974056,122.59,508877515,176.17,537399548,186.09,537395213,186.09,0,0.0,0.000000,0,0.0,0.000000,186.04,537395200,186.04,186.04,0.3336,186.04,537395200,2359296,0,0,0,262144,4.0074e+10,262144,4456448,2594955264,3.1677e+05,0.599653
mixbench-cuda-ro,1809,4513,input00,benchmark_func,0.37544,(4096 1 1) (256 1 1),32768.0,0.939079,1.0,0.9883,2.050376,1.0,5406720,316.89,8388608,8.000000,0.0,0,0.000000,0.5,4194326,320.97,338,0.024796,4194432,316.74,13,0.0009765599999999999,0,0.0,0.000000,0,0.0,0.000000,316.47,4194304,0.0,0.0,0.5,316.49,4194304,0,0,0,0,0,370147328,0,0,23920640,730.000000,1.565728
mixbench-cuda-ro,1809,4513,input01,benchmark_func,0.37682,(4096 1 1) (256 1 1),32768.0,0.941795,1.0,0.9883,2.335506,1.0,4358144,316.56,8388608,8.000000,0.0,0,0.000000,0.5,4194334,320.43,323,0.023842,4194426,316.57,13,0.0009765599999999999,0,0.0,0.000000,0,0.0,0.000000,316.86,4194304,0.0,0.0,0.5,317.02,4194304,0,0,0,0,0,437256192,0,0,24969216,762.000000,1.622359
mixbench-cuda-ro,1809,4513,input02,benchmark_func,0.38432,(4096 1 1) (256 1 1),32768.0,0.942138,1.0,0.9883,3.590007,1.0,5406720,303.54,8388608,8.000000,0.0,0,0.000000,0.5,4194333,306.95,338,0.023842,4194420,303.53,13,0.0009765599999999999,0,0.0,0.000000,0,0.0,0.000000,303.44,4194304,0.0,0.0,0.5,303.85,4194304,0,0,0,0,0,672137216,0,0,34406400,1.0500e+03,2.156200
mixbench-cuda-ro,1809,4513,input03,benchmark_func,0.40836,(4096 1 1) (256 1 1),32768.0,0.943224,1.0,0.9887999999999999,4.969907,1.0,6455296,273.52,8388608,8.000000,0.0,0,0.000000,0.5,4194337,275.44,322,0.020981000000000003,4194438,273.56,13,0.0,0,0.0,0.000000,0,0.0,0.000000,272.47,4194304,0.0,0.0,0.5,272.5,4194304,0,0,0,0,0,1141899264,0,0,51183616,1.5620e+03,2.864242
mixbench-cuda-ro,1809,4513,input04,benchmark_func,0.41501,(4096 1 1) (256 1 1),32768.0,0.942295,1.0,0.9890000000000001,5.921256,1.0,6455296,264.62,8388608,8.000000,0.0,0,0.000000,0.5,4194339,266.4,327,0.020027000000000003,4194429,264.68,13,0.0,0,0.0,0.000000,0,0.0,0.000000,290.04,4194304,0.0,0.0,0.5,263.44,4194304,0,0,0,0,0,1376780288,0,0,58523648,1.7860e+03,3.167018
mixbench-cuda-ro,1809,4513,input05,benchmark_func,0.45213,(4096 1 1) (256 1 1),32768.0,0.941141,1.0,0.9895999999999999,5.850340,1.0,7503872,236.07,8388608,8.000000,0.0,0,0.000000,0.5,4194351,236.98,328,0.01812,4194435,236.21,13,0.0,0,0.0,0.000000,0,0.0,0.000000,236.11,4194304,0.0,0.0,0.5,236.07,4194304,0,0,0,0,0,1611661312,0,0,67960832,2.0740e+03,3.272389
mixbench-cuda-ro,1809,4513,input06,benchmark_func,0.46874,(4096 1 1) (256 1 1),32768.0,0.941998,1.0,0.9895999999999999,6.673882,1.0,7503872,227.34,8388608,8.000000,0.0,0,0.000000,0.5,4194336,228.0,324,0.017166,4194437,227.5,13,0.0,0,0.0,0.000000,0,0.0,0.000000,227.37,4194304,0.0,0.0,0.5,227.42,4194304,0,0,0,0,0,1846542336,0,0,75300864,2.2980e+03,3.488892
mixbench-cuda-ro,1809,4513,input07,benchmark_func,0.5175700000000001,(4096 1 1) (256 1 1),32768.0,0.942027,1.0,0.99,6.295335,1.0,8552448,199.88,8388608,8.000000,0.0,0,0.000000,0.5,4194342,200.1,326,0.015259,4194444,199.91,15,0.0,0,0.0,0.000000,0,0.0,0.000000,199.98,4194304,0.0,0.0,0.5,199.99,4194304,0,0,0,0,0,2081423360,0,0,84738048,2.5860e+03,3.443818
mixbench-cuda-ro,1809,4513,input08,benchmark_func,0.5895900000000001,(4096 1 1) (256 1 1),32768.0,0.942774,1.0,0.9904999999999999,6.500584,1.0,9601024,170.57,8388608,8.000000,0.0,0,0.000000,0.5,4194346,170.69,335,0.013351000000000002,4194454,170.68,13,0.0,0,0.0,0.000000,0,0.0,0.000000,170.61,4194304,0.0,0.0,0.5,170.56,4194304,0,0,0,0,0,2551185408,0,0,101515264,3.0980e+03,3.517466
mixbench-cuda-ro,1809,4513,input09,benchmark_func,0.6763899999999999,(4096 1 1) (256 1 1),32768.0,0.946130,1.0,0.9899,6.618006,1.0,10649600,148.02,8388608,8.000000,0.0,0,0.000000,0.5,4194361,148.08,335,0.010490000000000001,4194432,148.09,13,0.0,0,0.0,0.000000,0,0.0,0.000000,148.16,4194304,0.0,0.0,0.5,148.12,4194304,0,0,0,0,0,3020947456,0,0,118292480,3.6100e+03,3.557060
mixbench-cuda-ro,1809,4513,input10,benchmark_func,0.76649,(4096 1 1) (256 1 1),32768.0,0.945666,1.0,0.9895999999999999,6.685912,1.0,11698176,130.48,8388608,8.000000,0.0,0,0.000000,0.5,4194354,130.57,338,0.0095367,4194446,130.56,13,0.0,0,0.0,0.000000,0,0.0,0.000000,130.63,4194304,0.0,0.0,0.5,130.57,4194304,0,0,0,0,0,3490709504,0,0,135069696,4.1220e+03,3.581012
mixbench-cuda-ro,1809,4513,input11,benchmark_func,0.85598,(4096 1 1) (256 1 1),32768.0,0.941458,1.0,0.9899,6.740356,1.0,12746752,116.72,8388608,8.000000,0.0,0,0.000000,0.5,4194360,116.75,345,0.0085831,4194455,116.79,13,0.0,0,0.0,0.000000,0,0.0,0.000000,116.78,4194304,0.0,0.0,0.5,116.8,4194304,0,0,0,0,0,3960471552,0,0,151846912,4.6340e+03,3.598650
mixbench-cuda-ro,1809,4513,input12,benchmark_func,0.37467,(4096 1 1) (256 1 1),32768.0,0.938638,1.0,0.9881,1.640891,1.0,5406720,318.43,8388608,8.000000,0.0,0,0.000000,0.5,4194324,322.31,326,0.023842,4194414,318.47,13,0.0009765599999999999,0,0.0,0.000000,0,0.0,0.000000,318.54,4194304,0.0,0.0,0.5,318.68,4194304,0,0,100663296,50331648,0,214958080,54525952,0,20643840,630.000000,1.349912
mixbench-cuda-ro,1809,4513,input13,benchmark_func,0.37401999999999996,(4096 1 1) (256 1 1),32768.0,0.942040,1.0,0.9881,1.670763,1.0,4358144,319.49,8388608,8.000000,0.0,0,0.000000,0.5,4194326,323.31,324,0.023842,4194422,319.36,13,0.0009765599999999999,0,0.0,0.000000,0,0.0,0.000000,319.24,4194304,0.0,0.0,0.5,319.2,4194304,0,0,167772160,83886080,0,181403648,88080384,0,19595264,598.000000,1.282946
mixbench-cuda-ro,1809,4513,input14,benchmark_func,0.37721,(4096 1 1) (256 1 1),32768.0,0.942982,1.0,0.9882,2.177200,1.0,5406720,313.92,8388608,8.000000,0.0,0,0.000000,0.5,4194337,317.86,324,0.023842,4194427,314.03,13,0.0009765599999999999,0,0.0,0.000000,0,0.0,0.000000,314.0,4194304,0.0,0.0,0.5,314.1,4194304,0,0,301989888,150994944,0,214958080,155189248,0,24838144,758.000000,1.599158
mixbench-cuda-ro,1809,4513,input15,benchmark_func,0.38680000000000003,(4096 1 1) (256 1 1),32768.0,0.943286,1.0,0.9882,2.800520,1.0,6455296,301.73,8388608,8.000000,0.0,0,0.000000,0.5,4194324,305.09,323,0.022888000000000002,4194428,301.8,13,0.0009765599999999999,0,0.0,0.000000,0,0.0,0.000000,301.71,4194304,0.0,0.0,0.5,301.71,4194304,0,0,570425344,285212672,0,282066944,289406976,0,33226752,1.0140e+03,2.054909
mixbench-cuda-ro,1809,4513,input16,benchmark_func,0.38847000000000004,(4096 1 1) (256 1 1),32768.0,0.942831,1.0,0.9883,3.194779,1.0,6455296,300.36,8388608,8.000000,0.0,0,0.000000,0.5,4194341,303.39,336,0.023842,4194420,300.39,13,0.0,0,0.0,0.000000,0,0.0,0.000000,300.35,4194304,0.0,0.0,0.5,300.48,4194304,0,0,704643072,352321536,0,315621376,356515840,0,36372480,1.1100e+03,2.242074
mixbench-cuda-ro,1809,4513,input17,benchmark_func,0.40035000000000004,(4096 1 1) (256 1 1),32768.0,0.944178,1.0,0.9884000000000001,3.333505,1.0,7503872,284.72,8388608,8.000000,0.0,0,0.000000,0.5,4194332,287.31,328,0.021935,4194425,284.83,13,0.0,0,0.0,0.000000,0,0.0,0.000000,284.84,4194304,0.0,0.0,0.5,284.84,4194304,0,0,838860800,419430400,0,349175808,423624704,0,41615360,1.2700e+03,2.426281
mixbench-cuda-ro,1809,4513,input18,benchmark_func,0.40173000000000003,(4096 1 1) (256 1 1),32768.0,0.943749,1.0,0.9887,3.716915,1.0,7503872,282.88,8388608,8.000000,0.0,0,0.000000,0.5,4194338,285.16,327,0.021935,4194422,282.96,13,0.0,0,0.0,0.000000,0,0.0,0.000000,282.78,4194304,0.0,0.0,0.5,282.87,4194304,0,0,973078528,486539264,0,382730240,490733568,0,44761088,1.3660e+03,2.592329
mixbench-cuda-ro,1809,4513,input19,benchmark_func,0.41877,(4096 1 1) (256 1 1),32768.0,0.943448,1.0,0.9889,3.718376,1.0,8552448,263.57,8388608,8.000000,0.0,0,0.000000,0.5,4194325,265.36,328,0.020027000000000003,4194429,263.55,14,0.0,0,0.0,0.000000,0,0.0,0.000000,263.66,4194304,0.0,0.0,0.5,263.69,4194304,0,0,1107296256,553648128,0,416284672,557842432,0,50003968,1.5260e+03,2.693816
mixbench-cuda-ro,1809,4513,input20,benchmark_func,0.44785,(4096 1 1) (256 1 1),32768.0,0.942144,1.0,0.9894,3.988304,1.0,9601024,241.58,8388608,8.000000,0.0,0,0.000000,0.5,4194337,242.62,323,0.01812,4194429,241.59,13,0.0,0,0.0,0.000000,0,0.0,0.000000,241.65,4194304,0.0,0.0,0.5,241.62,4194304,0,0,1375731712,687865856,0,483393536,692060160,0,58392576,1.7820e+03,2.874150
mixbench-cuda-ro,1809,4513,input21,benchmark_func,0.48214,(4096 1 1) (256 1 1),32768.0,0.942331,1.0,0.9899,4.138230,1.0,10649600,219.3,8388608,8.000000,0.0,0,0.000000,0.5,4194333,219.78,326,0.017166,4194425,219.38,13,0.0,0,0.0,0.000000,0,0.0,0.000000,219.29,4194304,0.0,0.0,0.5,219.32,4194304,0,0,1644167168,822083584,0,550502400,826277888,0,66781184,2.0380e+03,2.976264
mixbench-cuda-ro,1809,4513,input22,benchmark_func,0.51908,(4096 1 1) (256 1 1),32768.0,0.941354,1.0,0.9904000000000001,4.199882,1.0,11698176,198.36,8388608,8.000000,0.0,0,0.000000,0.5,4194353,198.47,342,0.016212,4194435,198.38,13,0.0,0,0.0,0.000000,0,0.0,0.000000,198.3,4194304,0.0,0.0,0.5,198.36,4194304,0,0,1912602624,956301312,0,617611264,960495616,0,75169792,2.2940e+03,3.023030
mixbench-cuda-ro,1809,4513,input23,benchmark_func,0.55944,(4096 1 1) (256 1 1),32768.0,0.941081,1.0,0.991,4.232587,1.0,12746752,180.31,8388608,8.000000,0.0,0,0.000000,0.5,4194349,180.45,338,0.014305,4194440,180.4,15,0.0,0,0.0,0.000000,0,0.0,0.000000,180.32,4194304,0.0,0.0,0.5,180.43,4194304,0,0,2181038080,1090519040,0,684720128,1094713344,0,83558400,2.5500e+03,3.053591
mixbench-cuda-ro,1809,4513,input24,benchmark_func,0.73412,(4096 1 1) (256 1 1),32768.0,0.937470,1.0,0.9932,0.814138,1.0,5406720,336.36,8388608,8.000000,0.0,0,0.000000,0.0,8388657,336.98,485,0.019073,8388746,335.73,13,0.0,0,0.0,0.000000,0,0.0,0.000000,336.46,8388608,0.0,0.0,0.0,336.46,8388608,100663296,50331648,0,0,0,214958080,0,54525952,20643840,630.000000,0.704412
mixbench-cuda-ro,1809,4513,input25,benchmark_func,0.73626,(4096 1 1) (256 1 1),32768.0,0.938706,1.0,0.9926,0.727411,1.0,4358144,333.52,8388608,8.000000,0.0,0,0.000000,0.0,8388650,335.86,331,0.013351000000000002,8388729,334.18,13,0.0,0,0.0,0.000000,0,0.0,0.000000,334.47,8388608,0.0,0.0,0.0,334.17,8388608,167772160,83886080,0,0,0,181403648,0,88080384,19595264,598.000000,0.663012
mixbench-cuda-ro,1809,4513,input26,benchmark_func,0.81644,(4096 1 1) (256 1 1),32768.0,0.945062,1.0,0.9926999999999999,0.682051,1.0,5406720,253.08,8388608,8.000000,0.0,0,0.000000,0.0,8388655,253.63,341,0.0095367,8388749,253.1,13,0.0,0,0.0,0.000000,0,0.0,0.000000,253.13,8388608,0.0,0.0,0.0,253.09,8388608,301989888,150994944,0,0,0,214958080,0,155189248,24838144,758.000000,0.635570
mixbench-cuda-ro,1809,4513,input27,benchmark_func,1.4556,(4096 1 1) (256 1 1),32768.0,0.937939,1.0,0.9917,0.479170,1.0,6455296,136.68,8388608,8.000000,0.0,0,0.000000,0.0,8388696,136.69,353,0.0047684,8388787,136.74,13,0.0,0,0.0,0.000000,0,0.0,0.000000,136.72,8388608,0.0,0.0,0.0,136.77,8388608,570425344,285212672,0,0,0,282066944,0,289406976,33226752,1.0140e+03,0.458209
mixbench-cuda-ro,1809,4513,input28,benchmark_func,1.7887,(4096 1 1) (256 1 1),32768.0,0.931096,1.0,0.9904999999999999,0.420555,1.0,6455296,110.87,8388608,8.000000,0.0,0,0.000000,0.0,8388649,110.92,360,0.0038147000000000003,8388798,110.93,17,0.0,0,0.0,0.000000,0,0.0,0.000000,110.85,8388608,0.0,0.0,0.0,110.89,8388608,704643072,352321536,0,0,0,315621376,0,356515840,36372480,1.1100e+03,0.407334
mixbench-cuda-ro,1809,4513,input29,benchmark_func,2.1371,(4096 1 1) (256 1 1),32768.0,0.937738,1.0,0.9908,0.406886,1.0,7503872,93.3,8388608,8.000000,0.0,0,0.000000,0.0,8388765,93.273,373,0.0038147000000000003,8388822,93.332,13,0.0,0,0.0,0.000000,0,0.0,0.000000,93.298,8388608,0.0,0.0,0.0,93.334,8388608,838860800,419430400,0,0,0,349175808,0,423624704,41615360,1.2700e+03,0.392339
mixbench-cuda-ro,1809,4513,input30,benchmark_func,2.4733,(4096 1 1) (256 1 1),32768.0,0.929314,1.0,0.9891,0.375125,1.0,7503872,80.463,8388608,8.000000,0.0,0,0.000000,0.0,8388757,80.463,380,0.0028610000000000003,8388779,81.819,13,0.0,0,0.0,0.000000,0,0.0,0.000000,80.49,8388608,0.0,0.0,0.0,80.51,8388608,973078528,486539264,0,0,0,382730240,0,490733568,44761088,1.3660e+03,0.364354
mixbench-cuda-ro,1809,4513,input31,benchmark_func,2.8126,(4096 1 1) (256 1 1),32768.0,0.933877,1.0,0.9899,0.369992,1.0,8552448,70.859,8388608,8.000000,0.0,0,0.000000,0.0,8388768,70.899,393,0.0028610000000000003,8388866,70.878,47,0.0,0,0.0,0.000000,0,0.0,0.000000,70.882,8388608,0.0,0.0,0.0,70.886,8388608,1107296256,553648128,0,0,0,416284672,0,557842432,50003968,1.5260e+03,0.358126
mixbench-cuda-ro,1809,4513,input32,benchmark_func,3.4924,(4096 1 1) (256 1 1),32768.0,0.924099,1.0,0.9899,0.347601,1.0,9601024,57.106,8388608,8.000000,0.0,0,0.000000,0.0,8388813,57.149,405,0.0019073,8388892,57.161,13,0.0,0,0.0,0.000000,0,0.0,0.000000,57.145,8388608,0.0,0.0,0.0,57.115,8388608,1375731712,687865856,0,0,0,483393536,0,692060160,58392576,1.7820e+03,0.337170
mixbench-cuda-ro,1809,4513,input33,benchmark_func,4.1838,(4096 1 1) (256 1 1),32768.0,0.942290,1.0,0.9845,0.332592,1.0,10649600,47.611,8388608,8.000000,0.0,0,0.000000,0.0,8388854,48.233,425,0.0019073,8388977,47.588,13,0.0,0,0.0,0.000000,0,0.0,0.000000,49.403,8388608,0.0,0.0,0.0,47.599,8388608,1644167168,822083584,0,0,0,550502400,0,826277888,66781184,2.0380e+03,0.322996
mixbench-cuda-ro,1809,4513,input34,benchmark_func,4.8969,(4096 1 1) (256 1 1),32768.0,0.957722,1.0,0.9795999999999999,0.321792,1.0,11698176,40.762,8388608,8.000000,0.0,0,0.000000,0.0,8388865,40.784,447,0.0019073,8388983,47.452,13,0.0,0,0.0,0.000000,0,0.0,0.000000,46.405,8388608,0.0,0.0,0.0,40.798,8388608,1912602624,956301312,0,0,0,617611264,0,960495616,75169792,2.2940e+03,0.312786
mixbench-cuda-ro,1809,4513,input35,benchmark_func,5.5845,(4096 1 1) (256 1 1),32768.0,0.968779,1.0,0.9802,0.313765,1.0,12746752,36.056,8388608,8.000000,0.0,0,0.000000,0.0,8388888,35.812,475,0.0019073,8389050,35.8,13,0.0,0,0.0,0.000000,0,0.0,0.000000,35.792,8388608,0.0,0.0,0.0,35.787,8388608,2181038080,1090519040,0,0,0,684720128,0,1094713344,83558400,2.5500e+03,0.305155
shmembench,1809,4513,input00,benchmark_shmem,0.08477,(4096 1 1) (256 1 1),32768.0,0.887666,1.0,0.9515,1.983121,1.0,131072,265.89,1572864,8.000000,44.299,131072,4.000000,0.5,786451,272.37,131098,45.424,786536,265.33,131085,44.209,524288,708.93,1.000000,524288,708.87,1.000000,265.42,786432,44.236,44.229,0.5,265.38,786432,0,0,5242880,0,0,69206016,5242880,0,4227072,129.000000,1.292790
shmembench,1809,4513,input01,benchmark_shmem,0.08517100000000001,(4096 1 1) (256 1 1),32768.0,0.895446,1.0,0.9493,2.279039,1.0,163840,264.43,1572864,8.000000,43.902,131072,4.000000,0.5,786443,270.66,131093,45.136,786535,263.28,131085,43.868,851968,1140.7,1.000000,851968,1141.5,1.000000,263.22,786432,43.868,43.886,0.5,263.32,786432,0,0,5242880,0,0,71303168,5242880,0,5046272,154.000000,1.540937
shmembench,1809,4513,input02,benchmark_shmem,0.087824,(4096 1 1) (256 1 1),32768.0,0.911002,1.0,0.9553,2.432756,1.0,229376,257.85,1572864,8.000000,39.096,131072,4.000000,0.5,786443,238.64,131105,39.78,786537,235.4,131085,39.217,1507328,1797.8,1.000000,1507328,1799.0,1.000000,235.15,786432,39.19,39.225,0.5,235.36,786432,0,0,5242880,0,0,75497472,5242880,0,6684672,204.000000,1.796770
shmembench,1809,4513,input03,benchmark_shmem,0.1376,(4096 1 1) (256 1 1),32768.0,0.938526,1.0,0.9719,1.954570,1.0,360448,137.02,1572864,8.000000,22.884,131072,4.000000,0.5,786452,138.18,131104,23.047,786536,137.46,131085,22.903,2818048,1966.4,1.000000,2818048,1964.7,1.000000,137.36,786432,22.893,22.889,0.5,137.34,786432,0,0,5242880,0,0,83886080,5242880,0,9961472,304.000000,1.517108
shmembench,1809,4513,input04,benchmark_shmem,0.19549,(4096 1 1) (256 1 1),32768.0,0.951949,1.0,0.9793000000000001,1.783876,1.0,491520,96.342,1572864,8.000000,16.036,131072,4.000000,0.5,786456,96.758,131096,16.123,786541,96.422,131085,16.064,4128768,2022.0,1.000000,4128768,2022.1,1.000000,96.378,786432,16.063,16.062,0.5,96.375,786432,0,0,5242880,0,0,92274688,5242880,0,13238272,404.000000,1.400193
shmembench,1809,4513,input05,benchmark_shmem,0.25385,(4096 1 1) (256 1 1),32768.0,0.959515,1.0,0.9833,1.694235,1.0,622592,74.112,1572864,8.000000,12.368,131072,4.000000,0.5,786460,74.534,131098,12.425,786546,74.283,131085,12.375,5439488,2052.1,1.000000,5439488,2050.9,1.000000,74.271,786432,12.378,12.374,0.5,74.25,786432,0,0,5242880,0,0,100663296,5242880,0,16515072,504.000000,1.337953
shmembench,1809,4513,input06,benchmark_shmem,0.31167,(4096 1 1) (256 1 1),32768.0,0.963715,1.0,0.9849,1.640742,1.0,753664,60.284,1572864,8.000000,10.036,131072,4.000000,0.5,786451,60.493,131104,10.086,786545,60.342,131085,10.053,6750208,2068.2,1.000000,6750208,2068.7,1.000000,60.32,786432,10.053,10.054,0.5,60.325,786432,0,0,5242880,0,0,109051904,5242880,0,19791872,604.000000,1.299314
shmembench,1809,4513,input07,benchmark_shmem,0.37035,(4096 1 1) (256 1 1),32768.0,0.966412,1.0,0.9861,1.601877,1.0,884736,50.76,1572864,8.000000,8.4555,131072,4.000000,0.5,786458,50.923,131102,8.4871,786559,50.787,131085,8.462,8060928,2080.3,1.000000,8060928,2080.1,1.000000,50.792,786432,8.4648,8.4657,0.5,50.796,786432,0,0,5242880,0,0,117440512,5242880,0,23068672,704.000000,1.273112
shmembench,1809,4513,input08,benchmark_shmem,0.42751,(4096 1 1) (256 1 1),32768.0,0.969071,1.0,0.9863,1.574710,1.0,1015808,43.843,1572864,8.000000,7.295,131072,4.000000,0.5,786472,43.95,131100,7.3249,786559,43.862,131085,7.3072,9371648,2088.0,1.000000,9371648,2088.8,1.000000,43.849,786432,7.3072,7.309,0.5,43.857,786432,0,0,5242880,0,0,125829120,5242880,0,26345472,804.000000,1.254366
shmembench,1809,4513,input09,benchmark_shmem,0.48851,(4096 1 1) (256 1 1),32768.0,0.971562,1.0,0.9858,1.393235,1.0,163840,38.521,1572864,8.000000,6.4177,131072,4.000000,0.5,786678,38.559,131096,6.4261,787764,38.61,131085,6.4196,10682368,2092.2,1.000000,10682368,2092.5,1.000000,38.523,786432,6.4196,6.4215,0.5,38.533,786432,0,0,5242880,0,0,71303168,5242880,0,26673152,814.000000,1.114734
shmembench,1809,4513,input10,benchmark_shmem,0.955,(4096 1 1) (256 1 1),32768.0,0.979462,1.0,0.9862000000000001,1.315884,1.0,196608,19.611,1572864,8.000000,3.2699,131072,4.000000,0.5,786688,19.65,131092,3.2727,787773,19.678,131085,3.2717,21168128,2113.8,1.000000,21168128,2112.9,1.000000,19.632,786432,3.2708,3.2689,0.5,19.618,786432,0,0,5242880,0,0,73400320,5242880,0,49840128,1.5210e+03,1.060018
shmembench,1809,4513,input11,benchmark_shmem,0.087018,(2048 1 1) (256 1 1),16384.0,0.886594,1.0,0.9489,0.847362,1.0,65536,259.19,786432,8.000000,43.127,131072,8.000000,0.0,786446,264.51,131050,44.166,786540,258.72,131085,43.102,524288,689.94,2.000000,524288,689.5,2.000000,258.66,786432,43.109,43.094,0.0,258.57,786432,0,0,8388608,0,0,34603008,8388608,0,2293760,140.000000,0.680039
shmembench,1809,4513,input12,benchmark_shmem,0.087916,(2048 1 1) (256 1 1),16384.0,0.890220,1.0,0.9438,0.964901,1.0,81920,254.66,786432,8.000000,42.343,131072,8.000000,0.0,786447,261.04,131041,43.56,786537,254.44,131085,42.391,851968,1100.9,2.000000,851968,1100.7,2.000000,254.42,786432,42.403,42.425,0.0,254.55,786432,0,0,8388608,0,0,35651584,8388608,0,2703360,165.000000,0.797417
shmembench,1809,4513,input13,benchmark_shmem,0.089892,(2048 1 1) (256 1 1),16384.0,0.903040,1.0,0.9406,1.105372,1.0,114688,242.26,786432,8.000000,40.554,131072,8.000000,0.0,786446,248.16,131028,41.367,786540,243.37,131085,40.549,1507328,1858.1,2.000000,1507328,1855.9,2.000000,244.4,786432,40.733,40.731,0.0,244.39,786432,0,0,8388608,0,0,37748736,8388608,0,3522560,215.000000,0.992722
shmembench,1809,4513,input14,benchmark_shmem,0.12986,(2048 1 1) (256 1 1),16384.0,0.937291,1.0,0.9640000000000001,0.957826,1.0,180224,142.02,786432,8.000000,23.664,131072,8.000000,0.0,786455,145.38,131017,24.218,786538,142.83,131085,23.796,2818048,2034.4,2.000000,2818048,2033.9,2.000000,143.02,786432,23.836,23.803,0.0,142.82,786432,0,0,8388608,0,0,41943040,8388608,0,5160960,315.000000,0.831605
shmembench,1809,4513,input15,benchmark_shmem,0.18541999999999997,(2048 1 1) (256 1 1),16384.0,0.949645,1.0,0.9716,0.909890,1.0,245760,99.839,786432,8.000000,16.629,131072,8.000000,0.0,786463,101.53,131018,16.917,786541,100.36,131085,16.719,4128768,2097.1,2.000000,4128768,2098.8,2.000000,100.26,786432,16.709,16.72,0.0,100.32,786432,0,0,8388608,0,0,46137344,8388608,0,6799360,415.000000,0.758627
shmembench,1809,4513,input16,benchmark_shmem,0.24105000000000001,(2048 1 1) (256 1 1),16384.0,0.956985,1.0,0.9736,0.883911,1.0,311296,77.096,786432,8.000000,12.795,131072,8.000000,0.0,786458,77.858,131023,12.967,786549,77.098,131085,12.844,5439488,2122.1,2.000000,5439488,2123.1,2.000000,77.04,786432,12.839,12.841,0.0,77.051,786432,0,0,8388608,0,0,50331648,8388608,0,8437760,515.000000,0.720152
shmembench,1809,4513,input17,benchmark_shmem,0.29762,(2048 1 1) (256 1 1),16384.0,0.961437,1.0,0.9726,0.858374,1.0,376832,62.196,786432,8.000000,10.366,131072,8.000000,0.0,786451,63.002,131020,10.486,786550,62.424,131085,10.4,6750208,2136.1,2.000000,6750208,2134.2,2.000000,62.422,786432,10.403,10.411,0.0,62.475,786432,0,0,8388608,0,0,54525952,8388608,0,10076160,615.000000,0.696372
shmembench,1809,4513,input18,benchmark_shmem,0.35414,(2048 1 1) (256 1 1),16384.0,0.965099,1.0,0.9712999999999999,0.849049,1.0,442368,52.075,786432,8.000000,8.7079,131072,8.000000,0.0,786464,52.888,131025,8.8038,786547,52.447,131085,8.7367,8060928,2143.2,2.000000,8060928,2143.1,2.000000,52.434,786432,8.7386,8.7321,0.0,52.394,786432,0,0,8388608,0,0,58720256,8388608,0,11714560,715.000000,0.680115
shmembench,1809,4513,input19,benchmark_shmem,0.40968,(2048 1 1) (256 1 1),16384.0,0.967201,1.0,0.9697,0.838956,1.0,507904,44.988,786432,8.000000,7.4981,131072,8.000000,0.0,786470,45.483,131025,7.5772,786555,45.16,131085,7.5223,9371648,2143.5,2.000000,9371648,2144.2,2.000000,45.14,786432,7.5223,7.5176,0.0,45.108,786432,0,0,8388608,0,0,62914560,8388608,0,13352960,815.000000,0.668288
shmembench,1809,4513,input20,benchmark_shmem,0.47376999999999997,(2048 1 1) (256 1 1),16384.0,0.969307,1.0,0.9631000000000001,0.749910,1.0,81920,39.376,786432,8.000000,6.5621,131072,8.000000,0.0,786710,39.592,131023,6.591,787986,39.506,131085,6.5686,10682368,2141.1,2.000000,10682368,2140.3,2.000000,39.375,786432,6.5621,6.5668,0.0,39.404,786432,0,0,8388608,0,0,35651584,8388608,0,13516800,825.000000,0.592697
shmembench,1809,4513,input21,benchmark_shmem,0.9449099999999999,(2048 1 1) (256 1 1),16384.0,0.982364,1.0,0.9431999999999999,0.719781,1.0,98304,19.667,786432,8.000000,3.2773,131072,8.000000,0.0,786748,19.702,131026,3.2783,788049,19.712,131085,3.2764,21168128,2119.0,2.000000,21168128,2117.6,2.000000,19.666,786432,3.2764,3.2736,0.0,19.645,786432,0,0,8388608,0,0,36700160,8388608,0,25100288,1.5320e+03,0.559724
shmembench,1809,4513,input22,benchmark_shmem,0.085517,(1024 1 1) (256 1 1),8192.0,0.434655,1.0,0.9490999999999999,0.403452,1.0,32768,262.89,786432,16.000000,43.772,131072,16.000000,0.0,786442,269.09,131054,44.825,786536,262.68,131085,43.76,524288,700.29,4.000000,524288,700.63,4.000000,262.56,786432,43.759,43.754,0.0,262.52,786432,0,0,9961472,0,0,17301504,9961472,0,1327104,162.000000,0.399173
shmembench,1809,4513,input23,benchmark_shmem,0.086623,(1024 1 1) (256 1 1),8192.0,0.435751,1.0,0.9431999999999999,0.466277,1.0,40960,257.6,786432,16.000000,42.96,131072,16.000000,0.0,786445,265.38,131050,44.212,786537,258.54,131085,43.072,851968,1116.6,4.000000,851968,1117.3,4.000000,258.22,786432,43.036,43.017,0.0,258.11,786432,0,0,9961472,0,0,17825792,9961472,0,1531904,187.000000,0.458306
shmembench,1809,4513,input24,benchmark_shmem,0.09001,(1024 1 1) (256 1 1),8192.0,0.448136,1.0,0.9333,0.560448,1.0,57344,240.47,786432,16.000000,40.039,131072,16.000000,0.0,786446,248.49,131031,41.405,786547,242.18,131085,40.346,1507328,1841.4,4.000000,1507328,1838.2,4.000000,241.8,786432,40.299,40.296,0.0,241.78,786432,0,0,9961472,0,0,18874368,9961472,0,1941504,237.000000,0.550269
shmembench,1809,4513,input25,benchmark_shmem,0.12941999999999998,(1024 1 1) (256 1 1),8192.0,0.467001,1.0,0.9534999999999999,0.459939,1.0,90112,142.98,786432,16.000000,23.965,131072,16.000000,0.0,786451,146.86,131018,24.469,786544,144.41,131085,24.059,2818048,2062.1,4.000000,2818048,2059.9,4.000000,144.32,786432,24.052,24.084,0.0,144.51,786432,0,0,9961472,0,0,20971520,9961472,0,2760704,337.000000,0.453271
shmembench,1809,4513,input26,benchmark_shmem,0.18383000000000002,(1024 1 1) (256 1 1),8192.0,0.474632,1.0,0.9615,0.413739,1.0,122880,100.85,786432,16.000000,16.89,131072,16.000000,0.0,786443,102.83,131020,17.116,786543,101.77,131085,16.953,4128768,2127.6,4.000000,4128768,2126.2,4.000000,101.7,786432,16.95,16.945,0.0,101.68,786432,0,0,9961472,0,0,23068672,9961472,0,3579904,437.000000,0.408073
shmembench,1809,4513,input27,benchmark_shmem,0.23809,(1024 1 1) (256 1 1),8192.0,0.478326,1.0,0.9673,0.389141,1.0,155648,78.123,786432,16.000000,13.012,131072,16.000000,0.0,786450,79.182,131021,13.192,786548,78.402,131085,13.061,5439488,2160.6,4.000000,5439488,2160.3,4.000000,78.344,786432,13.056,13.06,0.0,78.361,786432,0,0,9961472,0,0,25165824,9961472,0,4399104,537.000000,0.383799
shmembench,1809,4513,input28,benchmark_shmem,0.29087,(1024 1 1) (256 1 1),8192.0,0.480842,1.0,0.9706999999999999,0.368878,1.0,188416,63.699,786432,16.000000,10.585,131072,16.000000,0.0,786460,64.335,131018,10.718,786548,63.761,131085,10.622,6750208,2178.8,4.000000,6750208,2181.6,4.000000,63.762,786432,10.626,10.627,0.0,63.77,786432,0,0,9961472,0,0,27262976,9961472,0,5218304,637.000000,0.368735
shmembench,1809,4513,input29,benchmark_shmem,0.34519,(1024 1 1) (256 1 1),8192.0,0.482527,1.0,0.9737,0.359863,1.0,221184,53.67,786432,16.000000,8.9053,131072,16.000000,0.0,786460,54.183,131020,9.031,786548,53.747,131085,8.9528,8060928,2193.8,4.000000,8060928,2193.5,4.000000,53.684,786432,8.9463,8.9481,0.0,53.692,786432,0,0,9961472,0,0,29360128,9961472,0,6037504,737.000000,0.358509
shmembench,1809,4513,input30,benchmark_shmem,0.39862000000000003,(1024 1 1) (256 1 1),8192.0,0.483737,1.0,0.9752,0.354705,1.0,253952,46.032,786432,16.000000,7.6937,131072,16.000000,0.0,786464,46.825,131017,7.798,786559,46.391,131085,7.7281,9371648,2205.3,4.000000,9371648,2201.6,4.000000,46.401,786432,7.7328,7.73,0.0,46.383,786432,0,0,9961472,0,0,31457280,9961472,0,6856704,837.000000,0.351056
shmembench,1809,4513,input31,benchmark_shmem,0.46499,(1024 1 1) (256 1 1),8192.0,0.485058,1.0,0.9682999999999999,0.314364,1.0,40960,40.317,786432,16.000000,6.7158,131072,16.000000,0.0,786749,40.662,131016,6.7782,788233,40.4,131085,6.7167,10682368,2189.8,4.000000,10682368,2190.2,4.000000,40.298,786432,6.7158,6.7176,0.0,40.309,786432,0,0,9961472,0,0,17825792,9961472,0,6938624,847.000000,0.311238
shmembench,1809,4513,input32,benchmark_shmem,0.90927,(1024 1 1) (256 1 1),8192.0,0.488450,1.0,0.9708,0.294079,1.0,49152,20.625,786432,16.000000,3.4375,131072,16.000000,0.0,786778,20.734,131020,3.458,788275,20.689,131085,3.4394,21168128,2221.2,4.000000,21168128,2221.6,4.000000,20.626,786432,3.4366,3.4394,0.0,20.641,786432,0,0,9961472,0,0,18350080,9961472,0,12730368,1.5540e+03,0.290489
